CD_CVM,DENOM_CIA,EBIT,DESPESA_FINANCEIRA,RECEITA,LUCRO_LIQUIDO,DIVIDA_BRUTA,ATIVO_TOTAL,CAIXA,CAIXA_OPERACIONAL,ANO,DESPESA_FINANCEIRA_ABS,DIVIDA_LIQUIDA,DT_REFER,DT_RECEB
25224,2W ECOBANK S.A.,15487000.0,-2838000.0,1483275000.0,11757000.0,5117000.0,424330000.0,11588000.0,172000.0,2019,2838000.0,-6471000.0,2019-12-31,2020-09-30
25224,2W ECOBANK S.A.,97561000.0,-5687000.0,790249000.0,55064000.0,17067000.0,600526000.0,22194000.0,35145000.0,2020,5687000.0,-5127000.0,2020-12-31,2021-03-29
25224,2W ECOBANK S.A. - EM RECUPERAÇÃO JUDICIAL,-94027000.0,-41989000.0,1232587000.0,-102355000.0,1161464000.0,2054568000.0,343439000.0,-37506000.0,2021,41989000.0,818025000.0,2021-12-31,2023-05-02
25224,2W ECOBANK S.A. - EM RECUPERAÇÃO JUDICIAL,176949000.0,-110971000.0,1144806000.0,89218000.0,1482577000.0,2605936000.0,191170000.0,-110678000.0,2022,110971000.0,1291407000.0,2022-12-31,2023-09-18
25224,2W ECOBANK S.A. - EM RECUPERAÇÃO JUDICIAL,38817000.0,-204855000.0,1097488000.0,-222647000.0,2132173000.0,2951570000.0,24020000.0,-176416000.0,2023,204855000.0,2108153000.0,2023-12-31,2024-12-18
25224,2W ECOBANK S.A. - EM RECUPERAÇÃO JUDICIAL,-41464000.0,-423598000.0,535601000.0,-407042000.0,1611623000.0,1820195000.0,8363000.0,52296000.0,2024,423598000.0,1603260000.0,2024-12-31,2025-06-20
25291,3R PETROLEUM ÓLEO E GÁS S.A.,-15281000.0,-19377000.0,32400000.0,-31966000.0,0.0,396444000.0,63573000.0,-6363000.0,2019,19377000.0,-63573000.0,2019-12-31,2020-08-31
21725,ADVANCED DIGITAL HEALTH MEDICINA PREVENTIVA S.A.,-17819000.0,-18326000.0,0.0,-25410000.0,0.0,15883000.0,8763000.0,-11358000.0,2013,18326000.0,-8763000.0,2013-12-31,2014-03-28
21725,ADVANCED DIGITAL HEALTH MEDICINA PREVENTIVA S.A.,-6648000.0,-7146000.0,0.0,-11323000.0,0.0,1845000.0,69000.0,-5909000.0,2014,7146000.0,-69000.0,2014-12-31,2015-05-15
21725,ADVANCED DIGITAL HEALTH MEDICINA PREVENTIVA S.A.,-3286000.0,-10003000.0,0.0,-14799000.0,0.0,6681000.0,53000.0,-26000.0,2015,10003000.0,-53000.0,2015-12-31,2016-04-01
21725,ADVANCED DIGITAL HEALTH MEDICINA PREVENTIVA S.A.,-7530000.0,-2607000.0,0.0,-1817000.0,0.0,2750000.0,21000.0,-32802000.0,2016,2607000.0,-21000.0,2016-12-31,2017-04-06
21725,ADVANCED DIGITAL HEALTH MEDICINA PREVENTIVA S.A.,-4787000.0,-965000.0,18000.0,-5411000.0,0.0,2409000.0,157000.0,-180000.0,2017,965000.0,-157000.0,2017-12-31,2018-03-29
21725,ADVANCED DIGITAL HEALTH MEDICINA PREVENTIVA S.A.,-2719000.0,-3539000.0,5000.0,-4941000.0,0.0,421000.0,0.0,159000.0,2018,3539000.0,0.0,2018-12-31,2019-04-01
23396,AEGEA SANEAMENTO E PARTICIPAÇÕES S.A.,184858000.0,-84585000.0,700755000.0,80572000.0,0.0,2228295000.0,37020000.0,-2794000.0,2013,84585000.0,-37020000.0,2013-12-31,2014-05-23
23396,AEGEA SANEAMENTO E PARTICIPAÇÕES S.A.,238778000.0,-135281000.0,970000000.0,112238000.0,1343463000.0,2685020000.0,8533000.0,122698000.0,2014,135281000.0,1334930000.0,2014-12-31,2015-02-28
23396,AEGEA SANEAMENTO E PARTICIPAÇÕES S.A.,314289000.0,-253816000.0,1103008000.0,115156000.0,1601230000.0,2920043000.0,21093000.0,107778000.0,2015,253816000.0,1580137000.0,2015-12-31,2016-02-11
23396,AEGEA SANEAMENTO E PARTICIPAÇÕES S.A.,354431000.0,-307637000.0,1439832000.0,103129000.0,1773130000.0,3365830000.0,8624000.0,117432000.0,2016,307637000.0,1764506000.0,2016-12-31,2017-02-10
23396,AEGEA SANEAMENTO E PARTICIPAÇÕES S.A.,546123000.0,-373221000.0,1662211000.0,145008000.0,3102144000.0,4770017000.0,20844000.0,132616000.0,2017,373221000.0,3081300000.0,2017-12-31,2018-03-05
23396,AEGEA SANEAMENTO E PARTICIPAÇÕES S.A.,615682000.0,-975676000.0,2264218000.0,176147000.0,4208695000.0,7431314000.0,25823000.0,380413000.0,2018,975676000.0,4182872000.0,2018-12-31,2019-03-31
23396,AEGEA SANEAMENTO E PARTICIPAÇÕES S.A.,948206000.0,-1240648000.0,2868037000.0,294412000.0,5020375000.0,7907270000.0,27972000.0,113923000.0,2019,1240648000.0,4992403000.0,2019-12-31,2020-02-12
23396,AEGEA SANEAMENTO E PARTICIPAÇÕES S.A.,1064854000.0,-1441946000.0,2836535000.0,500940000.0,7612584000.0,10526263000.0,81948000.0,602571000.0,2020,1441946000.0,7530636000.0,2020-12-31,2021-02-19
23396,AEGEA SANEAMENTO E PARTICIPAÇÕES S.A.,1496367000.0,-1750310000.0,3711180000.0,586728000.0,8568680000.0,16100737000.0,105689000.0,470497000.0,2021,1750310000.0,8462991000.0,2021-12-31,2022-02-22
23396,AEGEA SANEAMENTO E PARTICIPAÇÕES S.A.,2028417000.0,-2611907000.0,4634045000.0,416874000.0,9804869000.0,17180732000.0,74054000.0,113773000.0,2022,2611907000.0,9730815000.0,2022-12-31,2023-02-23
23396,AEGEA SANEAMENTO E PARTICIPAÇÕES S.A.,4065875000.0,-3279226000.0,8806540000.0,1596362000.0,17079275000.0,34486194000.0,138954000.0,1164544000.0,2023,3279226000.0,16940321000.0,2023-12-31,2025-09-19
23396,AEGEA SANEAMENTO E PARTICIPAÇÕES S.A.,5807716000.0,-5010993000.0,14212394000.0,2396851000.0,24781303000.0,44331033000.0,182644000.0,2633373000.0,2024,5010993000.0,24598659000.0,2024-12-31,2025-09-19
23396,AEGEA SANEAMENTO E PARTICIPAÇÕES S.A.,6488335000.0,-7401173000.0,18780466000.0,1280100000.0,39475319000.0,55373598000.0,186551000.0,960674000.0,2025,7401173000.0,39288768000.0,2025-12-31,2026-04-13
25283,AERIS IND. E COM. DE EQUIP. PARA GER. DE ENG. S.A.,135394000.0,-91231000.0,834259000.0,88742000.0,376477000.0,802128000.0,65702000.0,121420000.0,2019,91231000.0,310775000.0,2019-12-31,2020-10-16
25283,AERIS IND. E COM. DE EQUIP. PARA GER. DE ENG. S.A.,205456000.0,-235462000.0,2208702000.0,113199000.0,1143002000.0,2370629000.0,684554000.0,-495109000.0,2020,235462000.0,458448000.0,2020-12-31,2021-02-22
25283,AERIS IND. E COM. DE EQUIP. PARA GER. DE ENG. S.A.,207893000.0,-277818000.0,2486150000.0,69193000.0,1458744000.0,3088179000.0,892933000.0,334918000.0,2021,277818000.0,565811000.0,2021-12-31,2022-02-17
25283,AERIS IND. E COM. DE EQUIP. PARA GER. DE ENG. S.A.,213455000.0,-505751000.0,2468884000.0,-92709000.0,1816726000.0,3774957000.0,1061718000.0,-13299000.0,2022,505751000.0,755008000.0,2022-12-31,2023-05-16
25283,AERIS IND. E COM. DE EQUIP. PARA GER. DE ENG. S.A.,264513000.0,-514000000.0,2831915000.0,-106567000.0,1695593000.0,4014481000.0,1063522000.0,-198791000.0,2023,514000000.0,632071000.0,2023-12-31,2024-02-21
25283,AERIS IND. E COM. DE EQUIP. PARA GER. DE ENG. S.A.,-741103000.0,-393635000.0,1516484000.0,-934083000.0,1556817000.0,2367614000.0,345841000.0,-460059000.0,2024,393635000.0,1210976000.0,2024-12-31,2025-03-27
25283,AERIS IND. E COM. DE EQUIP. PARA GER. DE ENG. S.A.,-505254000.0,-409278000.0,746006000.0,-901213000.0,1818188000.0,1613490000.0,28741000.0,-255062000.0,2025,409278000.0,1789447000.0,2025-12-31,2026-03-18
19313,AES ELPA S.A.,245546000.0,-181591000.0,9012207000.0,150571000.0,2747815000.0,11381965000.0,154265000.0,775564000.0,2013,181591000.0,2593550000.0,2013-12-31,2014-03-06
19313,AES ELPA S.A.,-41224000.0,-531898000.0,10557279000.0,-177884000.0,3071892000.0,12231380000.0,182924000.0,21889000.0,2014,531898000.0,2888968000.0,2014-12-31,2015-02-25
19313,AES ELPA S.A.,425661000.0,-785769000.0,13667413000.0,54281000.0,3602542000.0,13872026000.0,146686000.0,-316155000.0,2015,785769000.0,3455856000.0,2015-12-31,2016-02-25
19313,AES ELPA S.A.,-1278000.0,-1713000.0,0.0,225146000.0,0.0,50040000.0,12411000.0,1702442000.0,2016,1713000.0,-12411000.0,2016-12-31,2017-03-07
18970,AES TIETE ENERGIA SA,1624370000.0,-272968000.0,9428650000.0,1063465000.0,3865843000.0,16573460000.0,271996000.0,1755779000.0,2013,272968000.0,3593847000.0,2013-12-31,2014-02-28
18970,AES TIETE ENERGIA SA,604262000.0,-659944000.0,11765343000.0,209826000.0,4695930000.0,17673814000.0,217634000.0,647183000.0,2014,659944000.0,4478296000.0,2014-12-31,2015-02-25
18970,AES TIETE ENERGIA SA,1163518000.0,-192010000.0,2625821000.0,803316000.0,1391658000.0,4636779000.0,558000.0,668729000.0,2015,192010000.0,1391100000.0,2015-12-31,2016-02-24
18970,AES TIETE ENERGIA SA,644376000.0,-231794000.0,1561348000.0,358533000.0,1446570000.0,4099579000.0,72086000.0,630440000.0,2016,231794000.0,1374484000.0,2016-12-31,2017-02-24
18970,AES TIETE ENERGIA SA,630608000.0,-295271000.0,1728125000.0,298277000.0,3589621000.0,6817913000.0,134593000.0,821183000.0,2017,295271000.0,3455028000.0,2017-12-31,2018-02-27
18970,AES TIETE ENERGIA SA,731108000.0,-435196000.0,1923533000.0,287963000.0,4127928000.0,7602605000.0,152816000.0,691659000.0,2018,435196000.0,3975112000.0,2018-12-31,2019-02-26
18970,AES TIETE ENERGIA SA,723070000.0,-439805000.0,2049723000.0,300119000.0,4254945000.0,7798912000.0,31838000.0,864671000.0,2019,439805000.0,4223107000.0,2019-12-31,2020-02-29
18970,AES TIETE ENERGIA SA,1748149000.0,-590754000.0,2011192000.0,848021000.0,5258882000.0,10034488000.0,504874000.0,992740000.0,2020,590754000.0,4754008000.0,2020-12-31,2021-03-11
18350,AES TIETE SA,1362175000.0,-87595000.0,2336933000.0,881359000.0,1116676000.0,4073265000.0,108420000.0,962990000.0,2013,87595000.0,1008256000.0,2013-12-31,2014-02-25
18350,AES TIETE SA,750371000.0,-121618000.0,3205007000.0,449344000.0,1623019000.0,4250450000.0,533000.0,625193000.0,2014,121618000.0,1622486000.0,2014-12-31,2015-02-25
25658,AGROGALAXY PARTICIPAÇÕES S.A.,63665000.0,0.0,1443693000.0,24454000.0,273957000.0,1414201000.0,118918000.0,55111000.0,2019,0.0,155039000.0,2019-12-31,2020-12-31
25658,AGROGALAXY PARTICIPAÇÕES S.A. - EM RECUPERAÇÃO JUDICIAL,96120000.0,0.0,2630908000.0,76211000.0,908268000.0,4260865000.0,301106000.0,102800000.0,2020,0.0,607162000.0,2020-12-31,2021-03-25
25658,AGROGALAXY PARTICIPAÇÕES S.A. - EM RECUPERAÇÃO JUDICIAL,324884000.0,0.0,6580618000.0,119397000.0,1390484000.0,6774910000.0,643563000.0,32616000.0,2021,0.0,746921000.0,2021-12-31,2022-03-28
25658,AGROGALAXY PARTICIPAÇÕES S.A. - EM RECUPERAÇÃO JUDICIAL,527857000.0,0.0,11592510000.0,28947000.0,2059493000.0,9910493000.0,1077875000.0,-144106000.0,2022,0.0,981618000.0,2022-12-31,2023-03-29
25658,AGROGALAXY PARTICIPAÇÕES S.A. - EM RECUPERAÇÃO JUDICIAL,205356000.0,-1293503000.0,9399096000.0,-367292000.0,1640002000.0,7714016000.0,738306000.0,83488000.0,2023,1293503000.0,901696000.0,2023-12-31,2024-03-26
25658,AGROGALAXY PARTICIPAÇÕES S.A. - EM RECUPERAÇÃO JUDICIAL,-1974231000.0,-1268243000.0,4612367000.0,-3020012000.0,1542007000.0,3638761000.0,475482000.0,-217816000.0,2024,1268243000.0,1066525000.0,2024-12-31,2025-04-22
25194,ALARES INTERNET PARTICIPAÇÕES S/A,27423000.0,-45840000.0,469747000.0,-27755000.0,676981000.0,1682647000.0,119432000.0,89391000.0,2021,45840000.0,557549000.0,2021-12-31,2022-03-23
25194,ALARES INTERNET PARTICIPAÇÕES S/A,18450000.0,-145451000.0,502274000.0,-127755000.0,722737000.0,1798040000.0,79432000.0,28781000.0,2022,145451000.0,643305000.0,2022-12-31,2023-03-21
25194,ALARES INTERNET PARTICIPAÇÕES S/A,-11708000.0,-148595000.0,567852000.0,-157366000.0,938962000.0,2135917000.0,163634000.0,95239000.0,2023,148595000.0,775328000.0,2023-12-31,2024-03-26
25194,ALARES INTERNET PARTICIPAÇÕES S/A,94456000.0,-226515000.0,753596000.0,-100516000.0,1071516000.0,2344002000.0,240056000.0,138741000.0,2024,226515000.0,831460000.0,2024-12-31,2025-03-18
25194,ALARES INTERNET PARTICIPAÇÕES S/A,131769000.0,-247909000.0,938903000.0,-111780000.0,1304511000.0,2374142000.0,256358000.0,192712000.0,2025,247909000.0,1048153000.0,2025-12-31,2026-03-18
21032,ALGAR TELECOM S/A,289704000.0,-113501000.0,1901995000.0,137808000.0,1070220000.0,2430334000.0,192172000.0,388777000.0,2013,113501000.0,878048000.0,2013-12-31,2014-02-26
21032,ALGAR TELECOM S/A,305525000.0,-160875000.0,2237844000.0,141846000.0,1244160000.0,2840723000.0,128391000.0,494850000.0,2014,160875000.0,1115769000.0,2014-12-31,2015-03-02
21032,ALGAR TELECOM S/A,353599000.0,-205479000.0,2418391000.0,153634000.0,1359485000.0,3179307000.0,190461000.0,601594000.0,2015,205479000.0,1169024000.0,2015-12-31,2016-03-14
21032,ALGAR TELECOM S/A,392416000.0,-218138000.0,2544890000.0,183578000.0,1411850000.0,3399398000.0,171473000.0,624621000.0,2016,218138000.0,1240377000.0,2016-12-31,2017-02-15
21032,ALGAR TELECOM S/A,452972000.0,-194277000.0,2715512000.0,229592000.0,1540058000.0,3694384000.0,212013000.0,684756000.0,2017,194277000.0,1328045000.0,2017-12-31,2018-02-23
21032,ALGAR TELECOM S/A,603272000.0,-211130000.0,2867298000.0,316037000.0,1849456000.0,4259498000.0,225880000.0,706332000.0,2018,211130000.0,1623576000.0,2018-12-31,2019-03-14
21032,ALGAR TELECOM S/A,558184000.0,-257108000.0,2871117000.0,302716000.0,2603817000.0,4778755000.0,424373000.0,827508000.0,2019,257108000.0,2179444000.0,2019-12-31,2020-03-17
21032,ALGAR TELECOM S/A,515867000.0,-279675000.0,2350771000.0,202376000.0,2952832000.0,5296948000.0,612052000.0,864824000.0,2020,279675000.0,2340780000.0,2020-12-31,2021-03-03
21032,ALGAR TELECOM S/A,520006000.0,-374573000.0,2588407000.0,229505000.0,3331818000.0,6221012000.0,280706000.0,991614000.0,2021,374573000.0,3051112000.0,2021-12-31,2022-02-22
21032,ALGAR TELECOM S/A,465917000.0,-698160000.0,2798904000.0,51443000.0,4265293000.0,7297088000.0,720872000.0,1178677000.0,2022,698160000.0,3544421000.0,2022-12-31,2023-02-23
21032,ALGAR TELECOM S/A,225796000.0,-589494000.0,2746728000.0,-149613000.0,4803025000.0,7394310000.0,1191155000.0,1135603000.0,2023,589494000.0,3611870000.0,2023-12-31,2024-11-14
21032,ALGAR TELECOM S/A,132461000.0,-579125000.0,2821787000.0,-331150000.0,4113663000.0,6297007000.0,502049000.0,1185835000.0,2024,579125000.0,3611614000.0,2024-12-31,2025-03-28
21032,ALGAR TELECOM S/A,266674000.0,-593489000.0,2931979000.0,-197044000.0,4165137000.0,6086063000.0,606822000.0,1295945000.0,2025,593489000.0,3558315000.0,2025-12-31,2026-03-12
21300,ALIANSCE SHOPPING CENTERS S.A.,278114000.0,-204275000.0,448421000.0,73947000.0,1341939000.0,3997694000.0,36623000.0,296970000.0,2013,204275000.0,1305316000.0,2013-12-31,2014-04-03
21300,ALIANSCE SHOPPING CENTERS S.A.,418473000.0,-237714000.0,473895000.0,187282000.0,1375092000.0,4114549000.0,23147000.0,358050000.0,2014,237714000.0,1351945000.0,2014-12-31,2015-03-26
21300,ALIANSCE SHOPPING CENTERS S.A.,443178000.0,-298155000.0,494799000.0,144772000.0,0.0,4115208000.0,15425000.0,306164000.0,2015,298155000.0,-15425000.0,2015-12-31,2016-03-28
21300,ALIANSCE SHOPPING CENTERS S.A.,251392000.0,-288184000.0,487551000.0,-9869000.0,0.0,4896895000.0,21226000.0,234013000.0,2016,288184000.0,-21226000.0,2016-12-31,2017-03-27
21300,ALIANSCE SHOPPING CENTERS S.A.,316792000.0,-265612000.0,507691000.0,103459000.0,0.0,4793893000.0,6545000.0,390669000.0,2017,265612000.0,-6545000.0,2017-12-31,2018-03-12
21300,ALIANSCE SHOPPING CENTERS S.A.,322350000.0,-199891000.0,508431000.0,119445000.0,0.0,4744122000.0,21890000.0,374860000.0,2018,199891000.0,-21890000.0,2018-12-31,2019-02-26
12823,ALIPERTI S.A.,-25528000.0,-8944000.0,24144000.0,-12809000.0,44490000.0,503718000.0,273000.0,12600000.0,2021,8944000.0,44217000.0,2021-12-31,2022-03-30
12823,ALIPERTI S.A.,-39992000.0,-14300000.0,41446000.0,-25231000.0,49460000.0,478638000.0,133000.0,-2320000.0,2022,14300000.0,49327000.0,2022-12-31,2023-03-28
12823,ALIPERTI S.A.,19487000.0,-11214000.0,34511000.0,16178000.0,54650000.0,491535000.0,298000.0,27607000.0,2023,11214000.0,54352000.0,2023-12-31,2024-03-28
12823,ALIPERTI S.A.,41026000.0,-12311000.0,38279000.0,51219000.0,59047000.0,507871000.0,290000.0,33006000.0,2024,12311000.0,58757000.0,2024-12-31,2025-03-21
12823,ALIPERTI S.A.,20178000.0,-12970000.0,45296000.0,16938000.0,64754000.0,504516000.0,90000.0,18921000.0,2025,12970000.0,64664000.0,2025-12-31,2026-03-25
24058,ALLIANÇA SAÚDE E PARTICIPAÇÕES S.A.,108738000.0,0.0,699664000.0,-11429000.0,465444000.0,1536352000.0,21920000.0,98556000.0,2015,0.0,443524000.0,2015-12-31,2016-12-04
24058,ALLIANÇA SAÚDE E PARTICIPAÇÕES S.A.,100612000.0,0.0,951470000.0,28767000.0,505647000.0,2166312000.0,159333000.0,78974000.0,2016,0.0,346314000.0,2016-12-31,2017-03-22
24058,ALLIANÇA SAÚDE E PARTICIPAÇÕES S.A.,70337000.0,0.0,1077876000.0,14640000.0,599252000.0,2284985000.0,91597000.0,134194000.0,2017,0.0,507655000.0,2017-12-31,2018-03-28
24058,ALLIANÇA SAÚDE E PARTICIPAÇÕES S.A.,137286000.0,0.0,1076918000.0,51566000.0,605511000.0,2209426000.0,73165000.0,161189000.0,2018,0.0,532346000.0,2018-12-31,2019-03-19
24058,ALLIANÇA SAÚDE E PARTICIPAÇÕES S.A.,142656000.0,0.0,1072865000.0,50073000.0,614769000.0,2401121000.0,88301000.0,213410000.0,2019,0.0,526468000.0,2019-12-31,2020-03-17
24058,ALLIANÇA SAÚDE E PARTICIPAÇÕES S.A.,-9123000.0,0.0,928787000.0,-92431000.0,793839000.0,2540602000.0,229087000.0,117864000.0,2020,0.0,564752000.0,2020-12-31,2021-03-17
24058,ALLIANÇA SAÚDE E PARTICIPAÇÕES S.A.,88174000.0,0.0,1136572000.0,1988000.0,777986000.0,2542229000.0,127310000.0,149128000.0,2021,0.0,650676000.0,2021-12-31,2022-03-16
24058,ALLIANÇA SAÚDE E PARTICIPAÇÕES S.A.,-32037000.0,0.0,1085009000.0,-219243000.0,1034957000.0,2615454000.0,218744000.0,187303000.0,2022,0.0,816213000.0,2022-12-31,2023-03-23
24058,ALLIANÇA SAÚDE E PARTICIPAÇÕES S.A.,38901000.0,0.0,1179584000.0,-218559000.0,1045282000.0,2669811000.0,218595000.0,102304000.0,2023,0.0,826687000.0,2023-12-31,2025-04-15
24058,ALLIANÇA SAÚDE E PARTICIPAÇÕES S.A.,113009000.0,0.0,1216992000.0,-111202000.0,721713000.0,2889222000.0,114972000.0,-41021000.0,2024,0.0,606741000.0,2024-12-31,2025-04-15
25330,ALLIED TECNOLOGIA S.A.,179613000.0,-80099000.0,3711271000.0,100630000.0,502247000.0,3178916000.0,292268000.0,25702000.0,2019,80099000.0,209979000.0,2019-12-31,2020-09-17
25330,ALLIED TECNOLOGIA S.A.,270385000.0,-89640000.0,4722413000.0,167645000.0,443366000.0,3715984000.0,382314000.0,326763000.0,2020,89640000.0,61052000.0,2020-12-31,2021-03-01
25330,ALLIED TECNOLOGIA S.A.,407510000.0,-123375000.0,5738533000.0,288231000.0,395841000.0,4528962000.0,733966000.0,124219000.0,2021,123375000.0,-338125000.0,2021-12-31,2022-04-27
25330,ALLIED TECNOLOGIA S.A.,207409000.0,-195516000.0,5127781000.0,76146000.0,629580000.0,3688953000.0,141942000.0,2100537000.0,2022,195516000.0,487638000.0,2022-12-31,2023-03-21
25330,ALLIED TECNOLOGIA S.A.,216635000.0,-162415000.0,5854915000.0,122444000.0,543713000.0,3395751000.0,535620000.0,2110635000.0,2023,162415000.0,8093000.0,2023-12-31,2024-03-21
25330,ALLIED TECNOLOGIA S.A.,188839000.0,-139922000.0,5521381000.0,145532000.0,505728000.0,3480239000.0,427961000.0,1299080000.0,2024,139922000.0,77767000.0,2024-12-31,2025-03-26
25330,ALLIED TECNOLOGIA S.A.,503782000.0,-135514000.0,5504620000.0,332712000.0,416452000.0,3369335000.0,375871000.0,2179430000.0,2025,135514000.0,40581000.0,2025-12-31,2026-03-25
20850,ALLIS PARTICIPAÇÕES S.A.,4822000.0,-9754000.0,297889000.0,-8640000.0,33444000.0,168467000.0,27110000.0,-6660000.0,2013,9754000.0,6334000.0,2013-12-31,2014-03-24
20850,ALLIS PARTICIPAÇÕES S.A.,7624000.0,-10144000.0,302197000.0,4155000.0,37097000.0,135006000.0,10822000.0,-16562000.0,2014,10144000.0,26275000.0,2014-12-31,2015-03-20
22357,ALLOS S.A.,547842000.0,-77910000.0,275754000.0,368497000.0,904651000.0,4530037000.0,424431000.0,47551000.0,2013,77910000.0,480220000.0,2013-12-31,2014-03-13
22357,ALLOS S.A.,422352000.0,-103371000.0,318724000.0,274771000.0,913833000.0,4742333000.0,315936000.0,73214000.0,2014,103371000.0,597897000.0,2014-12-31,2015-03-04
22357,ALLOS S.A.,335172000.0,-114156000.0,331180000.0,204039000.0,891347000.0,4900842000.0,265145000.0,162575000.0,2015,114156000.0,626202000.0,2015-12-31,2016-03-03
22357,ALLOS S.A.,386441000.0,-99230000.0,342294000.0,247777000.0,814411000.0,4988081000.0,256046000.0,162708000.0,2016,99230000.0,558365000.0,2016-12-31,2017-03-06
22357,ALLOS S.A.,382385000.0,-90621000.0,354856000.0,252247000.0,974377000.0,5325661000.0,448429000.0,170941000.0,2017,90621000.0,525948000.0,2017-12-31,2018-03-13
22357,ALLOS S.A.,560294000.0,-74007000.0,374112000.0,362844000.0,765180000.0,5505253000.0,280145000.0,187412000.0,2018,74007000.0,485035000.0,2018-12-31,2019-04-08
22357,ALLOS S.A.,254048000.0,-207886000.0,743186000.0,56632000.0,0.0,10906547000.0,32682000.0,468296000.0,2019,207886000.0,-32682000.0,2019-12-31,2020-03-11
22357,ALLOS S.A.,320235000.0,-154062000.0,797585000.0,202473000.0,0.0,10887575000.0,13113000.0,303913000.0,2020,154062000.0,-13113000.0,2020-12-31,2021-03-10
22357,ALLOS S.A.,490058000.0,-216729000.0,937677000.0,318405000.0,0.0,11114713000.0,14862000.0,600245000.0,2021,216729000.0,-14862000.0,2021-12-31,2022-03-29
22357,ALLOS S.A.,469562000.0,-400028000.0,1111321000.0,222144000.0,0.0,12285205000.0,18256000.0,929733000.0,2022,400028000.0,-18256000.0,2022-12-31,2023-03-30
22357,ALLOS S.A.,5412717000.0,-843070000.0,2712274000.0,3493910000.0,0.0,27659095000.0,44317000.0,1441890000.0,2023,843070000.0,-44317000.0,2023-12-31,2024-03-20
22357,ALLOS S.A.,1453104000.0,-1048262000.0,2739848000.0,811978000.0,0.0,27288790000.0,47771000.0,1679910000.0,2024,1048262000.0,-47771000.0,2024-12-31,2025-03-17
22357,ALLOS S.A.,1539360000.0,-1010822000.0,2859106000.0,945293000.0,0.0,26006439000.0,60570000.0,1726228000.0,2025,1010822000.0,-60570000.0,2025-12-31,2026-03-10
24953,"ALLPARK EMPREENDIMENTOS, PARTICIPAÇÕES E SERVIÇOS S.A.",137169000.0,-192010000.0,1080684000.0,-42628000.0,1549162000.0,2419995000.0,120196000.0,,2019,192010000.0,1428966000.0,2019-12-31,2020-02-17
24953,"ALLPARK EMPREENDIMENTOS, PARTICIPAÇÕES E SERVIÇOS S.A.",8191000.0,-205792000.0,649365000.0,-170669000.0,1480196000.0,2697105000.0,42109000.0,,2020,205792000.0,1438087000.0,2020-12-31,2021-04-14
24953,"ALLPARK EMPREENDIMENTOS, PARTICIPAÇÕES E SERVIÇOS S.A.",-32393000.0,-206797000.0,834931000.0,-224170000.0,1365659000.0,2575218000.0,96400000.0,,2021,206797000.0,1269259000.0,2021-12-31,2022-04-04
24953,"ALLPARK EMPREENDIMENTOS, PARTICIPAÇÕES E SERVIÇOS S.A.",75836000.0,-256245000.0,1112959000.0,-157686000.0,1370067000.0,2564006000.0,137413000.0,,2022,256245000.0,1232654000.0,2022-12-31,2023-03-22
24953,"ALLPARK EMPREENDIMENTOS, PARTICIPAÇÕES E SERVIÇOS S.A.",172025000.0,-278070000.0,1356341000.0,-68080000.0,1411972000.0,2515092000.0,189524000.0,,2023,278070000.0,1222448000.0,2023-12-31,2024-03-06
24953,"ALLPARK EMPREENDIMENTOS, PARTICIPAÇÕES E SERVIÇOS S.A.",211005000.0,-254828000.0,1584808000.0,-8719000.0,1462748000.0,2507306000.0,217996000.0,,2024,254828000.0,1244752000.0,2024-12-31,2025-03-18
24953,"ALLPARK EMPREENDIMENTOS, PARTICIPAÇÕES E SERVIÇOS S.A.",260898000.0,-278739000.0,1872588000.0,14096000.0,1452802000.0,2530252000.0,245313000.0,,2025,278739000.0,1207489000.0,2025-12-31,2026-03-04
80225,ALMACENES ÉXITO S.A.,1332487000.0,-531438000.0,24333964000.0,852627000.0,1986156000.0,23689567000.0,3562409000.0,1932100000.0,2021,531438000.0,-1576253000.0,2021-12-31,2022-12-30
80225,ALMACENES ÉXITO S.A.,1159757000.0,-728792000.0,25029760000.0,302546000.0,1578804000.0,19722567000.0,1880435000.0,1094224000.0,2022,728792000.0,-301631000.0,2022-12-31,2023-03-21
80225,ALMACENES ÉXITO S.A.,888895000.0,-807935000.0,24435461000.0,356518000.0,1603773000.0,20695906000.0,1910289000.0,1766621000.0,2023,807935000.0,-306516000.0,2023-12-31,2024-02-27
80225,ALMACENES ÉXITO S.A.,931299000.0,-766565000.0,28934575000.0,313728000.0,3171658000.0,24652780000.0,1889851000.0,364129000.0,2024,766565000.0,1281807000.0,2024-12-31,2025-02-26
26395,ALMEIDA JUNIOR SHOPPING CENTERS S.A.,132572000.0,-120973000.0,155874000.0,1933000.0,1201386000.0,4321553000.0,9308000.0,45779000.0,2020,120973000.0,1192078000.0,2020-12-31,2021-06-29
26395,ALMEIDA JUNIOR SHOPPING CENTERS S.A.,200691000.0,-128521000.0,187862000.0,43692000.0,1234948000.0,4389414000.0,16238000.0,32414000.0,2021,128521000.0,1218710000.0,2021-12-31,2022-02-23
26395,ALMEIDA JUNIOR SHOPPING CENTERS S.A.,400798000.0,-169567000.0,232842000.0,153966000.0,1237726000.0,4611246000.0,5053000.0,41764000.0,2022,169567000.0,1232673000.0,2022-12-31,2023-02-23
26395,ALMEIDA JUNIOR SHOPPING CENTERS S.A.,310505000.0,-172604000.0,266628000.0,148939000.0,1116070000.0,4494994000.0,2124000.0,59135000.0,2023,172604000.0,1113946000.0,2023-12-31,2024-02-28
26395,ALMEIDA JUNIOR SHOPPING CENTERS S.A.,413584000.0,-162481000.0,277830000.0,177463000.0,1203893000.0,4757767000.0,125608000.0,55641000.0,2024,162481000.0,1078285000.0,2024-12-31,2025-03-28
26395,ALMEIDA JUNIOR SHOPPING CENTERS S.A.,643869000.0,-187067000.0,304738000.0,307272000.0,1233590000.0,5163887000.0,110757000.0,92302000.0,2025,187067000.0,1122833000.0,2025-12-31,2026-03-31
10456,ALPARGATAS S.A.,325399000.0,-150338000.0,3425959000.0,309763000.0,556834000.0,3361984000.0,134682000.0,322195000.0,2013,150338000.0,422152000.0,2013-12-31,2014-08-08
10456,ALPARGATAS S.A.,325019000.0,-167012000.0,3711162000.0,286528000.0,514003000.0,3646566000.0,316610000.0,247293000.0,2014,167012000.0,197393000.0,2014-12-31,2015-03-11
10456,ALPARGATAS S.A.,368805000.0,-223389000.0,4126254000.0,263248000.0,672692000.0,3763470000.0,394926000.0,407319000.0,2015,223389000.0,277766000.0,2015-12-31,2016-03-04
10456,ALPARGATAS S.A.,472343000.0,-196727000.0,4054404000.0,358473000.0,592674000.0,3782052000.0,391347000.0,340971000.0,2016,196727000.0,201327000.0,2016-12-31,2017-03-22
10456,ALPARGATAS S.A.,379417000.0,-129951000.0,3721863000.0,350562000.0,733643000.0,3853454000.0,629238000.0,303003000.0,2017,129951000.0,104405000.0,2017-12-31,2018-02-09
10456,ALPARGATAS S.A.,458076000.0,-209302000.0,3904509000.0,324041000.0,612934000.0,3980105000.0,518782000.0,192410000.0,2018,209302000.0,94152000.0,2018-12-31,2019-02-15
10456,ALPARGATAS S.A.,429050000.0,-94223000.0,3712184000.0,259335000.0,278750000.0,4522040000.0,566263000.0,531450000.0,2019,94223000.0,-287513000.0,2019-12-31,2020-02-07
10456,ALPARGATAS S.A.,274285000.0,-234395000.0,3364278000.0,126886000.0,243863000.0,4814586000.0,693003000.0,312780000.0,2020,234395000.0,-449140000.0,2020-12-31,2021-02-12
10456,ALPARGATAS S.A.,619210000.0,-51116000.0,3948561000.0,692563000.0,110504000.0,8031764000.0,583176000.0,787284000.0,2021,51116000.0,-472672000.0,2021-12-31,2022-02-23
10456,ALPARGATAS S.A.,201104000.0,-369215000.0,4181866000.0,108531000.0,1275251000.0,8499680000.0,647517000.0,-638181000.0,2022,369215000.0,627734000.0,2022-12-31,2023-03-02
10456,ALPARGATAS S.A.,-1988986000.0,-196019000.0,3734146000.0,-1867484000.0,1485605000.0,6327389000.0,922525000.0,371568000.0,2023,196019000.0,563080000.0,2023-12-31,2024-02-28
10456,ALPARGATAS S.A.,51236000.0,-128306000.0,4108311000.0,107397000.0,1423524000.0,6839725000.0,1488511000.0,845031000.0,2024,128306000.0,-64987000.0,2024-12-31,2025-03-11
10456,ALPARGATAS S.A.,594748000.0,-167538000.0,4564874000.0,567926000.0,1235533000.0,6096758000.0,555595000.0,612229000.0,2025,167538000.0,679938000.0,2025-12-31,2026-03-05
22217,ALPER CONSULTORIA E CORRETORA DE SEGUROS S.A.,98881000.0,-2084000.0,257848000.0,108605000.0,78000.0,849952000.0,21949000.0,82821000.0,2013,2084000.0,-21871000.0,2013-12-31,2014-03-28
22217,ALPER CONSULTORIA E CORRETORA DE SEGUROS S.A.,-3162000.0,-1106000.0,226392000.0,16128000.0,52000.0,725208000.0,23559000.0,50217000.0,2014,1106000.0,-23507000.0,2014-12-31,2015-03-30
22217,ALPER CONSULTORIA E CORRETORA DE SEGUROS S.A.,-143974000.0,-1153000.0,190763000.0,-104396000.0,1000.0,486130000.0,10043000.0,5427000.0,2015,1153000.0,-10042000.0,2015-12-31,2016-03-30
22217,ALPER CONSULTORIA E CORRETORA DE SEGUROS S.A.,-101742000.0,-649000.0,132121000.0,-93506000.0,0.0,386003000.0,23534000.0,230000.0,2016,649000.0,-23534000.0,2016-12-31,2017-03-27
22217,ALPER CONSULTORIA E CORRETORA DE SEGUROS S.A.,-79205000.0,-945000.0,93734000.0,-83276000.0,0.0,300009000.0,8916000.0,-11670000.0,2017,945000.0,-8916000.0,2017-12-31,2018-03-22
22217,ALPER CONSULTORIA E CORRETORA DE SEGUROS S.A.,-166787000.0,-344000.0,87584000.0,-164089000.0,0.0,137607000.0,5317000.0,-409000.0,2018,344000.0,-5317000.0,2018-12-31,2019-03-26
22217,ALPER CONSULTORIA E CORRETORA DE SEGUROS S.A.,-262000.0,-907000.0,91129000.0,2501000.0,0.0,261125000.0,4330000.0,5162000.0,2019,907000.0,-4330000.0,2019-12-31,2020-03-28
22217,ALPER CONSULTORIA E CORRETORA DE SEGUROS S.A.,-3336000.0,-1585000.0,104060000.0,-881000.0,0.0,300478000.0,3639000.0,10179000.0,2020,1585000.0,-3639000.0,2020-12-31,2021-03-25
22217,ALPER CONSULTORIA E CORRETORA DE SEGUROS S.A.,7442000.0,-7392000.0,147134000.0,4384000.0,0.0,531374000.0,9228000.0,13276000.0,2021,7392000.0,-9228000.0,2021-12-31,2022-03-16
22217,ALPER CONSULTORIA E CORRETORA DE SEGUROS S.A.,18751000.0,-4003000.0,243399000.0,26445000.0,0.0,770463000.0,5997000.0,21540000.0,2022,4003000.0,-5997000.0,2022-12-31,2023-03-29
22217,ALPER CONSULTORIA E CORRETORA DE SEGUROS S.A.,27392000.0,-11333000.0,319205000.0,-6942000.0,50372000.0,822029000.0,6418000.0,40133000.0,2023,11333000.0,43954000.0,2023-12-31,2024-03-25
22217,ALPER CONSULTORIA E CORRETORA DE SEGUROS S.A.,85150000.0,-55364000.0,510843000.0,15294000.0,394607000.0,1411146000.0,13944000.0,75996000.0,2025,55364000.0,380663000.0,2025-12-31,2026-04-01
25275,ALPHAVILLE S.A.,-426491000.0,-402493000.0,164200000.0,-823237000.0,997544000.0,2226035000.0,23087000.0,-93389000.0,2019,402493000.0,974457000.0,2019-12-31,2020-10-30
25275,ALPHAVILLE S.A.,-302170000.0,-128763000.0,180202000.0,-419765000.0,978693000.0,2295251000.0,21227000.0,-63417000.0,2020,128763000.0,957466000.0,2020-12-31,2021-03-29
25275,ALPHAVILLE S.A.,-256288000.0,-149790000.0,227901000.0,-381698000.0,934491000.0,1862404000.0,11137000.0,-54247000.0,2021,149790000.0,923354000.0,2021-12-31,2022-04-22
25275,ALPHAVILLE S.A.,-183555000.0,-232028000.0,265134000.0,-410715000.0,1024677000.0,1746464000.0,7767000.0,178714000.0,2022,232028000.0,1016910000.0,2022-12-31,2023-03-31
25275,ALPHAVILLE S.A.,-209961000.0,-368571000.0,474418000.0,-580969000.0,1197119000.0,1279172000.0,3390000.0,30774000.0,2023,368571000.0,1193729000.0,2023-12-31,2024-04-16
25275,ALPHAVILLE S.A.,145124000.0,-59342000.0,678829000.0,85202000.0,622929000.0,1364835000.0,220103000.0,-41756000.0,2024,59342000.0,402826000.0,2024-12-31,2025-03-31
25275,ALPHAVILLE S.A.,132428000.0,-247286000.0,584948000.0,-105497000.0,751647000.0,1333663000.0,163813000.0,-43593000.0,2025,247286000.0,587834000.0,2025-12-31,2026-03-31
27430,ALUBAR METAIS E CABOS S.A.,373116.0,-338906.0,3597184.0,134339.0,1320037.0,2135702.0,32423.0,,2022,338906.0,1287614.0,2022-12-31,2023-10-26
27430,ALUBAR METAIS E CABOS S.A.,371960000.0,-454618000.0,3373380000.0,125573000.0,1630346000.0,2526454000.0,159445000.0,-81748000.0,2023,454618000.0,1470901000.0,2023-12-31,2024-03-28
27430,ALUBAR METAIS E CABOS S.A.,326615000.0,-373692000.0,3885196000.0,88685000.0,1206182000.0,1759137000.0,106586000.0,198823000.0,2024,373692000.0,1099596000.0,2024-12-31,2025-03-22
27430,ALUBAR METAIS E CABOS S.A.,369588000.0,-257564000.0,2516449000.0,171109000.0,694630000.0,1920551000.0,408082000.0,340832000.0,2025,257564000.0,286548000.0,2025-12-31,2026-03-30
21490,ALUPAR INVESTIMENTO S/A,965660000.0,-249303000.0,1290831000.0,654968000.0,3283080000.0,8360155000.0,520054000.0,700445000.0,2013,249303000.0,2763026000.0,2013-12-31,2014-03-27
21490,ALUPAR INVESTIMENTO S/A,1050329000.0,-314180000.0,1474108000.0,751658000.0,3977037000.0,8928171000.0,337692000.0,762458000.0,2014,314180000.0,3639345000.0,2014-12-31,2015-03-05
21490,ALUPAR INVESTIMENTO S/A,1077219000.0,-513552000.0,1493559000.0,571192000.0,4628360000.0,10011663000.0,591857000.0,1263031000.0,2015,513552000.0,4036503000.0,2015-12-31,2016-03-10
21490,ALUPAR INVESTIMENTO S/A,1241448000.0,-513233000.0,1553811000.0,689725000.0,4567651000.0,10230001000.0,613734000.0,1135442000.0,2016,513233000.0,3953917000.0,2016-12-31,2017-03-20
21490,ALUPAR INVESTIMENTO S/A,1070722000.0,-423736000.0,1538191000.0,705725000.0,4763171000.0,11463372000.0,1580070000.0,1105317000.0,2017,423736000.0,3183101000.0,2017-12-31,2018-03-08
21490,ALUPAR INVESTIMENTO S/A,1193069000.0,-364475000.0,1882909000.0,750790000.0,6403270000.0,14606580000.0,2975423000.0,681258000.0,2018,364475000.0,3427847000.0,2018-12-31,2019-05-15
21490,ALUPAR INVESTIMENTO S/A,2444773000.0,-349635000.0,4592099000.0,1641397000.0,8548118000.0,19369732000.0,1025204000.0,-108212000.0,2019,349635000.0,7522914000.0,2019-12-31,2020-03-11
21490,ALUPAR INVESTIMENTO S/A,3318554000.0,-513053000.0,6140745000.0,2055505000.0,9011148000.0,22576510000.0,674609000.0,-604806000.0,2020,513053000.0,8336539000.0,2020-12-31,2021-03-23
21490,ALUPAR INVESTIMENTO S/A,3780012000.0,-1023368000.0,5234208000.0,2122816000.0,10096169000.0,25719932000.0,377119000.0,1055179000.0,2021,1023368000.0,9719050000.0,2021-12-31,2022-02-24
21490,ALUPAR INVESTIMENTO S/A,2865955000.0,-1220026000.0,3833708000.0,1663873000.0,11680900000.0,27933759000.0,850481000.0,2313705000.0,2022,1220026000.0,10830419000.0,2022-12-31,2023-03-02
21490,ALUPAR INVESTIMENTO S/A,2357695000.0,-1159383000.0,3311381000.0,1150986000.0,11820516000.0,28436081000.0,823209000.0,2376712000.0,2023,1159383000.0,10997307000.0,2023-12-31,2024-03-05
21490,ALUPAR INVESTIMENTO S/A,2892636000.0,-1269807000.0,4002104000.0,1859906000.0,12729626000.0,30689036000.0,807229000.0,2275251000.0,2024,1269807000.0,11922397000.0,2024-12-31,2025-02-26
21490,ALUPAR INVESTIMENTO S/A,3114519000.0,-1330243000.0,4397883000.0,1733193000.0,12611435000.0,32114316000.0,685881000.0,2018073000.0,2025,1330243000.0,11925554000.0,2025-12-31,2026-03-05
26930,AMAZONE FUN PARKS S.A.,-446129.0,-1622.0,0.0,-447751.0,3728454.0,3479860.0,38782.0,,2021,1622.0,3689672.0,2021-12-31,2022-08-26
26930,AMAZONE FUN PARKS S.A.,-2017072.0,-62685.0,0.0,-2071000.0,11649458.0,11799569.0,57717.0,,2022,62685.0,11591741.0,2022-12-31,2023-05-03
23264,AMBEV S.A.,15375110000.0,-2495918000.0,34791391000.0,11354070000.0,2894055000.0,68674019000.0,11285833000.0,15245896000.0,2013,2495918000.0,-8391778000.0,2013-12-31,2014-03-24
23264,AMBEV S.A.,15843981000.0,-2648627000.0,38079786000.0,12362019000.0,2622623000.0,72143203000.0,9722067000.0,15895673000.0,2014,2648627000.0,-7099444000.0,2014-12-31,2015-02-26
23264,AMBEV S.A.,18781592000.0,-3562429000.0,46720141000.0,12879141000.0,3599476000.0,90176234000.0,13620161000.0,23580946000.0,2015,3562429000.0,-10020685000.0,2015-12-31,2016-02-25
23264,AMBEV S.A.,17100375000.0,-4597952000.0,45602561000.0,13083397000.0,5396310000.0,83841418000.0,7876849000.0,12344513000.0,2016,4597952000.0,-2480539000.0,2016-12-31,2018-07-05
23264,AMBEV S.A.,16423698000.0,-4268294000.0,47899276000.0,7850504000.0,2553050000.0,86851989000.0,10354527000.0,17874062000.0,2017,4268294000.0,-7801477000.0,2017-12-31,2018-07-05
23264,AMBEV S.A.,16990457000.0,-4562251000.0,50231336000.0,11377427000.0,2422768000.0,94126138000.0,11463498000.0,17911195000.0,2018,4562251000.0,-9040730000.0,2018-12-31,2019-02-28
23264,AMBEV S.A.,16052572000.0,-4748433000.0,52599709000.0,12188332000.0,3062804000.0,101742944000.0,11900666000.0,18381259000.0,2019,4748433000.0,-8837862000.0,2019-12-31,2020-02-27
23264,AMBEV S.A.,15928890000.0,-5430468000.0,58378995000.0,11731909000.0,4792228000.0,125196579000.0,17090335000.0,18855780000.0,2020,5430468000.0,-12298107000.0,2020-12-31,2021-02-25
23264,AMBEV S.A.,16964525000.0,-5427755000.0,72854344000.0,13122582000.0,3100524000.0,138602483000.0,16627698000.0,22900951000.0,2021,5427755000.0,-13527174000.0,2021-12-31,2022-02-24
23264,AMBEV S.A.,17658840000.0,-7892181000.0,79708827000.0,14891291000.0,3770706000.0,137958083000.0,14926435000.0,20642153000.0,2022,7892181000.0,-11155729000.0,2022-12-31,2023-03-02
23264,AMBEV S.A.,18645692000.0,-6280052000.0,79736856000.0,14960459000.0,3501066000.0,132644133000.0,16059003000.0,24711429000.0,2023,6280052000.0,-12557937000.0,2023-12-31,2024-02-29
23264,AMBEV S.A.,21805576000.0,-4923587000.0,89452669000.0,14846952000.0,3452728000.0,162507949000.0,28595666000.0,26099035000.0,2024,4923587000.0,-25142938000.0,2024-12-31,2025-02-26
23264,AMBEV S.A.,23423386000.0,-6218344000.0,88242467000.0,15988433000.0,3386924000.0,145087151000.0,18638228000.0,24450283000.0,2025,6218344000.0,-15251304000.0,2025-12-31,2026-02-12
24961,AMBIPAR PARTICIPAÇÕES E EMPREENDIMENTOS S.A.,84637000.0,-42201000.0,484385000.0,35468000.0,320682000.0,622622000.0,77639000.0,72999000.0,2019,42201000.0,243043000.0,2019-12-31,2020-02-20
24961,AMBIPAR PARTICIPAÇÕES E EMPREENDIMENTOS S.A.,129126000.0,-69217000.0,701612000.0,49523000.0,207136000.0,1644161000.0,591608000.0,9523000.0,2020,69217000.0,-384472000.0,2020-12-31,2021-04-08
24961,AMBIPAR PARTICIPAÇÕES E EMPREENDIMENTOS S.A.,328742000.0,-144351000.0,1916332000.0,168871000.0,2667652000.0,4861369000.0,793241000.0,164601000.0,2021,144351000.0,1874411000.0,2021-12-31,2022-03-14
24961,AMBIPAR PARTICIPAÇÕES E EMPREENDIMENTOS S.A.,711880000.0,-665439000.0,3789791000.0,108745000.0,7101401000.0,9882911000.0,2853123000.0,380548000.0,2022,665439000.0,4248278000.0,2022-12-31,2023-03-28
24961,AMBIPAR PARTICIPAÇÕES E EMPREENDIMENTOS S.A.,902456000.0,-1079641000.0,4872707000.0,56649000.0,7135752000.0,11642697000.0,2739836000.0,274967000.0,2023,1079641000.0,4395916000.0,2023-12-31,2024-07-12
24961,AMBIPAR PARTICIPAÇÕES E EMPREENDIMENTOS S.A.,1172315000.0,-2016299000.0,6413676000.0,-172178000.0,8818830000.0,14655272000.0,2293127000.0,1132253000.0,2024,2016299000.0,6525703000.0,2024-12-31,2026-02-04
20990,AMERICANAS S.A. - EM RECUPERAÇÃO JUDICIAL,272970000.0,-751437000.0,6088500000.0,-159562000.0,3580646000.0,6613476000.0,89501000.0,278485000.0,2013,751437000.0,3491145000.0,2013-12-31,2014-03-19
20990,AMERICANAS S.A. - EM RECUPERAÇÃO JUDICIAL,366639000.0,-934083000.0,7963835000.0,-163313000.0,1909567000.0,7634965000.0,195349000.0,-731749000.0,2014,934083000.0,1714218000.0,2014-12-31,2015-03-18
20990,AMERICANAS S.A. - EM RECUPERAÇÃO JUDICIAL,412131000.0,-1204129000.0,9013779000.0,-418437000.0,4201195000.0,9948401000.0,329424000.0,-257180000.0,2015,1204129000.0,3871771000.0,2015-12-31,2016-03-15
20990,AMERICANAS S.A. - EM RECUPERAÇÃO JUDICIAL,361079000.0,-1565366000.0,8601311000.0,-485901000.0,4266179000.0,10241349000.0,224248000.0,-785848000.0,2016,1565366000.0,4041931000.0,2016-12-31,2017-02-20
20990,AMERICANAS S.A. - EM RECUPERAÇÃO JUDICIAL,247851000.0,-1369502000.0,7120777000.0,-411750000.0,6242029000.0,12623127000.0,1469500000.0,-442410000.0,2017,1369502000.0,4772529000.0,2017-12-31,2018-03-07
20990,AMERICANAS S.A. - EM RECUPERAÇÃO JUDICIAL,-22838000.0,-1014388000.0,6488473000.0,-397914000.0,6848242000.0,13031194000.0,3119948000.0,431164000.0,2018,1014388000.0,3728294000.0,2018-12-31,2019-03-20
20990,AMERICANAS S.A. - EM RECUPERAÇÃO JUDICIAL,103655000.0,-1100779000.0,6767982000.0,-318238000.0,6433340000.0,16056570000.0,3535807000.0,157938000.0,2019,1100779000.0,2897533000.0,2019-12-31,2020-02-21
20990,AMERICANAS S.A. - EM RECUPERAÇÃO JUDICIAL,180573000.0,-778819000.0,10124347000.0,-210758000.0,7762039000.0,22606775000.0,6634287000.0,-61768000.0,2020,778819000.0,1127752000.0,2020-12-31,2021-03-04
20990,AMERICANAS S.A. - EM RECUPERAÇÃO JUDICIAL,756168000.0,-1396086000.0,22695861000.0,543795000.0,12340751000.0,44518812000.0,2706888000.0,-825649000.0,2021,1396086000.0,9633863000.0,2021-12-31,2022-02-24
20990,AMERICANAS S.A. - EM RECUPERAÇÃO JUDICIAL,-7810327000.0,-6025869000.0,25808906000.0,-12911538000.0,22749524000.0,31292260000.0,2477168000.0,-6207579000.0,2022,6025869000.0,20272356000.0,2022-12-31,2023-11-16
20990,AMERICANAS S.A. - EM RECUPERAÇÃO JUDICIAL,-4178000000.0,-4240000000.0,14942000000.0,-2272000000.0,23523000000.0,27115000000.0,1758000000.0,-245000000.0,2023,4240000000.0,21765000000.0,2023-12-31,2024-08-14
20990,AMERICANAS S.A. - EM RECUPERAÇÃO JUDICIAL,650000000.0,-4378000000.0,14349000000.0,8281000000.0,1782000000.0,17465000000.0,1129000000.0,-3547000000.0,2024,4378000000.0,653000000.0,2024-12-31,2025-03-26
20990,AMERICANAS S.A. - EM RECUPERAÇÃO JUDICIAL,331000000.0,-1127000000.0,12305000000.0,-271000000.0,1995000000.0,16249000000.0,879000000.0,561000000.0,2025,1127000000.0,1116000000.0,2025-12-31,2026-03-25
26476,AMMO VAREJO S.A.,-30010000.0,-26073000.0,378787000.0,-52106000.0,0.0,258898000.0,1950000.0,-4126000.0,2021,26073000.0,-1950000.0,2021-12-31,2022-03-30
26476,AMMO VAREJO S.A.,-40077000.0,-55275000.0,380609000.0,-86631000.0,186045000.0,495423000.0,57435000.0,-56290000.0,2022,55275000.0,128610000.0,2022-12-31,2023-04-12
26476,AMMO VAREJO S.A.,-71165000.0,-102005000.0,333703000.0,-156426000.0,232070000.0,471522000.0,1413000.0,46583000.0,2023,102005000.0,230657000.0,2023-12-31,2025-01-24
26476,AMMO VAREJO S.A.,-91685000.0,-107585000.0,202515000.0,-76212000.0,193974000.0,413724000.0,3180000.0,-4372000.0,2024,107585000.0,190794000.0,2024-12-31,2025-11-28
19437,ANDRADE GUTIERREZ CONCESSOES S.A.,653092000.0,-141134000.0,41865000.0,555669000.0,1535371000.0,4377143000.0,601351000.0,690787000.0,2013,141134000.0,934020000.0,2013-12-31,2014-03-27
19437,ANDRADE GUTIERREZ CONCESSOES S.A.,669442000.0,-139786000.0,84591000.0,580856000.0,1122925000.0,4154105000.0,465036000.0,804439000.0,2014,139786000.0,657889000.0,2014-12-31,2015-03-31
19437,ANDRADE GUTIERREZ CONCESSOES S.A.,511857000.0,-396303000.0,89797000.0,174742000.0,828619000.0,3760054000.0,326399000.0,342865000.0,2015,396303000.0,502220000.0,2015-12-31,2016-03-31
19437,ANDRADE GUTIERREZ CONCESSOES S.A.,137908000.0,-88429000.0,97012000.0,86884000.0,360925000.0,2556848000.0,294294000.0,377613000.0,2016,88429000.0,66631000.0,2016-12-31,2017-04-14
19437,ANDRADE GUTIERREZ CONCESSOES S.A.,364141000.0,-202152000.0,103164000.0,160665000.0,217624000.0,1620440000.0,26165000.0,208551000.0,2017,202152000.0,191459000.0,2017-12-31,2018-03-29
19062,ANDRADE GUTIERREZ PARTICIPACOES S.A.,643188000.0,-265626000.0,41865000.0,444515000.0,2764186000.0,5240984000.0,605408000.0,640354000.0,2013,265626000.0,2158778000.0,2013-12-31,2014-03-28
19062,ANDRADE GUTIERREZ PARTICIPACOES S.A.,378793000.0,-279583000.0,84591000.0,223337000.0,2441229000.0,5473319000.0,935256000.0,745027000.0,2014,279583000.0,1505973000.0,2014-12-31,2015-03-31
19062,ANDRADE GUTIERREZ PARTICIPACOES S.A.,495161000.0,-618985000.0,89797000.0,40604000.0,2016721000.0,4976251000.0,632185000.0,181810000.0,2015,618985000.0,1384536000.0,2015-12-31,2016-05-20
19062,ANDRADE GUTIERREZ PARTICIPACOES S.A.,9203000.0,-287931000.0,97012000.0,-169048000.0,1274462000.0,3378698000.0,303079000.0,195544000.0,2016,287931000.0,971383000.0,2016-12-31,2017-04-24
19062,ANDRADE GUTIERREZ PARTICIPACOES S.A.,89664000.0,-447700000.0,103164000.0,-314587000.0,2224369000.0,2557132000.0,344041000.0,46903000.0,2017,447700000.0,1880328000.0,2017-12-31,2018-04-26
19062,ANDRADE GUTIERREZ PARTICIPACOES S.A.,13711000.0,-208161000.0,127894000.0,-178867000.0,2149386000.0,1913120000.0,51119000.0,-41163000.0,2018,208161000.0,2098267000.0,2018-12-31,2019-04-11
26832,ANEMUS WIND HOLDING S.A.,-5818000.0,-4268000.0,0.0,-8873000.0,443402000.0,714502000.0,21822000.0,,2021,4268000.0,421580000.0,2021-12-31,2022-04-01
26832,ANEMUS WIND HOLDING S.A.,1023000.0,-32642000.0,8740000.0,-20912000.0,499802000.0,835921000.0,3278000.0,,2022,32642000.0,496524000.0,2022-12-31,2023-05-02
26832,ANEMUS WIND HOLDING S.A.,70595000.0,-27356000.0,107242000.0,28377000.0,548619000.0,1055077000.0,11304000.0,,2023,27356000.0,537315000.0,2023-12-31,2024-07-31
26832,ANEMUS WIND HOLDING S.A.,38342000.0,-190828000.0,157508000.0,-156796000.0,689267000.0,1122286000.0,4581000.0,,2024,190828000.0,684686000.0,2024-12-31,2025-05-02
18961,ANHANGUERA EDUCACIONAL PARTICIPAÇÕES S.A.,203107000.0,-131838000.0,1812782000.0,125420000.0,795665000.0,3580217000.0,243423000.0,238098000.0,2013,131838000.0,552242000.0,2013-12-31,2014-03-17
23248,ANIMA HOLDING S.A.,39901000.0,-28246000.0,461292000.0,34020000.0,149734000.0,867023000.0,12202000.0,65992000.0,2013,28246000.0,137532000.0,2013-12-31,2014-03-20
23248,ANIMA HOLDING S.A.,121562000.0,-29205000.0,693506000.0,159094000.0,129018000.0,944084000.0,15867000.0,87513000.0,2014,29205000.0,113151000.0,2014-12-31,2015-02-26
23248,ANIMA HOLDING S.A.,69671000.0,-66365000.0,856620000.0,64203000.0,354455000.0,1175777000.0,25480000.0,-35768000.0,2015,66365000.0,328975000.0,2015-12-31,2016-03-08
23248,ANIMA HOLDING S.A.,56089000.0,-137324000.0,960434000.0,20845000.0,377632000.0,1387852000.0,39568000.0,122084000.0,2016,137324000.0,338064000.0,2016-12-31,2017-03-14
23248,ANIMA HOLDING S.A.,86173000.0,-76020000.0,1045674000.0,85152000.0,275818000.0,1338152000.0,33918000.0,157251000.0,2017,76020000.0,241900000.0,2017-12-31,2018-03-21
23248,ANIMA HOLDING S.A.,38656000.0,-75494000.0,1102457000.0,2251000.0,396797000.0,1446470000.0,99507000.0,165747000.0,2018,75494000.0,297290000.0,2018-12-31,2019-03-21
23248,ANIMA HOLDING S.A.,119970000.0,-153417000.0,1181499000.0,-9593000.0,1245699000.0,2400023000.0,31552000.0,160138000.0,2019,153417000.0,1214147000.0,2019-12-31,2020-03-11
23248,ANIMA HOLDING S.A.,118179000.0,-200109000.0,1421989000.0,-40651000.0,1317356000.0,4582439000.0,73183000.0,124528000.0,2020,200109000.0,1244173000.0,2020-12-31,2021-03-17
23248,ANIMA HOLDING S.A.,281144000.0,-489655000.0,2650805000.0,-81328000.0,5057926000.0,9882678000.0,169248000.0,377174000.0,2021,489655000.0,4888678000.0,2021-12-31,2022-03-28
23248,ANIMA HOLDING S.A.,378101000.0,-959017000.0,3563231000.0,11454000.0,5616859000.0,10731997000.0,422431000.0,227953000.0,2022,959017000.0,5194428000.0,2022-12-31,2023-03-27
23248,ANIMA HOLDING S.A.,524902000.0,-911305000.0,3732940000.0,-213172000.0,5101068000.0,9655477000.0,139411000.0,500770000.0,2023,911305000.0,4961657000.0,2023-12-31,2024-03-25
23248,ANIMA HOLDING S.A.,820099000.0,-804028000.0,3801379000.0,204444000.0,5309792000.0,9688873000.0,99601000.0,608360000.0,2024,804028000.0,5210191000.0,2024-12-31,2025-03-20
23248,ANIMA HOLDING S.A.,1002017000.0,-1001636000.0,4023697000.0,256665000.0,5696451000.0,10173712000.0,220007000.0,631870000.0,2025,1001636000.0,5476444000.0,2025-12-31,2026-03-12
25887,ARANDU INVESTIMENTOS S.A.,-48671000.0,-224000.0,57028000.0,-15843000.0,1321000.0,298030000.0,180833000.0,-10423000.0,2022,224000.0,-179512000.0,2022-12-31,2023-03-29
25887,ARANDU INVESTIMENTOS S.A.,-27540000.0,-361000.0,61699000.0,3687000.0,1042000.0,297689000.0,24285000.0,9499000.0,2023,361000.0,-23243000.0,2023-12-31,2024-03-29
25887,ARANDU INVESTIMENTOS S.A.,-37091000.0,-344000.0,60084000.0,33665000.0,631000.0,1115380000.0,2216000.0,21900000.0,2024,344000.0,-1585000.0,2024-12-31,2026-01-09
25887,ARANDU INVESTIMENTOS S.A.,-439443000.0,-21902000.0,70943000.0,-459708000.0,192000.0,171659000.0,1434000.0,38349000.0,2025,21902000.0,-1242000.0,2025-12-31,2026-05-29
18651,ARAUCÁRIA PARTICIPAÇÕES SA,-27630000.0,-66999000.0,109191000.0,-65338000.0,382894000.0,1227296000.0,197000.0,-109057000.0,2013,66999000.0,382697000.0,2013-12-31,2014-03-17
24120,ARGO ENERGIA EMPREENDIMENTOS E PARTICIPAÇÕES S/A,-4752000.0,-9758000.0,202705000.0,-8657000.0,0.0,437517000.0,2229000.0,-204844000.0,2017,9758000.0,-2229000.0,2017-12-31,2018-03-19
24120,ARGO ENERGIA EMPREENDIMENTOS E PARTICIPAÇÕES S/A,189514000.0,-85874000.0,1704275000.0,79015000.0,1678046000.0,2702103000.0,4304000.0,-1397317000.0,2018,85874000.0,1673742000.0,2018-12-31,2019-03-29
24120,ARGO ENERGIA EMPREENDIMENTOS E PARTICIPAÇÕES S/A,801487000.0,-232650000.0,1764723000.0,459013000.0,2523855000.0,4718104000.0,716000.0,-928201000.0,2019,232650000.0,2523139000.0,2019-12-31,2020-03-13
24120,ARGO ENERGIA EMPREENDIMENTOS E PARTICIPAÇÕES S/A,1304241000.0,-265231000.0,1732217000.0,641144000.0,2906968000.0,6208142000.0,1065000.0,-15794000.0,2020,265231000.0,2905903000.0,2020-12-31,2021-03-30
24120,ARGO ENERGIA EMPREENDIMENTOS E PARTICIPAÇÕES S/A,897815000.0,-378090000.0,1012595000.0,352432000.0,3185182000.0,7007555000.0,20457000.0,95662000.0,2021,378090000.0,3164725000.0,2021-12-31,2022-02-04
24120,ARGO ENERGIA EMPREENDIMENTOS E PARTICIPAÇÕES S/A,1085648000.0,-441755000.0,1177668000.0,575175000.0,3746415000.0,10682881000.0,25813000.0,683427000.0,2022,441755000.0,3720602000.0,2022-12-31,2023-01-31
24120,ARGO ENERGIA EMPREENDIMENTOS E PARTICIPAÇÕES S/A,1074959000.0,-404612000.0,998391000.0,548846000.0,3611036000.0,11078373000.0,28214000.0,723823000.0,2023,404612000.0,3582822000.0,2023-12-31,2024-01-31
24120,ARGO ENERGIA EMPREENDIMENTOS E PARTICIPAÇÕES S/A,985342000.0,-365849000.0,1084954000.0,522963000.0,3305556000.0,11084598000.0,31861000.0,681445000.0,2024,365849000.0,3273695000.0,2024-12-31,2025-01-31
24120,ARGO ENERGIA EMPREENDIMENTOS E PARTICIPAÇÕES S/A,978367000.0,-423301000.0,1079334000.0,462111000.0,4951184000.0,11342419000.0,139254000.0,725616000.0,2025,423301000.0,4811930000.0,2025-12-31,2026-04-24
26069,"ARMAC LOCAÇÃO, LOGÍSTICA E SERVIÇOS S.A.",129441000.0,-67544000.0,389754000.0,58064000.0,1911007000.0,3281487000.0,,-592586000.0,2021,67544000.0,,2021-12-31,2022-03-24
26069,"ARMAC LOCAÇÃO, LOGÍSTICA E SERVIÇOS S.A.",320313000.0,-279296000.0,951754000.0,148592000.0,2139823000.0,3730975000.0,938358000.0,-693606000.0,2022,279296000.0,1201465000.0,2022-12-31,2023-09-21
26069,"ARMAC LOCAÇÃO, LOGÍSTICA E SERVIÇOS S.A.",523053000.0,-414726000.0,1765969000.0,175639000.0,2479039000.0,4637353000.0,210912000.0,38135000.0,2024,414726000.0,2268127000.0,2024-12-31,2025-03-24
26069,"ARMAC LOCAÇÃO, LOGÍSTICA E SERVIÇOS S.A.",422487000.0,-481313000.0,1887757000.0,73771000.0,2975018000.0,5340815000.0,239639000.0,450644000.0,2025,481313000.0,2735379000.0,2025-12-31,2026-03-31
19771,ARTERIS S.A.,947023000.0,-338828000.0,3377473000.0,466340000.0,4124728000.0,7369011000.0,929911000.0,984270000.0,2013,338828000.0,3194817000.0,2013-12-31,2014-02-26
19771,ARTERIS S.A.,1012531000.0,-449749000.0,4018133000.0,456860000.0,6052505000.0,9599828000.0,1410451000.0,983804000.0,2014,449749000.0,4642054000.0,2014-12-31,2015-02-26
19771,ARTERIS S.A.,733680000.0,-659858000.0,3827963000.0,149342000.0,6386403000.0,10081570000.0,488529000.0,598035000.0,2015,659858000.0,5897874000.0,2015-12-31,2016-03-29
19771,ARTERIS S.A.,936147000.0,-722286000.0,4052399000.0,259570000.0,5043637000.0,11387053000.0,384111000.0,868991000.0,2016,722286000.0,4659526000.0,2016-12-31,2017-03-16
19771,ARTERIS S.A.,772095000.0,-451356000.0,4406011000.0,246946000.0,6090874000.0,14312293000.0,698941000.0,1100115000.0,2017,451356000.0,5391933000.0,2017-12-31,2018-02-23
19771,ARTERIS S.A.,267547000.0,-597218000.0,3855913000.0,-189141000.0,7188164000.0,15169456000.0,1038259000.0,1007759000.0,2018,597218000.0,6149905000.0,2018-12-31,2019-03-01
19771,ARTERIS S.A.,556753000.0,-638543000.0,3863499000.0,-36939000.0,7514196000.0,15288641000.0,370856000.0,920297000.0,2019,638543000.0,7143340000.0,2019-12-31,2020-02-21
19771,ARTERIS S.A.,423085000.0,-600930000.0,3625619000.0,-48189000.0,8265784000.0,16170479000.0,784074000.0,1284848000.0,2020,600930000.0,7481710000.0,2020-12-31,2021-04-08
19771,ARTERIS S.A.,625378000.0,-836133000.0,4288589000.0,-158567000.0,10008948000.0,18125705000.0,1304901000.0,1270662000.0,2021,836133000.0,8704047000.0,2021-12-31,2022-02-24
19771,ARTERIS S.A.,-423514000.0,-1116883000.0,4838895000.0,-1620478000.0,11336149000.0,18027525000.0,1032106000.0,1164272000.0,2022,1116883000.0,10304043000.0,2022-12-31,2023-02-23
19771,ARTERIS S.A.,446061000.0,-1144659000.0,5992749000.0,-442173000.0,12326537000.0,18956873000.0,1246350000.0,1452254000.0,2023,1144659000.0,11080187000.0,2023-12-31,2024-05-16
19771,ARTERIS S.A.,797857000.0,-1530518000.0,6627303000.0,-841393000.0,14483653000.0,20909099000.0,2018567000.0,1150755000.0,2024,1530518000.0,12465086000.0,2024-12-31,2025-02-27
19771,ARTERIS S.A.,1839424000.0,-2010669000.0,5744941000.0,215752000.0,14225533000.0,20677716000.0,627558000.0,1435217000.0,2025,2010669000.0,13597975000.0,2025-12-31,2026-03-23
26514,ASA BRANCA HOLDING S.A.,36414000.0,-49958000.0,131171000.0,-15727000.0,313336000.0,565929000.0,71003000.0,41833000.0,2021,49958000.0,242333000.0,2021-12-31,2022-03-28
26514,ASA BRANCA HOLDING S.A.,56521000.0,-49708000.0,110838000.0,10543000.0,320982000.0,633907000.0,119143000.0,83310000.0,2022,49708000.0,201839000.0,2022-12-31,2023-03-21
26514,ASA BRANCA HOLDING S.A.,21056000.0,-45184000.0,113065000.0,-14911000.0,302189000.0,566394000.0,111478000.0,102932000.0,2023,45184000.0,190711000.0,2023-12-31,2024-03-11
26514,ASA BRANCA HOLDING S.A.,1385000.0,-42339000.0,99048000.0,-38290000.0,283063000.0,512658000.0,66772000.0,11685000.0,2024,42339000.0,216291000.0,2024-12-31,2025-03-18
26514,ASA BRANCA HOLDING S.A.,11047000.0,-38290000.0,106268000.0,-20296000.0,269485000.0,558139000.0,135170000.0,104078000.0,2025,38290000.0,134315000.0,2025-12-31,2026-03-27
27545,ASSURUÁ 4 E 5 HOLDING ENERGIA S.A.,126124000.0,-169413000.0,550981000.0,-43464000.0,2107822000.0,3174534000.0,145238000.0,,2024,169413000.0,1962584000.0,2024-12-31,2025-03-18
27545,ASSURUÁ 4 E 5 HOLDING ENERGIA S.A.,236532000.0,-198516000.0,648205000.0,23216000.0,2027515000.0,3060448000.0,115630000.0,,2025,198516000.0,1911885000.0,2025-12-31,2026-03-20
24171,ATACADÃO S.A.,2655000000.0,-1941000000.0,47534000000.0,1363000000.0,4039000000.0,28328000000.0,3242000000.0,2957000000.0,2016,1941000000.0,797000000.0,2016-12-31,2017-07-20
24171,ATACADÃO S.A.,3104000000.0,-1082000000.0,50280000000.0,1713000000.0,2477000000.0,33878000000.0,4804000000.0,2887000000.0,2017,1082000000.0,-2327000000.0,2017-12-31,2018-02-27
24171,ATACADÃO S.A.,3117000000.0,-540000000.0,54267000000.0,1863000000.0,1913000000.0,36677000000.0,4647000000.0,3100000000.0,2018,540000000.0,-2734000000.0,2018-12-31,2019-02-26
24171,ATACADÃO S.A.,2781000000.0,-683000000.0,60064000000.0,1328000000.0,4484000000.0,44912000000.0,5322000000.0,2665000000.0,2019,683000000.0,-838000000.0,2019-12-31,2020-02-20
24171,ATACADÃO S.A.,4504000000.0,-1527000000.0,71191000000.0,2844000000.0,5778000000.0,51824000000.0,5672000000.0,4033000000.0,2020,1527000000.0,106000000.0,2020-12-31,2021-02-17
24171,ATACADÃO S.A.,5117000000.0,-1933000000.0,77751000000.0,3366000000.0,9030000000.0,58924000000.0,6945000000.0,4444000000.0,2021,1933000000.0,2085000000.0,2021-12-31,2022-02-16
24171,ATACADÃO S.A.,4933000000.0,-4322000000.0,102890000000.0,1998000000.0,19071000000.0,92295000000.0,10835000000.0,6973000000.0,2022,4322000000.0,8236000000.0,2022-12-31,2023-02-13
24171,ATACADÃO S.A.,2841000000.0,-4501000000.0,109859000000.0,-639000000.0,21129000000.0,92766000000.0,12029000000.0,4729000000.0,2023,4501000000.0,9100000000.0,2023-12-31,2024-02-19
24171,ATACADÃO S.A.,4271000000.0,-4702000000.0,115636000000.0,1940000000.0,24965000000.0,100188000000.0,15207000000.0,4706000000.0,2024,4702000000.0,9758000000.0,2024-12-31,2025-02-18
25810,ATHENA SAÚDE BRASIL SA,68646000.0,-39674000.0,1359357000.0,14451000.0,152106000.0,2887004000.0,529124000.0,62270000.0,2020,39674000.0,-377018000.0,2020-12-31,2021-04-20
25810,ATHENA SAÚDE BRASIL SA,-19599000.0,-117312000.0,2360792000.0,-61787000.0,1193054000.0,4299333000.0,725380000.0,22359000.0,2021,117312000.0,467674000.0,2021-12-31,2022-03-22
25810,ATHENA SAÚDE BRASIL SA,-876000.0,-58347000.0,700506000.0,-32471000.0,1183454000.0,4247241000.0,628261000.0,-44475000.0,2022,58347000.0,555193000.0,2022-03-31,2022-05-17
19100,ATMA PARTICIPAÇÕES S.A. - EM RECUPERAÇÃO JUDICIAL,196366000.0,-162419000.0,3617962000.0,103620000.0,1206523000.0,2638616000.0,383710000.0,359112000.0,2013,162419000.0,822813000.0,2013-12-31,2014-02-24
19100,ATMA PARTICIPAÇÕES S.A. - EM RECUPERAÇÃO JUDICIAL,239281000.0,-158325000.0,3452231000.0,96646000.0,1413430000.0,2653754000.0,371626000.0,223262000.0,2014,158325000.0,1041804000.0,2014-12-31,2015-03-06
19100,ATMA PARTICIPAÇÕES S.A. - EM RECUPERAÇÃO JUDICIAL,-99414000.0,-280474000.0,3209384000.0,-226778000.0,1572330000.0,2621368000.0,369517000.0,207954000.0,2015,280474000.0,1202813000.0,2015-12-31,2016-03-24
19100,ATMA PARTICIPAÇÕES S.A. - EM RECUPERAÇÃO JUDICIAL,-140572000.0,-260881000.0,2042605000.0,-73935000.0,1432947000.0,2142656000.0,323923000.0,-414817000.0,2016,260881000.0,1109024000.0,2016-12-31,2017-03-17
19100,ATMA PARTICIPAÇÕES S.A. - EM RECUPERAÇÃO JUDICIAL,-232208000.0,-275236000.0,1700799000.0,-386383000.0,1219148000.0,1640041000.0,206516000.0,26881000.0,2017,275236000.0,1012632000.0,2017-12-31,2018-03-22
19100,ATMA PARTICIPAÇÕES S.A. - EM RECUPERAÇÃO JUDICIAL,-53821000.0,-123251000.0,1360433000.0,-223435000.0,149746000.0,1358333000.0,95457000.0,-60632000.0,2018,123251000.0,54289000.0,2018-12-31,2019-03-12
19100,ATMA PARTICIPAÇÕES S.A. - EM RECUPERAÇÃO JUDICIAL,-257080000.0,-147783000.0,862771000.0,-422415000.0,446719000.0,1294998000.0,57876000.0,16291000.0,2019,147783000.0,388843000.0,2019-12-31,2020-03-19
19100,ATMA PARTICIPAÇÕES S.A. - EM RECUPERAÇÃO JUDICIAL,-147803000.0,-88998000.0,944773000.0,-214692000.0,314835000.0,1782151000.0,53903000.0,50422000.0,2020,88998000.0,260932000.0,2020-12-31,2021-03-09
27677,ATOM EDUCAÇÃO E EDITORA S.A.,1259000.0,-624000.0,34365000.0,459000.0,1295000.0,27599000.0,4384000.0,-774000.0,2024,624000.0,-3089000.0,2024-12-31,2025-02-10
27677,ATOM EDUCAÇÃO E EDITORA S.A.,-2969000.0,-523000.0,26465000.0,-3939000.0,1354000.0,22812000.0,3132000.0,-237000.0,2025,523000.0,-1778000.0,2025-12-31,2026-02-13
15423,ATOM EMPREENDIMENTOS E PARTICIPAÇÕES S.A.,-1098000.0,-6194000.0,0.0,4065000.0,0.0,5236000.0,4991000.0,4883000.0,2017,6194000.0,-4991000.0,2017-12-31,2019-09-16
15423,ATOM EMPREENDIMENTOS E PARTICIPAÇÕES S.A.,5876000.0,-6617000.0,7974000.0,7079000.0,0.0,11238000.0,6419000.0,2040000.0,2018,6617000.0,-6419000.0,2018-12-31,2020-05-22
15423,ATOM EMPREENDIMENTOS E PARTICIPAÇÕES S.A.,2456000.0,-818000.0,9454000.0,2113000.0,0.0,14624000.0,11170000.0,4811000.0,2019,818000.0,-11170000.0,2019-12-31,2020-05-22
26590,AURA ALMAS MINERAÇÃO S.A.,-4252000.0,-98000.0,0.0,-4350000.0,0.0,217176000.0,779000.0,,2020,98000.0,-779000.0,2020-12-31,2021-10-25
26590,AURA ALMAS MINERAÇÃO S.A.,-3457000.0,21475000.0,0.0,13102000.0,411470000.0,680671000.0,398620000.0,,2021,21475000.0,12850000.0,2021-12-31,2022-03-29
26590,AURA ALMAS MINERAÇÃO S.A.,-14442000.0,0.0,0.0,14557000.0,428765000.0,737575000.0,121790000.0,,2022,0.0,306975000.0,2022-12-31,2023-03-02
26590,AURA ALMAS MINERAÇÃO S.A.,14871000.0,-9022000.0,167995000.0,44782000.0,415355000.0,891979000.0,26101000.0,,2023,9022000.0,389254000.0,2023-12-31,2024-03-18
26590,AURA ALMAS MINERAÇÃO S.A.,353374000.0,-84973000.0,708431000.0,138595000.0,1134280000.0,1891876000.0,743232000.0,,2024,84973000.0,391048000.0,2024-12-31,2025-03-14
26590,AURA ALMAS MINERAÇÃO S.A.,673089000.0,-186696000.0,1088657000.0,318019000.0,1140444000.0,1850025000.0,236262000.0,,2025,186696000.0,904182000.0,2025-12-31,2026-03-30
80187,AURA MINERALS INC.,128126000.0,0.0,898308000.0,208422000.0,346270000.0,2825594000.0,156673000.0,,2019,0.0,189597000.0,2019-12-31,2020-05-11
80187,AURA MINERALS INC.,128126000.0,0.0,898308000.0,208422000.0,346270000.0,2825594000.0,156673000.0,,2019,0.0,189597000.0,2019-01-01,2020-02-28
80187,AURA MINERALS INC.,460670000.0,-48358000.0,1570045000.0,384991000.0,365981000.0,2786417000.0,612057000.0,,2020,48358000.0,-246076000.0,2020-12-31,2021-03-01
80187,AURA MINERALS INC.,627642000.0,-88976000.0,2400998000.0,240378000.0,881894000.0,3306341000.0,901195000.0,,2021,88976000.0,-19301000.0,2021-12-31,2022-02-24
80187,AURA MINERALS INC.,455549000.0,-35866000.0,2029142000.0,343776000.0,1116807000.0,3794880000.0,667351000.0,504462000.0,2022,35866000.0,449456000.0,2022-12-31,2023-02-27
80187,AURA MINERALS INC.,435657000.0,-245144000.0,2080537000.0,161880000.0,1615004000.0,4472509000.0,1148816000.0,620186000.0,2023,245144000.0,466188000.0,2023-12-31,2024-02-28
80187,AURA MINERALS INC.,1123166000.0,-808723000.0,3221711000.0,-148967000.0,2743833000.0,6689306000.0,1673091000.0,1214182000.0,2024,808723000.0,1070742000.0,2024-12-31,2025-02-26
80187,AURA MINERALS INC.,2538375000.0,-2323870000.0,5112417000.0,-459284000.0,2262411000.0,8853341000.0,1573995000.0,1692124000.0,2025,2323870000.0,688416000.0,2025-12-31,2026-02-26
26620,AUREN ENERGIA S.A.,1359901000.0,-862126000.0,2624114000.0,311646000.0,4716372000.0,19562553000.0,1595818000.0,1016884000.0,2021,862126000.0,3120554000.0,2021-12-31,2022-03-28
26620,AUREN ENERGIA S.A.,1391065000.0,-1176637000.0,5515706000.0,2678614000.0,5874521000.0,32282893000.0,3125959000.0,416769000.0,2022,1176637000.0,2748562000.0,2022-12-31,2023-02-16
26620,AUREN ENERGIA S.A.,1073914000.0,-1183496000.0,6181890000.0,-317689000.0,6418563000.0,28994557000.0,3238394000.0,4661845000.0,2023,1183496000.0,3180169000.0,2023-12-31,2024-02-09
26620,AUREN ENERGIA S.A.,1291665000.0,-1476179000.0,8059951000.0,271869000.0,27215299000.0,52754117000.0,7200549000.0,600534000.0,2024,1476179000.0,20014750000.0,2024-12-31,2025-02-24
26620,AUREN ENERGIA S.A.,2316124000.0,-3541662000.0,13176952000.0,-557875000.0,24685323000.0,48727388000.0,3826127000.0,1394795000.0,2025,3541662000.0,20859196000.0,2025-12-31,2026-03-03
26174,AUREN OPERAÇÕES S.A.,427209000.0,-539658000.0,2511746000.0,516512000.0,5566405000.0,11768649000.0,1651053000.0,-108241000.0,2021,539658000.0,3915352000.0,2021-12-31,2022-03-04
26174,AUREN OPERAÇÕES S.A.,682113000.0,-655184000.0,2781576000.0,297662000.0,6000664000.0,11386380000.0,36114000.0,-399028000.0,2022,655184000.0,5964550000.0,2022-12-31,2023-02-28
26174,AUREN OPERAÇÕES S.A.,926333000.0,-758718000.0,3018802000.0,334090000.0,5521294000.0,10984130000.0,227692000.0,1438227000.0,2023,758718000.0,5293602000.0,2023-12-31,2024-03-01
26174,AUREN OPERAÇÕES S.A.,482254000.0,-654894000.0,3438492000.0,28155000.0,5826703000.0,11078243000.0,1178754000.0,835002000.0,2024,654894000.0,4647949000.0,2024-12-31,2025-02-24
26174,AUREN OPERAÇÕES S.A.,612908000.0,-715570000.0,3575301000.0,99953000.0,4078036000.0,10426998000.0,810873000.0,1012478000.0,2025,715570000.0,3267163000.0,2025-12-31,2026-03-03
25640,AUREN PARTICIPAÇÕES S.A.,185216000.0,-427726000.0,1955011000.0,424564000.0,6216521000.0,11846050000.0,657043000.0,,2021,427726000.0,5559478000.0,2021-12-31,2022-03-08
25640,AUREN PARTICIPAÇÕES S.A.,697851000.0,-700878000.0,2845057000.0,320147000.0,10895030000.0,18932446000.0,195872000.0,,2022,700878000.0,10699158000.0,2022-12-31,2023-02-28
25640,AUREN PARTICIPAÇÕES S.A.,1040560000.0,-1117787000.0,3431516000.0,333287000.0,11458127000.0,19479920000.0,281683000.0,3438323000.0,2023,1117787000.0,11176444000.0,2023-12-31,2024-02-26
25640,AUREN PARTICIPAÇÕES S.A.,709403000.0,-1318069000.0,3877643000.0,-319071000.0,11224228000.0,20007402000.0,1909716000.0,890363000.0,2024,1318069000.0,9314512000.0,2024-12-31,2025-02-24
25640,AUREN PARTICIPAÇÕES S.A.,932686000.0,-1682825000.0,4095677000.0,-368880000.0,12159430000.0,20015997000.0,1738932000.0,1237675000.0,2025,1682825000.0,10420498000.0,2025-12-31,2026-03-03
26328,AUSTRAVIAS S.A.,23737000.0,-91808000.0,275486000.0,-45519000.0,964986000.0,1568877000.0,117252000.0,56978000.0,2022,91808000.0,847734000.0,2022-12-31,2023-03-31
26328,AUSTRAVIAS S.A.,70186000.0,-103557000.0,309288000.0,-7076000.0,1170149000.0,1790945000.0,136299000.0,104270000.0,2023,103557000.0,1033850000.0,2023-12-31,2024-03-29
26328,AUSTRAVIAS S.A.,111397000.0,-166543000.0,430678000.0,-15732000.0,1558646000.0,1819016000.0,191835000.0,102880000.0,2024,166543000.0,1366811000.0,2024-12-31,2025-03-28
26328,AUSTRAVIAS S.A.,132873000.0,-237422000.0,517193000.0,-84830000.0,894021000.0,1867382000.0,222904000.0,23162000.0,2025,237422000.0,671117000.0,2025-12-31,2026-03-30
22381,AUTOMETAL S.A.,262840000.0,-119532000.0,2553136000.0,151000000.0,1438931000.0,4534074000.0,752953000.0,271327000.0,2013,119532000.0,685978000.0,2013-12-31,2014-06-23
27707,AUTOMOB PARTICIPAÇÕES S.A.,54924000.0,-138514000.0,2536766000.0,89403000.0,837638000.0,3893965000.0,24251000.0,,2023,138514000.0,813387000.0,2023-12-31,2024-09-24
27707,AUTOMOB PARTICIPAÇÕES S.A.,189833000.0,-492505000.0,12240032000.0,-105482000.0,3353343000.0,8909802000.0,78741000.0,543840000.0,2024,492505000.0,3274602000.0,2024-12-31,2025-03-25
27707,AUTOMOB PARTICIPAÇÕES S.A.,211661000.0,-665342000.0,12815400000.0,-285575000.0,2940283000.0,8428130000.0,264820000.0,1089712000.0,2025,665342000.0,2675463000.0,2025-12-31,2026-03-24
27413,AUTOMOB S.A.,143286000.0,-110505000.0,3189039000.0,94271000.0,995135000.0,3079419000.0,75142000.0,-31068000.0,2022,110505000.0,919993000.0,2022-12-31,2023-10-27
27413,AUTOMOB S.A.,245509000.0,-226239000.0,6970812000.0,46022000.0,1444884000.0,3736700000.0,90902000.0,8921000.0,2023,226239000.0,1353982000.0,2023-12-31,2024-03-28
3328,AXIA ENERGIA NORDESTE S.A.,5843566000.0,-3136369000.0,8043530000.0,2914646000.0,8542985000.0,71338795000.0,6348797000.0,,2024,3136369000.0,2194188000.0,2024-12-31,2025-03-24
3328,AXIA ENERGIA NORDESTE S.A.,2005713000.0,-3281891000.0,8839001000.0,169170000.0,8745795000.0,69735209000.0,3512992000.0,4504296000.0,2025,3281891000.0,5232803000.0,2025-12-31,2026-03-06
27472,AXIA ENERGIA NORTE S.A.,3957124000.0,0.0,11196129000.0,644547000.0,8634288000.0,58807048000.0,1167433000.0,4921932000.0,2023,0.0,7466855000.0,2023-12-31,2024-04-04
27472,AXIA ENERGIA NORTE S.A.,5677508000.0,-3772884000.0,13291895000.0,2084000000.0,8588264000.0,60291585000.0,1378652000.0,4281992000.0,2024,3772884000.0,7209612000.0,2024-12-31,2025-03-24
27472,AXIA ENERGIA NORTE S.A.,3477513000.0,-3382493000.0,11258680000.0,1334502000.0,12097652000.0,62708614000.0,4696970000.0,4863342000.0,2025,3382493000.0,7400682000.0,2025-12-31,2026-03-12
2437,AXIA ENERGIA S.A.,7720805000.0,-10452838000.0,34074233000.0,3638382000.0,59859690000.0,270217462000.0,13837527000.0,9275733000.0,2022,10452838000.0,46022163000.0,2022-12-31,2023-03-13
2437,AXIA ENERGIA S.A.,13730498000.0,-16309763000.0,37158908000.0,4394861000.0,60997037000.0,267057654000.0,13494059000.0,8242958000.0,2023,16309763000.0,47502978000.0,2023-12-31,2024-05-14
2437,AXIA ENERGIA S.A.,22248904000.0,-15615170000.0,40181552000.0,10380753000.0,75803157000.0,289871330000.0,27081256000.0,12385583000.0,2024,15615170000.0,48721901000.0,2024-12-31,2025-03-16
2437,AXIA ENERGIA S.A.,3946582000.0,-19468093000.0,41281596000.0,6559659000.0,74295765000.0,279685593000.0,16417860000.0,14509829000.0,2025,19468093000.0,57877905000.0,2025-12-31,2026-02-26
27480,AXIA ENERGIA SUL S.A.,-717074000.0,-248497000.0,3248512000.0,-647360000.0,3407309000.0,14817131000.0,11470000.0,365039000.0,2023,248497000.0,3395839000.0,2023-12-31,2024-04-04
27480,AXIA ENERGIA SUL S.A.,1874879000.0,-776977000.0,2899764000.0,639275000.0,5067784000.0,16927459000.0,805325000.0,874634000.0,2024,776977000.0,4262459000.0,2024-12-31,2025-03-21
27480,AXIA ENERGIA SUL S.A.,1630972000.0,-831617000.0,3181404000.0,1163251000.0,3719210000.0,16222253000.0,677666000.0,747695000.0,2025,831617000.0,3041544000.0,2025-12-31,2026-03-06
27626,AZEVEDO & TRAVASSOS ENERGIA S.A.,-57172000.0,-392000.0,2198000.0,-38651000.0,4021000.0,192262000.0,32000.0,28382000.0,2024,392000.0,3989000.0,2024-12-31,2025-03-31
27626,AZEVEDO & TRAVASSOS ENERGIA S.A.,-7986000.0,-3290000.0,2873000.0,-9854000.0,2182000.0,268373000.0,12000.0,-37807000.0,2025,3290000.0,2170000.0,2025-12-31,2026-03-31
11975,AZEVEDO E TRAVASSOS S.A.,9889000.0,-5418000.0,287589000.0,7680000.0,14205000.0,152651000.0,10963000.0,4991000.0,2013,5418000.0,3242000.0,2013-12-31,2014-03-28
11975,AZEVEDO E TRAVASSOS S.A.,15310000.0,-6230000.0,332742000.0,7076000.0,17989000.0,156298000.0,23412000.0,15197000.0,2014,6230000.0,-5423000.0,2014-12-31,2015-03-30
11975,AZEVEDO E TRAVASSOS S.A.,9744000.0,-8651000.0,288380000.0,1245000.0,15370000.0,166971000.0,9853000.0,-4622000.0,2015,8651000.0,5517000.0,2015-12-31,2016-03-28
11975,AZEVEDO E TRAVASSOS S.A.,-47035000.0,-14811000.0,122302000.0,-39779000.0,32712000.0,159365000.0,3187000.0,-20674000.0,2016,14811000.0,29525000.0,2016-12-31,2017-03-31
11975,AZEVEDO E TRAVASSOS S.A.,-74963000.0,-17223000.0,63770000.0,-84264000.0,35148000.0,133417000.0,356000.0,-5028000.0,2017,17223000.0,34792000.0,2017-12-31,2018-03-29
11975,AZEVEDO E TRAVASSOS S.A.,-19967000.0,-16756000.0,25536000.0,-36869000.0,22696000.0,63722000.0,4583000.0,10120000.0,2020,16756000.0,18113000.0,2020-12-31,2021-05-03
11975,AZEVEDO E TRAVASSOS S.A.,223605000.0,-3824000.0,76863000.0,190136000.0,19007000.0,419107000.0,19339000.0,-7722000.0,2021,3824000.0,-332000.0,2021-12-31,2022-04-04
11975,AZEVEDO E TRAVASSOS S.A.,-127545000.0,-26284000.0,384469000.0,-79972000.0,67301000.0,546838000.0,11671000.0,-92535000.0,2022,26284000.0,55630000.0,2022-12-31,2023-04-04
11975,AZEVEDO E TRAVASSOS S.A.,-90183000.0,-40490000.0,429819000.0,-50805000.0,39103000.0,724477000.0,2090000.0,-89501000.0,2023,40490000.0,37013000.0,2023-12-31,2024-04-23
11975,AZEVEDO E TRAVASSOS S.A.,-264236000.0,-85424000.0,151818000.0,-266491000.0,109446000.0,688233000.0,3151000.0,-102365000.0,2024,85424000.0,106295000.0,2024-12-31,2025-03-31
11975,AZEVEDO E TRAVASSOS S.A.,-386034000.0,-152246000.0,349427000.0,-618309000.0,240224000.0,1174330000.0,30070000.0,-9003000.0,2025,152246000.0,210154000.0,2025-12-31,2026-03-31
24112,AZUL S.A.,344286000.0,-731200000.0,6669891000.0,-126314000.0,4034495000.0,8400409000.0,549164000.0,30352000.0,2016,731200000.0,3485331000.0,2016-12-31,2017-04-11
24112,AZUL S.A.,865021000.0,-614204000.0,7789497000.0,529039000.0,3489887000.0,10316616000.0,762319000.0,295500000.0,2017,614204000.0,2727568000.0,2017-12-31,2018-03-09
24112,AZUL S.A.,525448000.0,-604913000.0,9153357000.0,420277000.0,3706022000.0,11793206000.0,1169136000.0,443057000.0,2018,604913000.0,2536886000.0,2018-12-31,2019-03-15
24112,AZUL S.A.,-1195400000.0,-1738388000.0,11442317000.0,-2403086000.0,3518156000.0,19197490000.0,1647880000.0,2594637000.0,2019,1738388000.0,1870276000.0,2019-12-31,2020-03-12
24112,AZUL S.A.,-1399081000.0,-9738431000.0,5744126000.0,-10834709000.0,7360514000.0,15794457000.0,3064815000.0,976230000.0,2020,9738431000.0,4295699000.0,2020-12-31,2021-03-04
24112,AZUL S.A.,54795000.0,-3838243000.0,9975729000.0,-4213208000.0,24909306000.0,18533473000.0,3073799000.0,-310616000.0,2021,3838243000.0,21835507000.0,2021-12-31,2022-02-24
24112,AZUL S.A.,1429555000.0,-3387216000.0,15948067000.0,-722367000.0,23219251000.0,18721293000.0,668348000.0,2437315000.0,2022,3387216000.0,22550903000.0,2022-12-31,2023-03-06
24112,AZUL S.A.,1661094000.0,-3983707000.0,18554425000.0,-2380456000.0,24871130000.0,20532909000.0,1897336000.0,3439691000.0,2023,3983707000.0,22973794000.0,2023-12-31,2024-04-12
24112,AZUL S.A.,3390632000.0,-13137593000.0,19526208000.0,-9151371000.0,36484585000.0,26274943000.0,1210009000.0,2787024000.0,2024,13137593000.0,35274576000.0,2024-12-31,2025-02-24
24112,AZUL S.A.,4321470000.0,-6087204000.0,21640393000.0,124858000.0,35859663000.0,23637914000.0,991644000.0,-1232522000.0,2025,6087204000.0,34868019000.0,2025-12-31,2026-03-31
22349,AZZAS 2154 S.A.,148490000.0,-16611000.0,962950000.0,110555000.0,98418000.0,703866000.0,13786000.0,71734000.0,2013,16611000.0,84632000.0,2013-12-31,2014-03-19
22349,AZZAS 2154 S.A.,148070000.0,-14976000.0,1052909000.0,112752000.0,99410000.0,796509000.0,10831000.0,109965000.0,2014,14976000.0,88579000.0,2014-12-31,2015-03-03
22349,AZZAS 2154 S.A.,141288000.0,-16153000.0,1120557000.0,119663000.0,123153000.0,853948000.0,8822000.0,91247000.0,2015,16153000.0,114331000.0,2015-12-31,2016-03-02
22349,AZZAS 2154 S.A.,151326000.0,-22428000.0,1239110000.0,116149000.0,106049000.0,907148000.0,5020000.0,101709000.0,2016,22428000.0,101029000.0,2016-12-31,2017-03-08
22349,AZZAS 2154 S.A.,173633000.0,-24547000.0,1360474000.0,154470000.0,181745000.0,1049899000.0,10156000.0,173887000.0,2017,24547000.0,171589000.0,2017-12-31,2018-03-07
22349,AZZAS 2154 S.A.,191279000.0,-61320000.0,1526659000.0,142644000.0,111418000.0,1045032000.0,8501000.0,117836000.0,2018,61320000.0,102917000.0,2018-12-31,2019-02-20
22349,AZZAS 2154 S.A.,223102000.0,-42896000.0,1679235000.0,162139000.0,180784000.0,1413249000.0,13808000.0,204882000.0,2019,42896000.0,166976000.0,2019-12-31,2020-05-08
22349,AZZAS 2154 S.A.,92109000.0,-103082000.0,1590992000.0,48584000.0,634269000.0,2832545000.0,38297000.0,220316000.0,2020,103082000.0,595972000.0,2020-12-31,2021-03-04
22349,AZZAS 2154 S.A.,468525000.0,-107048000.0,2923827000.0,343720000.0,534594000.0,3366326000.0,33750000.0,241938000.0,2021,107048000.0,500844000.0,2021-12-31,2022-03-11
22349,AZZAS 2154 S.A.,550129000.0,-123625000.0,4233726000.0,422538000.0,401873000.0,4659264000.0,28826000.0,138250000.0,2022,123625000.0,373047000.0,2022-12-31,2023-04-17
22349,AZZAS 2154 S.A.,558784000.0,-170123000.0,4846768000.0,398673000.0,1081124000.0,5975904000.0,73316000.0,412592000.0,2023,170123000.0,1007808000.0,2023-12-31,2024-03-07
22349,AZZAS 2154 S.A.,383639000.0,-744728000.0,8379753000.0,338549000.0,2654731000.0,15253545000.0,181160000.0,363955000.0,2024,744728000.0,2473571000.0,2024-12-31,2025-03-11
22349,AZZAS 2154 S.A.,1138192000.0,-901754000.0,11819492000.0,911249000.0,3226560000.0,15448601000.0,320633000.0,1074977000.0,2025,901754000.0,2905927000.0,2025-12-31,2026-03-11
27634,B100 S.A.,-463532000.0,-1494000.0,0.0,-465085000.0,0.0,22000.0,21000.0,-13998000.0,2025,1494000.0,-21000.0,2025-12-31,2026-05-11
21610,"B3 S.A. - BRASIL, BOLSA, BALCÃO",1506000000.0,-118488000.0,2131795000.0,1080947000.0,1468322000.0,25896659000.0,1196589000.0,1918028000.0,2013,118488000.0,271733000.0,2013-12-31,2014-02-13
21610,"B3 S.A. - BRASIL, BOLSA, BALCÃO",1438523000.0,-153604000.0,2030433000.0,977914000.0,1666491000.0,25538263000.0,500535000.0,1854498000.0,2014,153604000.0,1165956000.0,2014-12-31,2015-02-10
21610,"B3 S.A. - BRASIL, BOLSA, BALCÃO",2298426000.0,-236911000.0,2216634000.0,2203458000.0,2454265000.0,26308895000.0,440845000.0,969329000.0,2015,236911000.0,2013420000.0,2015-12-31,2016-02-18
21610,"B3 S.A. - BRASIL, BOLSA, BALCÃO",1094586000.0,-1015316000.0,2320781000.0,1446064000.0,5463632000.0,31155875000.0,319124000.0,-7087411000.0,2016,1015316000.0,5144508000.0,2016-12-31,2017-02-17
21610,"B3 S.A. - BRASIL, BOLSA, BALCÃO",1484202000.0,-793621000.0,3673596000.0,1296645000.0,5634693000.0,37579879000.0,711140000.0,11191051000.0,2017,793621000.0,4923553000.0,2017-12-31,2018-03-01
21610,"B3 S.A. - BRASIL, BOLSA, BALCÃO",2392091000.0,-542478000.0,4831915000.0,2088351000.0,4509159000.0,37672245000.0,329687000.0,3666514000.0,2018,542478000.0,4179472000.0,2018-12-31,2019-02-21
21610,"B3 S.A. - BRASIL, BOLSA, BALCÃO",3232141000.0,-445501000.0,6576507000.0,2713204000.0,4364547000.0,40027315000.0,494033000.0,3219991000.0,2019,445501000.0,3870514000.0,2019-12-31,2020-03-05
21610,"B3 S.A. - BRASIL, BOLSA, BALCÃO",5602409000.0,-459671000.0,9327395000.0,4150715000.0,7059766000.0,46332783000.0,1438420000.0,2753083000.0,2020,459671000.0,5621346000.0,2020-12-31,2021-03-04
21610,"B3 S.A. - BRASIL, BOLSA, BALCÃO",6320984000.0,-684920000.0,10288124000.0,4717089000.0,14198640000.0,52531769000.0,2560516000.0,3213723000.0,2021,684920000.0,11638124000.0,2021-12-31,2022-03-17
21610,"B3 S.A. - BRASIL, BOLSA, BALCÃO",5577874000.0,-1593912000.0,10110682000.0,4226598000.0,12111175000.0,47594773000.0,2613794000.0,9887484000.0,2022,1593912000.0,9497381000.0,2022-12-31,2023-03-23
21610,"B3 S.A. - BRASIL, BOLSA, BALCÃO",5249623000.0,-1475104000.0,9921251000.0,4132512000.0,14009669000.0,49421622000.0,1788906000.0,3755446000.0,2023,1475104000.0,12220763000.0,2023-12-31,2024-02-22
21610,"B3 S.A. - BRASIL, BOLSA, BALCÃO",6045902000.0,-1571319000.0,10572738000.0,4576691000.0,13228819000.0,45228850000.0,1636275000.0,9297325000.0,2024,1571319000.0,11592544000.0,2024-12-31,2025-02-20
21610,"B3 S.A. - BRASIL, BOLSA, BALCÃO",6638037000.0,-1900731000.0,11121545000.0,4586872000.0,14944304000.0,48487647000.0,1603617000.0,4358630000.0,2025,1900731000.0,13340687000.0,2025-12-31,2026-02-26
701,BAHEMA EDUCAÇÃO S.A.,-8358000.0,-424000.0,0.0,-2702000.0,0.0,56591000.0,110000.0,2222000.0,2013,424000.0,-110000.0,2013-12-31,2014-03-31
701,BAHEMA EDUCAÇÃO S.A.,-1929000.0,-3477000.0,37635000.0,-4021000.0,124000.0,94081000.0,37551000.0,-1628000.0,2017,3477000.0,-37427000.0,2017-12-31,2018-03-27
701,BAHEMA EDUCAÇÃO S.A.,-2354000.0,-1796000.0,44106000.0,-2566000.0,62000.0,80666000.0,15790000.0,-4750000.0,2018,1796000.0,-15728000.0,2018-12-31,2019-03-28
701,BAHEMA EDUCAÇÃO S.A.,-10471000.0,-1662000.0,53058000.0,-9433000.0,11657000.0,191099000.0,48150000.0,-2490000.0,2019,1662000.0,-36493000.0,2019-12-31,2020-03-31
701,BAHEMA EDUCAÇÃO S.A.,-22996000.0,-17430000.0,196345000.0,-45698000.0,51016000.0,602706000.0,42238000.0,-17819000.0,2020,17430000.0,8778000.0,2020-12-31,2021-03-31
1520,BARDELLA S.A. INDUSTRIAS MECANICAS EM RECUPERAÇÃO JUDICIAL,-24290000.0,-22746000.0,424949000.0,-38627000.0,164232000.0,759849000.0,14725000.0,-30703000.0,2013,22746000.0,149507000.0,2013-12-31,2014-03-28
1520,BARDELLA S.A. INDUSTRIAS MECANICAS EM RECUPERAÇÃO JUDICIAL,15523000.0,-19958000.0,478936000.0,7392000.0,164911000.0,789837000.0,33537000.0,40933000.0,2014,19958000.0,131374000.0,2014-12-31,2015-03-31
1520,BARDELLA S.A. INDUSTRIAS MECANICAS EM RECUPERAÇÃO JUDICIAL,18331000.0,-32617000.0,446432000.0,-8958000.0,171257000.0,837888000.0,2901000.0,-9493000.0,2015,32617000.0,168356000.0,2015-12-31,2016-03-29
1520,BARDELLA S.A. INDUSTRIAS MECANICAS EM RECUPERAÇÃO JUDICIAL,-75844000.0,-53682000.0,264736000.0,-101126000.0,184014000.0,902838000.0,4270000.0,12295000.0,2016,53682000.0,179744000.0,2016-12-31,2017-03-31
1520,BARDELLA S.A. INDUSTRIAS MECANICAS EM RECUPERAÇÃO JUDICIAL,-59642000.0,-58064000.0,136638000.0,-97755000.0,197381000.0,838044000.0,4763000.0,16857000.0,2017,58064000.0,192618000.0,2017-12-31,2018-03-28
1520,BARDELLA S.A. INDUSTRIAS MECANICAS EM RECUPERAÇÃO JUDICIAL,-78202000.0,-22456000.0,93699000.0,-95862000.0,213614000.0,821968000.0,2232000.0,-18263000.0,2018,22456000.0,211382000.0,2018-12-31,2019-03-31
1520,BARDELLA S.A. INDUSTRIAS MECANICAS EM RECUPERAÇÃO JUDICIAL,-216880000.0,-38477000.0,38038000.0,-204420000.0,233024000.0,728221000.0,2083000.0,-21672000.0,2019,38477000.0,230941000.0,2019-12-31,2020-07-11
1520,BARDELLA S.A. INDUSTRIAS MECANICAS EM RECUPERAÇÃO JUDICIAL,-60166000.0,-20339000.0,20374000.0,-65455000.0,244878000.0,662502000.0,2107000.0,-4168000.0,2020,20339000.0,242771000.0,2020-12-31,2021-03-31
1520,BARDELLA S.A. INDUSTRIAS MECANICAS EM RECUPERAÇÃO JUDICIAL,-27233000.0,-7596000.0,21194000.0,-17463000.0,219050000.0,651819000.0,1144000.0,-963000.0,2021,7596000.0,217906000.0,2021-12-31,2022-03-30
1520,BARDELLA S.A. INDUSTRIAS MECANICAS EM RECUPERAÇÃO JUDICIAL,-22932000.0,-17717000.0,27227000.0,65690000.0,167153000.0,661640000.0,8790000.0,-122754000.0,2022,17717000.0,158363000.0,2022-12-31,2023-03-29
1520,BARDELLA S.A. INDUSTRIAS MECANICAS EM RECUPERAÇÃO JUDICIAL,-73897000.0,-25948000.0,25787000.0,-82440000.0,187984000.0,571194000.0,26941000.0,1640000.0,2023,25948000.0,161043000.0,2023-12-31,2024-03-26
1520,BARDELLA S.A. INDUSTRIAS MECANICAS EM RECUPERAÇÃO JUDICIAL,-16654000.0,-30618000.0,33086000.0,-30921000.0,183094000.0,545083000.0,17626000.0,6101000.0,2024,30618000.0,165468000.0,2024-12-31,2025-03-28
1520,BARDELLA S.A. INDUSTRIAS MECANICAS EM RECUPERAÇÃO JUDICIAL,-28163000.0,-30151000.0,48072000.0,-20752000.0,180611000.0,393588000.0,7809000.0,913000.0,2025,30151000.0,172802000.0,2025-12-31,2026-03-30
21601,BASEL PARTICIPAÇÕES S/A,-13451000.0,-2025000.0,17650000.0,-9155000.0,23664000.0,297956000.0,1277000.0,20375000.0,2013,2025000.0,22387000.0,2013-12-31,2014-03-31
21601,BASEL PARTICIPAÇÕES S/A,-6926000.0,-3208000.0,46936000.0,-6307000.0,33424000.0,285026000.0,1206000.0,-9698000.0,2014,3208000.0,32218000.0,2014-12-31,2015-03-25
21601,BASEL PARTICIPAÇÕES S/A,-13172000.0,-10821000.0,71412000.0,-23910000.0,73555000.0,305830000.0,1040000.0,-16966000.0,2015,10821000.0,72515000.0,2015-12-31,2016-03-30
21601,BASEL PARTICIPAÇÕES S/A,1644000.0,-15926000.0,83838000.0,-16239000.0,73152000.0,266731000.0,1205000.0,4458000.0,2016,15926000.0,71947000.0,2016-12-31,2017-03-31
1562,BAUMER S.A.,19607000.0,-2460000.0,108697000.0,14127000.0,19146000.0,124593000.0,7138000.0,8867000.0,2013,2460000.0,12008000.0,2013-12-31,2014-04-01
1562,BAUMER S.A.,17248000.0,-3997000.0,116297000.0,12382000.0,21418000.0,136888000.0,10607000.0,5034000.0,2014,3997000.0,10811000.0,2014-12-31,2015-03-31
1562,BAUMER S.A.,15411000.0,-5862000.0,112044000.0,14996000.0,27517000.0,161822000.0,6961000.0,4694000.0,2015,5862000.0,20556000.0,2015-12-31,2016-04-01
1562,BAUMER S.A.,8793000.0,-8531000.0,113105000.0,2803000.0,35092000.0,170692000.0,5057000.0,766000.0,2016,8531000.0,30035000.0,2016-12-31,2017-03-31
1562,BAUMER S.A.,2617000.0,-4044000.0,109753000.0,462000.0,32102000.0,180845000.0,4199000.0,5534000.0,2017,4044000.0,27903000.0,2017-12-31,2018-03-28
1562,BAUMER S.A.,5165000.0,-7256000.0,119802000.0,2753000.0,31957000.0,189890000.0,2960000.0,-2870000.0,2018,7256000.0,28997000.0,2018-12-31,2019-03-28
1562,BAUMER S.A.,8183000.0,-6695000.0,149310000.0,4194000.0,30891000.0,190587000.0,5661000.0,14526000.0,2019,6695000.0,25230000.0,2019-12-31,2020-03-30
1562,BAUMER S.A.,17270000.0,-13865000.0,162973000.0,16431000.0,18709000.0,214531000.0,16866000.0,26325000.0,2020,13865000.0,1843000.0,2020-12-31,2022-06-08
1562,BAUMER S.A.,11872000.0,-14963000.0,133820000.0,10132000.0,21591000.0,228131000.0,12982000.0,17635000.0,2021,14963000.0,8609000.0,2021-12-31,2022-06-08
1562,BAUMER S.A.,18175000.0,-25947000.0,164544000.0,5709000.0,25649000.0,248609000.0,8855000.0,3133000.0,2022,25947000.0,16794000.0,2022-12-31,2023-03-29
1562,BAUMER S.A.,21588000.0,-20993000.0,169950000.0,8941000.0,20301000.0,249925000.0,13859000.0,23636000.0,2023,20993000.0,6442000.0,2023-12-31,2024-04-01
1562,BAUMER S.A.,35985000.0,-18515000.0,194386000.0,29261000.0,16725000.0,286669000.0,16862000.0,31278000.0,2024,18515000.0,-137000.0,2024-12-31,2025-03-31
1562,BAUMER S.A.,34676000.0,-24527000.0,213729000.0,22106000.0,21497000.0,274810000.0,16140000.0,54887000.0,2025,24527000.0,5357000.0,2025-12-31,2026-03-31
23159,BB SEGURIDADE PARTICIPAÇÕES S.A.,2947721000.0,0.0,,2473752000.0,273977000.0,8785478000.0,1785284000.0,1116481000.0,2013,0.0,-1511307000.0,2013-12-31,2014-02-12
23159,BB SEGURIDADE PARTICIPAÇÕES S.A.,4139012000.0,0.0,,3456683000.0,1026776000.0,10382681000.0,2094427000.0,1525207000.0,2014,0.0,-1067651000.0,2014-12-31,2015-02-10
23159,BB SEGURIDADE PARTICIPAÇÕES S.A.,4994652000.0,0.0,,4207432000.0,1221723000.0,11495678000.0,1561078000.0,1024983000.0,2015,0.0,-339355000.0,2015-12-31,2016-02-26
23159,BB SEGURIDADE PARTICIPAÇÕES S.A.,4824417000.0,0.0,,4013852000.0,1148131000.0,12542306000.0,2174914000.0,1667507000.0,2016,0.0,-1026783000.0,2016-12-31,2017-02-13
23159,BB SEGURIDADE PARTICIPAÇÕES S.A.,4692552000.0,-66752000.0,,4049245000.0,1158209000.0,13334413000.0,3644179000.0,1671071000.0,2017,66752000.0,-2485970000.0,2017-12-31,2018-02-19
23159,BB SEGURIDADE PARTICIPAÇÕES S.A.,4414393000.0,-37547000.0,,3539553000.0,1228043000.0,13680123000.0,6056247000.0,1470424000.0,2018,37547000.0,-4828204000.0,2018-12-31,2019-02-11
23159,BB SEGURIDADE PARTICIPAÇÕES S.A.,8600935000.0,-30653000.0,,6658781000.0,1462065000.0,14926547000.0,7381292000.0,925384000.0,2019,30653000.0,-5919227000.0,2019-12-31,2020-02-10
23159,BB SEGURIDADE PARTICIPAÇÕES S.A.,4781490000.0,-27507000.0,,3850771000.0,1657388000.0,10900296000.0,2195445000.0,2284693000.0,2020,27507000.0,-538057000.0,2020-12-31,2021-02-08
23159,BB SEGURIDADE PARTICIPAÇÕES S.A.,4932200000.0,-4515000.0,,3933217000.0,2033528000.0,13314221000.0,4090561000.0,2825755000.0,2021,4515000.0,-2057033000.0,2021-12-31,2022-02-07
23159,BB SEGURIDADE PARTICIPAÇÕES S.A.,7045669000.0,-29501000.0,,6044571000.0,2025563000.0,16129832000.0,6076618000.0,3275011000.0,2022,29501000.0,-4051055000.0,2022-12-31,2023-02-09
23159,BB SEGURIDADE PARTICIPAÇÕES S.A.,8905767000.0,-83388000.0,,7947203000.0,2978034000.0,18272622000.0,4752742000.0,3697841000.0,2023,83388000.0,-1774708000.0,2023-12-31,2024-02-05
23159,BB SEGURIDADE PARTICIPAÇÕES S.A.,9757267000.0,-42638000.0,,8703353000.0,3642282000.0,21615587000.0,7789875000.0,4223583000.0,2024,42638000.0,-4147593000.0,2024-12-31,2025-02-17
23159,BB SEGURIDADE PARTICIPAÇÕES S.A.,9865768000.0,-98446000.0,,9017329000.0,3806319000.0,23097696000.0,8855104000.0,3710770000.0,2025,98446000.0,-5048785000.0,2025-12-31,2026-02-09
24660,BBM LOGÍSTICA S.A.,14679000.0,-16503000.0,289750000.0,3105000.0,89389000.0,214395000.0,1047000.0,,2017,16503000.0,88342000.0,2017-12-31,2019-01-18
24660,BBM LOGÍSTICA S.A.,27650000.0,-18549000.0,507618000.0,5817000.0,127335000.0,313205000.0,1161000.0,8996000.0,2018,18549000.0,126174000.0,2018-12-31,2019-03-29
24660,BBM LOGÍSTICA S.A.,25441000.0,-27873000.0,608880000.0,13746000.0,218864000.0,664116000.0,14903000.0,70287000.0,2019,27873000.0,203961000.0,2019-12-31,2020-02-12
24660,BBM LOGÍSTICA S.A.,34247000.0,-31882000.0,1002017000.0,8899000.0,284959000.0,814457000.0,22507000.0,86863000.0,2020,31882000.0,262452000.0,2020-12-31,2021-03-15
24660,BBM LOGÍSTICA S.A.,20846000.0,-57280000.0,1356199000.0,12023000.0,396038000.0,962193000.0,6248000.0,46577000.0,2021,57280000.0,389790000.0,2021-12-31,2022-03-28
24660,BBM LOGÍSTICA S.A.,34949000.0,-118578000.0,1631761000.0,-71099000.0,464250000.0,1061298000.0,15155000.0,157450000.0,2022,118578000.0,449095000.0,2022-12-31,2023-02-16
24660,BBM LOGÍSTICA S.A.,27219000.0,-172473000.0,1608505000.0,-53827000.0,464539000.0,1160905000.0,7105000.0,179529000.0,2023,172473000.0,457434000.0,2023-12-31,2024-03-22
24660,BBM LOGÍSTICA S.A.,-250831000.0,-264345000.0,1450437000.0,-342274000.0,463751000.0,1036364000.0,25329000.0,275866000.0,2024,264345000.0,438422000.0,2024-12-31,2025-10-20
24660,BBM LOGÍSTICA S.A.,-20673000.0,-292866000.0,1345480000.0,-252881000.0,542207000.0,989590000.0,34365000.0,146933000.0,2025,292866000.0,507842000.0,2025-12-31,2026-06-25
24775,BCBF PARTICIPAÇÕES S.A.,1021397000.0,-307160000.0,8412439000.0,555736000.0,2177939000.0,12631624000.0,3380558000.0,345228000.0,2019,307160000.0,-1202619000.0,2019-12-31,2020-03-26
24775,BCBF PARTICIPAÇÕES S.A.,1497529000.0,-268405000.0,10673268000.0,840179000.0,3488403000.0,15972032000.0,2453206000.0,1002718000.0,2020,268405000.0,1035197000.0,2020-12-31,2021-03-24
24775,BCBF PARTICIPAÇÕES S.A.,329080000.0,-568511000.0,12584361000.0,-115967000.0,5006743000.0,18597301000.0,1662961000.0,116646000.0,2021,568511000.0,3343782000.0,2021-12-31,2022-03-29
24775,BCBF PARTICIPAÇÕES S.A.,-539092000.0,-1003310000.0,14358975000.0,-855909000.0,4596252000.0,19588559000.0,1012282000.0,-197193000.0,2022,1003310000.0,3583970000.0,2022-12-31,2023-03-31
16233,BELAPART SA,-9903000.0,-745000.0,0.0,-8472000.0,0.0,29712000.0,3000.0,-2125000.0,2015,745000.0,-3000.0,2015-12-31,2016-03-22
16233,BELAPART SA,-4900000.0,-784000.0,0.0,-2940000.0,0.0,30449000.0,1000.0,-2313000.0,2016,784000.0,-1000.0,2016-12-31,2017-03-14
22632,BELEZA PARTICIPAÇÕES S.A.,-335000.0,0.0,0.0,-186000.0,0.0,69953000.0,698000.0,-111000.0,2013,0.0,-698000.0,2013-12-31,2014-03-31
21580,BELMONTE PARTICIPAÇÕES SA,21564000.0,-80324000.0,103963000.0,-50051000.0,632500000.0,1259257000.0,128269000.0,43823000.0,2013,80324000.0,504231000.0,2013-12-31,2014-03-28
20656,BEMATECH IND COM EQUIP ELETRONICOS SA,58414000.0,-7832000.0,365384000.0,42943000.0,18411000.0,500652000.0,78910000.0,67093000.0,2013,7832000.0,-60499000.0,2013-12-31,2014-02-25
20656,BEMATECH IND COM EQUIP ELETRONICOS SA,71953000.0,-15850000.0,425576000.0,54070000.0,79467000.0,666835000.0,117519000.0,66042000.0,2014,15850000.0,-38052000.0,2014-12-31,2015-03-10
25500,BEMOBI MOBILE TECH S.A.,62105000.0,-5880000.0,171546000.0,35730000.0,0.0,456928000.0,111196000.0,86496000.0,2020,5880000.0,-111196000.0,2020-12-31,2021-03-29
25500,BEMOBI MOBILE TECH S.A.,84873000.0,-6502000.0,488837000.0,75349000.0,0.0,1445472000.0,319185000.0,23311000.0,2021,6502000.0,-319185000.0,2021-12-31,2022-03-16
25500,BEMOBI MOBILE TECH S.A.,98681000.0,-28569000.0,1475824000.0,85566000.0,0.0,1349318000.0,359295000.0,200912000.0,2022,28569000.0,-359295000.0,2022-12-31,2023-03-21
25500,BEMOBI MOBILE TECH S.A.,94832000.0,-25706000.0,1307844000.0,86889000.0,0.0,1443377000.0,262973000.0,97705000.0,2023,25706000.0,-262973000.0,2023-12-31,2024-07-03
25500,BEMOBI MOBILE TECH S.A.,120024000.0,-14586000.0,1498065000.0,120163000.0,0.0,1627212000.0,378610000.0,167143000.0,2024,14586000.0,-378610000.0,2024-12-31,2025-03-20
25500,BEMOBI MOBILE TECH S.A.,143651000.0,-25916000.0,1696407000.0,161262000.0,19286000.0,1865280000.0,241156000.0,117609000.0,2025,25916000.0,-221870000.0,2025-12-31,2026-03-19
21563,BERNA PARTICIPAÇÕES SA,35876000.0,-29275000.0,280430000.0,18598000.0,226949000.0,680107000.0,50973000.0,134965000.0,2013,29275000.0,175976000.0,2013-12-31,2014-03-28
20907,BHG S.A. - BRAZIL HOSPITALITY GROUP,38935000.0,-43882000.0,263871000.0,1833000.0,269281000.0,1423738000.0,12992000.0,23063000.0,2013,43882000.0,256289000.0,2013-12-31,2014-03-17
20907,BHG S.A. - BRAZIL HOSPITALITY GROUP,46320000.0,-42402000.0,327342000.0,3950000.0,223879000.0,1410286000.0,7092000.0,70542000.0,2014,42402000.0,216787000.0,2014-12-31,2015-03-24
1694,BICICLETAS MONARK S.A.,796000.0,-489000.0,34557000.0,7890000.0,0.0,209590000.0,154076000.0,2603000.0,2013,489000.0,-154076000.0,2013-12-31,2014-03-25
1694,BICICLETAS MONARK S.A.,467000.0,-185000.0,32648000.0,11686000.0,0.0,205123000.0,157796000.0,7686000.0,2014,185000.0,-157796000.0,2014-12-31,2015-04-06
1694,BICICLETAS MONARK S.A.,-5068000.0,-57000.0,20613000.0,10906000.0,0.0,196964000.0,155523000.0,8111000.0,2015,57000.0,-155523000.0,2015-12-31,2016-03-17
1694,BICICLETAS MONARK S.A.,-3670000.0,-172000.0,19405000.0,16050000.0,0.0,216515000.0,166071000.0,31969000.0,2016,172000.0,-166071000.0,2016-12-31,2017-03-20
1694,BICICLETAS MONARK S.A.,-3020000.0,-223000.0,16356000.0,8134000.0,0.0,202655000.0,158834000.0,15266000.0,2017,223000.0,-158834000.0,2017-12-31,2018-03-19
701,BIOMA EDUCAÇÃO S.A.,-15481000.0,-31112000.0,266668000.0,-38182000.0,64054000.0,616332000.0,12526000.0,31194000.0,2021,31112000.0,51528000.0,2021-12-31,2022-03-30
701,BIOMA EDUCAÇÃO S.A.,-48021000.0,-63576000.0,357122000.0,-114068000.0,187628000.0,649077000.0,19670000.0,-6467000.0,2022,63576000.0,167958000.0,2022-12-31,2023-03-29
701,BIOMA EDUCAÇÃO S.A.,75497000.0,-78029000.0,377697000.0,-6692000.0,120576000.0,595360000.0,36972000.0,143896000.0,2023,78029000.0,83604000.0,2023-12-31,2024-03-28
701,BIOMA EDUCAÇÃO S.A.,-27063000.0,-51045000.0,354632000.0,-74340000.0,56966000.0,528180000.0,15715000.0,121112000.0,2024,51045000.0,41251000.0,2024-12-31,2025-03-31
701,BIOMA EDUCAÇÃO S.A.,-24845000.0,-41348000.0,332743000.0,-61569000.0,45822000.0,390008000.0,12088000.0,57270000.0,2025,41348000.0,33734000.0,2025-12-31,2026-04-01
19305,BIOMM S.A.,-7516000.0,-5162000.0,0.0,-10059000.0,1851000.0,138078000.0,20680000.0,-10508000.0,2013,5162000.0,-18829000.0,2013-12-31,2014-05-14
19305,BIOMM S.A.,-16748000.0,-19040000.0,0.0,-12713000.0,46798000.0,179564000.0,7478000.0,-19784000.0,2014,19040000.0,39320000.0,2014-12-31,2015-03-05
19305,BIOMM S.A.,-2994000.0,-48394000.0,0.0,8282000.0,83046000.0,229673000.0,24987000.0,-13899000.0,2015,48394000.0,58059000.0,2015-12-31,2016-03-18
19305,BIOMM S.A.,-32655000.0,-40410000.0,0.0,-45608000.0,117241000.0,237385000.0,7833000.0,-38281000.0,2016,40410000.0,109408000.0,2016-12-31,2017-03-17
19305,BIOMM S.A.,-35421000.0,-16245000.0,103000.0,-38128000.0,154970000.0,262387000.0,8630000.0,-54405000.0,2017,16245000.0,146340000.0,2017-12-31,2018-03-23
19305,BIOMM S.A.,-36674000.0,-19280000.0,1566000.0,-42562000.0,147319000.0,305683000.0,15814000.0,-44115000.0,2018,19280000.0,131505000.0,2018-12-31,2019-03-28
19305,BIOMM S.A.,-52610000.0,-22021000.0,8944000.0,-55812000.0,155591000.0,388771000.0,30075000.0,-80852000.0,2019,22021000.0,125516000.0,2019-12-31,2020-04-08
19305,BIOMM S.A.,-55573000.0,-47130000.0,58668000.0,-70767000.0,188322000.0,434970000.0,57403000.0,-96874000.0,2020,47130000.0,130919000.0,2020-12-31,2021-03-26
19305,BIOMM S.A.,-65649000.0,-39544000.0,107090000.0,-80261000.0,184145000.0,369831000.0,31369000.0,-93784000.0,2021,39544000.0,152776000.0,2021-12-31,2022-03-25
19305,BIOMM S.A.,-86236000.0,-44971000.0,104954000.0,-92559000.0,172284000.0,405093000.0,75931000.0,-62999000.0,2022,44971000.0,96353000.0,2022-12-31,2023-03-23
19305,BIOMM S.A.,-72525000.0,-30602000.0,118194000.0,-81141000.0,153600000.0,344698000.0,25998000.0,-74785000.0,2023,30602000.0,127602000.0,2023-12-31,2024-03-27
19305,BIOMM S.A.,-81211000.0,-38809000.0,142905000.0,-77238000.0,121383000.0,465899000.0,77620000.0,-91845000.0,2024,38809000.0,43763000.0,2024-12-31,2026-04-17
19305,BIOMM S.A.,-5238000.0,-34681000.0,269299000.0,-6687000.0,96604000.0,524230000.0,22304000.0,-111915000.0,2025,34681000.0,74300000.0,2025-12-31,2026-03-25
25925,BIONEXO S.A.,-8259000.0,-2311000.0,90169000.0,-2801000.0,46581000.0,189796000.0,65049000.0,14100000.0,2020,2311000.0,-18468000.0,2020-12-31,2021-04-29
25925,BIONEXO S.A.,-37330000.0,-5354000.0,114865000.0,-51502000.0,42908000.0,341100000.0,201760000.0,-18084000.0,2021,5354000.0,-158852000.0,2021-12-31,2022-03-31
25925,BIONEXO S.A.,-49835000.0,-9580000.0,143594000.0,-36501000.0,32990000.0,302147000.0,97753000.0,-19770000.0,2022,9580000.0,-64763000.0,2022-12-31,2023-03-31
25925,BIONEXO S.A.,-28955000.0,-12741000.0,160782000.0,-26051000.0,19071000.0,331466000.0,145016000.0,-20275000.0,2023,12741000.0,-125945000.0,2023-12-31,2024-04-04
25925,BIONEXO S.A.,-10775000.0,-10564000.0,176858000.0,-7629000.0,6314000.0,321389000.0,143893000.0,29852000.0,2024,10564000.0,-137579000.0,2024-12-31,2025-03-31
25925,BIONEXO S.A.,-47167000.0,-15996000.0,207000000.0,-51638000.0,9233000.0,357575000.0,102062000.0,21307000.0,2025,15996000.0,-92829000.0,2025-12-31,2026-04-01
80179,BIOTOSCANA INVESTMENTS S.A.,148909194.0,-54467586.0,794503251.0,47224856.0,496747891.0,882147295.0,30340997.0,119562791.0,2016,54467586.0,466406894.0,2016-12-31,2017-07-25
80179,BIOTOSCANA INVESTMENTS S.A.,139064706.0,-57442325.0,817546243.0,16933662.0,246422904.0,1168137991.0,98117853.0,108635037.0,2017,57442325.0,148305051.0,2017-12-31,2018-03-19
80179,BIOTOSCANA INVESTMENTS S.A.,141017029.0,-46014159.0,820960883.0,63462367.0,215619927.0,1253386206.0,100609070.0,121756641.0,2018,46014159.0,115010857.0,2018-12-31,2019-03-21
80179,BIOTOSCANA INVESTMENTS S.A.,70546313.0,-35348906.0,743097077.0,1601525.0,190283646.0,1246949671.0,47974420.0,56108497.0,2019,35348906.0,142309226.0,2019-12-31,2020-03-30
24627,BLAU FARMACÊUTICA S.A.,164333000.0,-16453000.0,617658000.0,103128000.0,103917000.0,366081000.0,13175000.0,126632000.0,2017,16453000.0,90742000.0,2017-12-31,2018-11-26
24627,BLAU FARMACÊUTICA S.A.,203018000.0,-30837000.0,782165000.0,123253000.0,225131000.0,594155000.0,11079000.0,82532000.0,2018,30837000.0,214052000.0,2018-12-31,2019-02-25
24627,BLAU FARMACÊUTICA S.A.,301476000.0,-22854000.0,977501000.0,200238000.0,278921000.0,738444000.0,6417000.0,221289000.0,2019,22854000.0,272504000.0,2019-12-31,2020-02-17
24627,BLAU FARMACÊUTICA S.A.,389132000.0,-43674000.0,1181804000.0,254330000.0,690013000.0,1272625000.0,70197000.0,226515000.0,2020,43674000.0,619816000.0,2020-12-31,2021-03-16
24627,BLAU FARMACÊUTICA S.A.,456624000.0,-31001000.0,1366407000.0,323864000.0,374518000.0,2328047000.0,51864000.0,153976000.0,2021,31001000.0,322654000.0,2021-12-31,2022-02-21
24627,BLAU FARMACÊUTICA S.A.,452190000.0,-54548000.0,1406909000.0,360492000.0,311713000.0,2499048000.0,14114000.0,171903000.0,2022,54548000.0,297599000.0,2022-12-31,2023-03-01
24627,BLAU FARMACÊUTICA S.A.,329443000.0,-51108000.0,1372633000.0,247491000.0,608538000.0,3053528000.0,31495000.0,220561000.0,2023,51108000.0,577043000.0,2023-12-31,2024-03-19
24627,BLAU FARMACÊUTICA S.A.,328797000.0,-83792000.0,1754376000.0,213525000.0,558952000.0,3411729000.0,33317000.0,507203000.0,2024,83792000.0,525635000.0,2024-12-31,2025-03-18
24627,BLAU FARMACÊUTICA S.A.,354389000.0,-101373000.0,1702382000.0,296773000.0,599134000.0,3635027000.0,45601000.0,290843000.0,2025,101373000.0,553533000.0,2025-12-31,2026-05-14
12319,BLUE TECH SOLUTIONS EQI S.A.,-9669000.0,-1953000.0,0.0,-4221000.0,11960000.0,129906000.0,2000.0,-1386000.0,2015,1953000.0,11958000.0,2015-12-31,2016-05-05
12319,BLUE TECH SOLUTIONS EQI S.A.,-32565000.0,-10642000.0,0.0,-41750000.0,5286000.0,91206000.0,1000.0,7734000.0,2016,10642000.0,5285000.0,2016-12-31,2017-06-07
12319,BLUE TECH SOLUTIONS EQI S.A.,-1429000.0,-8000.0,0.0,-1437000.0,5286000.0,97670000.0,1000.0,-1782000.0,2017,8000.0,5285000.0,2017-12-31,2018-04-05
12319,BLUE TECH SOLUTIONS EQI S.A.,-3526000.0,-817000.0,0.0,-4343000.0,4614000.0,191124000.0,1000.0,-3527000.0,2019,817000.0,4613000.0,2019-12-31,2020-07-07
12319,BLUE TECH SOLUTIONS EQI S.A.,-6317000.0,-163000.0,0.0,-6480000.0,5890000.0,190625000.0,1000.0,-647000.0,2020,163000.0,5889000.0,2020-12-31,2021-04-19
12319,BLUE TECH SOLUTIONS EQI S.A.,-4252000.0,-410000.0,0.0,-4662000.0,6748000.0,189948000.0,0.0,-58000.0,2021,410000.0,6748000.0,2021-12-31,2022-08-02
26204,BLUEFIT ACADEMIAS DE GINÁSTICA E PARTICIPAÇÕES S.A.,-18496000.0,-36401000.0,64082000.0,-30839000.0,65538000.0,400543000.0,17271000.0,23964000.0,2020,36401000.0,48267000.0,2020-12-31,2021-07-31
26204,BLUEFIT ACADEMIAS DE GINÁSTICA E PARTICIPAÇÕES S.A.,-12606000.0,-49422000.0,113105000.0,-35223000.0,90101000.0,525478000.0,27625000.0,20802000.0,2021,49422000.0,62476000.0,2021-12-31,2022-03-18
26204,BLUEFIT ACADEMIAS DE GINÁSTICA E PARTICIPAÇÕES S.A.,57356000.0,-65570000.0,217503000.0,-3578000.0,124504000.0,641640000.0,29345000.0,50348000.0,2022,65570000.0,95159000.0,2022-12-31,2023-03-30
26204,BLUEFIT ACADEMIAS DE GINÁSTICA E PARTICIPAÇÕES S.A.,91699000.0,-79413000.0,320256000.0,7011000.0,125120000.0,886975000.0,207005000.0,119664000.0,2023,79413000.0,-81885000.0,2023-12-31,2024-03-27
26204,BLUEFIT ACADEMIAS DE GINÁSTICA E PARTICIPAÇÕES S.A.,104877000.0,-92364000.0,405265000.0,14108000.0,99900000.0,1286617000.0,238788000.0,147566000.0,2024,92364000.0,-138888000.0,2024-12-31,2025-03-27
26204,BLUEFIT ACADEMIAS DE GINÁSTICA E PARTICIPAÇÕES S.A.,119803000.0,-120361000.0,550447000.0,13041000.0,349115000.0,1785599000.0,274120000.0,112608000.0,2025,120361000.0,74995000.0,2025-12-31,2026-04-10
25704,BOA SAFRA SEMENTES S.A.,186536000.0,-44213000.0,1771465000.0,175292000.0,283290000.0,1449473000.0,254739000.0,36868000.0,2022,44213000.0,28551000.0,2022-12-31,2023-03-27
25704,BOA SAFRA SEMENTES S.A.,253511000.0,-87292000.0,2078749000.0,344952000.0,573590000.0,2358531000.0,465589000.0,115666000.0,2023,87292000.0,108001000.0,2023-12-31,2024-03-25
25704,BOA SAFRA SEMENTES S.A.,145119000.0,-152322000.0,1841052000.0,160508000.0,414007000.0,2666602000.0,238527000.0,-60134000.0,2024,152322000.0,175480000.0,2024-12-31,2025-03-25
25704,BOA SAFRA SEMENTES S.A.,92281000.0,-243718000.0,2622416000.0,101130000.0,1318208000.0,3608313000.0,526878000.0,-88511000.0,2025,243718000.0,791330000.0,2025-12-31,2026-03-25
25135,BOA VISTA SERVIÇOS S.A.,75058000.0,-23561000.0,630299000.0,46677000.0,180193000.0,2427188000.0,1300085000.0,231524000.0,2020,23561000.0,-1119892000.0,2020-12-31,2021-03-26
25135,BOA VISTA SERVIÇOS S.A.,115427000.0,-16229000.0,751282000.0,175197000.0,86934000.0,2409870000.0,1264082000.0,361228000.0,2021,16229000.0,-1177148000.0,2021-12-31,2023-03-21
25135,BOA VISTA SERVIÇOS S.A.,215582000.0,-32269000.0,872293000.0,297750000.0,9825000.0,2698596000.0,1382268000.0,517242000.0,2022,32269000.0,-1372443000.0,2022-12-31,2023-03-28
12190,BOMBRIL S.A.,37004000.0,-272584000.0,1159975000.0,-154039000.0,156164000.0,710601000.0,26668000.0,1698000.0,2013,272584000.0,129496000.0,2013-12-31,2014-04-04
12190,BOMBRIL S.A.,68384000.0,-141773000.0,1152727000.0,-57504000.0,143102000.0,754983000.0,52672000.0,38713000.0,2014,141773000.0,90430000.0,2014-12-31,2015-03-30
12190,BOMBRIL S.A.,-105502000.0,-308846000.0,1091476000.0,-376948000.0,138415000.0,701474000.0,17939000.0,38451000.0,2015,308846000.0,120476000.0,2015-12-31,2016-03-29
12190,BOMBRIL S.A.,14487000.0,-214122000.0,1097770000.0,59068000.0,154362000.0,711099000.0,9451000.0,128473000.0,2016,214122000.0,144911000.0,2016-12-31,2017-03-26
12190,BOMBRIL S.A.,178707000.0,-89591000.0,1096718000.0,126824000.0,244948000.0,685366000.0,18308000.0,-1785000.0,2017,89591000.0,226640000.0,2017-12-31,2018-05-09
12190,BOMBRIL S.A.,-4714000.0,-87272000.0,1046691000.0,70166000.0,294468000.0,631662000.0,13918000.0,30594000.0,2018,87272000.0,280550000.0,2018-12-31,2019-03-26
12190,BOMBRIL S.A.,60989000.0,-107231000.0,1059746000.0,-40487000.0,320188000.0,657593000.0,13237000.0,65537000.0,2019,107231000.0,306951000.0,2019-12-31,2020-03-27
12190,BOMBRIL S.A.,128336000.0,-85916000.0,1153013000.0,39956000.0,268346000.0,674947000.0,13851000.0,148762000.0,2020,85916000.0,254495000.0,2020-12-31,2021-03-29
12190,BOMBRIL S.A. - EM RECUPERAÇÃO JUDICIAL,131876000.0,-110306000.0,1139064000.0,66906000.0,326038000.0,852330000.0,20544000.0,64117000.0,2021,110306000.0,305494000.0,2021-12-31,2022-03-28
12190,BOMBRIL S.A. - EM RECUPERAÇÃO JUDICIAL,157757000.0,-153917000.0,1471180000.0,22585000.0,401672000.0,864393000.0,15890000.0,107490000.0,2022,153917000.0,385782000.0,2022-12-31,2023-02-28
12190,BOMBRIL S.A. - EM RECUPERAÇÃO JUDICIAL,220637000.0,-168759000.0,1420683000.0,100166000.0,360804000.0,826455000.0,17511000.0,202479000.0,2023,168759000.0,343293000.0,2023-12-31,2024-05-29
12190,BOMBRIL S.A. - EM RECUPERAÇÃO JUDICIAL,269348000.0,-1800977000.0,1597786000.0,-1552216000.0,291890000.0,829639000.0,36396000.0,234033000.0,2024,1800977000.0,255494000.0,2024-12-31,2025-11-26
12190,BOMBRIL S.A. - EM RECUPERAÇÃO JUDICIAL,191262000.0,-113819000.0,1729013000.0,68008000.0,165141000.0,909527000.0,33224000.0,142464000.0,2025,113819000.0,131917000.0,2025-12-31,2026-06-26
26980,BORRACHAS VIPAL S.A.,309835000.0,-358466000.0,2280986000.0,202651000.0,1209056000.0,2226318000.0,246850000.0,122382000.0,2021,358466000.0,962206000.0,2021-12-31,2022-03-30
26980,BORRACHAS VIPAL S.A.,341009000.0,-442334000.0,2740710000.0,178472000.0,1255852000.0,2234500000.0,215857000.0,89365000.0,2022,442334000.0,1039995000.0,2022-12-31,2023-03-14
26980,BORRACHAS VIPAL S.A.,504515000.0,-377303000.0,2669083000.0,310635000.0,1323133000.0,2547531000.0,531500000.0,691661000.0,2023,377303000.0,791633000.0,2023-12-31,2024-03-13
26980,BORRACHAS VIPAL S.A.,416561000.0,-406677000.0,2659257000.0,280664000.0,1463898000.0,3074555000.0,521165000.0,258786000.0,2024,406677000.0,942733000.0,2024-12-31,2025-03-25
26980,BORRACHAS VIPAL S.A.,370218000.0,-453686000.0,2829299000.0,147952000.0,1320382000.0,2897110000.0,427524000.0,492520000.0,2025,453686000.0,892858000.0,2025-12-31,2026-02-24
25860,BR ADVISORY PARTNERS PARTICIPAÇÕES S.A.,133175000.0,0.0,1223703000.0,88735000.0,1463000.0,761411000.0,47102000.0,86966000.0,2020,0.0,-45639000.0,2020-12-31,2021-01-26
23710,BR HOME CENTERS S.A.,8397000.0,-30610000.0,685720000.0,25595000.0,106689000.0,333221000.0,14910000.0,-5254000.0,2014,30610000.0,91779000.0,2014-12-31,2015-10-02
23710,BR HOME CENTERS S.A.,4795000.0,-45641000.0,732651000.0,-9232000.0,143755000.0,349474000.0,13072000.0,-12599000.0,2015,45641000.0,130683000.0,2015-12-31,2016-04-13
23710,BR HOME CENTERS S.A.,4880000.0,-64698000.0,683473000.0,-52959000.0,87800000.0,309894000.0,33199000.0,71495000.0,2016,64698000.0,54601000.0,2016-12-31,2017-03-28
23710,BR HOME CENTERS S.A.,38710000.0,-51831000.0,720364000.0,71000.0,53443000.0,285704000.0,3713000.0,19216000.0,2017,51831000.0,49730000.0,2017-12-31,2018-04-13
23710,BR HOME CENTERS S.A.,-7210000.0,-36942000.0,635741000.0,-33381000.0,43842000.0,248909000.0,4242000.0,22972000.0,2018,36942000.0,39600000.0,2018-12-31,2019-03-22
19909,BR MALLS PARTICIPACOES S.A.,1811726000.0,-1519642000.0,1247432000.0,755623000.0,4723080000.0,18820850000.0,70509000.0,815251000.0,2013,1519642000.0,4652571000.0,2013-12-31,2014-03-17
19909,BR MALLS PARTICIPACOES S.A.,1706567000.0,-1381420000.0,1324707000.0,598331000.0,5122187000.0,19860626000.0,76648000.0,918241000.0,2014,1381420000.0,5045539000.0,2014-12-31,2015-03-11
19909,BR MALLS PARTICIPACOES S.A.,1435620000.0,-2523633000.0,1364003000.0,66158000.0,5493051000.0,20684045000.0,25981000.0,913229000.0,2015,2523633000.0,5467070000.0,2015-12-31,2016-03-14
19909,BR MALLS PARTICIPACOES S.A.,237064000.0,-2252105000.0,1286382000.0,215416000.0,4779885000.0,19402241000.0,21718000.0,786709000.0,2016,2252105000.0,4758167000.0,2016-12-31,2017-03-15
19909,BR MALLS PARTICIPACOES S.A.,-916294000.0,-958225000.0,1265240000.0,-876151000.0,3319241000.0,18003585000.0,28977000.0,792153000.0,2017,958225000.0,3290264000.0,2017-12-31,2018-03-16
19909,BR MALLS PARTICIPACOES S.A.,1641458000.0,-325268000.0,1196208000.0,1103590000.0,2779083000.0,18131036000.0,23672000.0,720581000.0,2018,325268000.0,2755411000.0,2018-12-31,2019-03-29
19909,BR MALLS PARTICIPACOES S.A.,1968032000.0,-289126000.0,1257364000.0,1382776000.0,2719618000.0,18690431000.0,30026000.0,859876000.0,2019,289126000.0,2689592000.0,2019-12-31,2020-03-12
19909,BR MALLS PARTICIPACOES S.A.,-273460000.0,-251813000.0,915097000.0,-336109000.0,3887520000.0,19165068000.0,28280000.0,340026000.0,2020,251813000.0,3859240000.0,2020-12-31,2021-04-09
19909,BR MALLS PARTICIPACOES S.A.,563796000.0,-378421000.0,1131263000.0,212050000.0,3979908000.0,19485787000.0,27635000.0,629256000.0,2021,378421000.0,3952273000.0,2021-12-31,2022-03-18
19909,BR MALLS PARTICIPACOES S.A.,995427000.0,-604057000.0,1445847000.0,628484000.0,2793876000.0,18142137000.0,28958000.0,893422000.0,2022,604057000.0,2764918000.0,2022-12-31,2023-03-23
19909,BR MALLS PARTICIPACOES S.A.,3754813000.0,-383222000.0,1555695000.0,2560908000.0,2552324000.0,20821338000.0,21848000.0,843331000.0,2023,383222000.0,2530476000.0,2023-12-31,2024-03-20
19909,BR MALLS PARTICIPACOES S.A.,976417000.0,-434182000.0,1570387000.0,677661000.0,3565717000.0,20527438000.0,16689000.0,1021039000.0,2024,434182000.0,3549028000.0,2024-12-31,2025-03-20
19909,BR MALLS PARTICIPACOES S.A.,1521865000.0,-632665000.0,1643621000.0,875365000.0,3471603000.0,20608396000.0,5908000.0,1056776000.0,2025,632665000.0,3465695000.0,2025-12-31,2026-03-19
19925,BR PROPERTIES S.A.,711267000.0,-760744000.0,923670000.0,70312000.0,5547630000.0,15463222000.0,950864000.0,828901000.0,2013,760744000.0,4596766000.0,2013-12-31,2014-02-17
19925,BR PROPERTIES S.A.,856854000.0,-752254000.0,836788000.0,267341000.0,4175196000.0,11982105000.0,595322000.0,545863000.0,2014,752254000.0,3579874000.0,2014-12-31,2015-02-12
19925,BR PROPERTIES S.A.,-68808000.0,-938628000.0,714880000.0,-769772000.0,3616666000.0,9162163000.0,1230305000.0,344222000.0,2015,938628000.0,2386361000.0,2015-12-31,2016-02-16
19925,BR PROPERTIES S.A.,139469000.0,-494120000.0,465681000.0,30579000.0,3361748000.0,9180532000.0,707405000.0,202871000.0,2016,494120000.0,2654343000.0,2016-12-31,2017-06-16
19925,BR PROPERTIES S.A.,486739000.0,-399042000.0,430449000.0,277017000.0,2855420000.0,9797952000.0,125015000.0,245801000.0,2017,399042000.0,2730405000.0,2017-12-31,2018-02-06
19925,BR PROPERTIES S.A.,520056000.0,-450820000.0,421317000.0,13705000.0,3545391000.0,10637147000.0,1016826000.0,296295000.0,2018,450820000.0,2528565000.0,2018-12-31,2019-02-07
19925,BR PROPERTIES S.A.,775035000.0,-363692000.0,379252000.0,311352000.0,1800798000.0,9946283000.0,1165337000.0,254670000.0,2019,363692000.0,635461000.0,2019-12-31,2020-03-24
19925,BR PROPERTIES S.A.,357135000.0,-109134000.0,313589000.0,206269000.0,2265793000.0,10654156000.0,1088972000.0,179794000.0,2020,109134000.0,1176821000.0,2020-12-31,2021-02-22
19925,BR PROPERTIES S.A.,180331000.0,-198927000.0,326330000.0,32016000.0,2914098000.0,11283900000.0,949425000.0,286707000.0,2021,198927000.0,1964673000.0,2021-12-31,2022-02-22
19925,BR PROPERTIES S.A.,-1951774000.0,-238427000.0,297523000.0,-1523240000.0,0.0,4721464000.0,289393000.0,-267220000.0,2022,238427000.0,-289393000.0,2022-12-31,2023-02-07
18724,BRADESPAR S.A.,19594000.0,-98009000.0,0.0,-47709000.0,1045686000.0,10858768000.0,258678000.0,414729000.0,2013,98009000.0,787008000.0,2013-12-31,2014-03-20
18724,BRADESPAR S.A.,57595000.0,-135067000.0,0.0,101483000.0,1165109000.0,10598919000.0,312003000.0,597955000.0,2014,135067000.0,853106000.0,2014-12-31,2015-03-19
18724,BRADESPAR S.A.,-2476513000.0,-166515000.0,0.0,-2590301000.0,1347692000.0,9694451000.0,377977000.0,386756000.0,2015,166515000.0,969715000.0,2015-12-31,2016-03-21
18724,BRADESPAR S.A.,781880000.0,-202621000.0,0.0,629323000.0,1548238000.0,10277017000.0,439060000.0,61083000.0,2016,202621000.0,1109178000.0,2016-12-31,2017-03-21
18724,BRADESPAR S.A.,2609791000.0,-164826000.0,0.0,2328375000.0,1711854000.0,11322515000.0,1671661000.0,-55862000.0,2017,164826000.0,40193000.0,2017-12-31,2018-03-21
18724,BRADESPAR S.A.,1234255000.0,-130989000.0,0.0,1190496000.0,209861000.0,10634336000.0,459811000.0,-782477000.0,2018,130989000.0,-249950000.0,2018-12-31,2019-03-28
18724,BRADESPAR S.A.,-415618000.0,-13634000.0,0.0,-403207000.0,223017000.0,10106102000.0,201185000.0,121191000.0,2019,13634000.0,21832000.0,2019-12-31,2020-03-26
18724,BRADESPAR S.A.,1460597000.0,-6369000.0,0.0,1467052000.0,0.0,11297846000.0,62563000.0,978546000.0,2020,6369000.0,-62563000.0,2020-12-31,2021-03-25
18724,BRADESPAR S.A.,8017274000.0,-915000.0,0.0,8079261000.0,0.0,7553824000.0,294709000.0,4252450000.0,2021,915000.0,-294709000.0,2021-12-31,2022-03-29
18724,BRADESPAR S.A.,3646379000.0,-583000.0,0.0,3727675000.0,0.0,8062022000.0,408700000.0,1259442000.0,2022,583000.0,-408700000.0,2022-12-31,2023-03-27
18724,BRADESPAR S.A.,1828846000.0,-528000.0,0.0,1896619000.0,0.0,7890458000.0,246204000.0,989166000.0,2023,528000.0,-246204000.0,2023-12-31,2024-03-27
20125,BRADSAÚDE S.A.,573591000.0,-16176000.0,1902422000.0,451361000.0,0.0,2019853000.0,15837000.0,694581000.0,2022,16176000.0,-15837000.0,2022-12-31,2023-03-01
20125,BRADSAÚDE S.A.,0.0,-47851000.0,2118667000.0,511590000.0,0.0,2163973000.0,14391000.0,414558000.0,2023,47851000.0,-14391000.0,2023-12-31,2024-02-28
20125,BRADSAÚDE S.A.,687233000.0,-57321000.0,2281192000.0,539133000.0,0.0,2122069000.0,16531000.0,604987000.0,2024,57321000.0,-16531000.0,2024-12-31,2025-02-26
20125,BRADSAÚDE S.A.,773035000.0,-68408000.0,2420159000.0,582537000.0,0.0,1948841000.0,19948000.0,590054000.0,2025,68408000.0,-19948000.0,2025-12-31,2026-02-27
27375,BRASIL BIOFUELS S.A.,-92435000.0,-110831000.0,845696000.0,-347167000.0,752570000.0,2795945000.0,25569000.0,375505000.0,2023,110831000.0,727001000.0,2023-12-31,2024-04-01
27375,BRASIL BIOFUELS S.A.,-209942000.0,-240867000.0,608446000.0,-448307000.0,792280000.0,2585808000.0,5273000.0,186415000.0,2024,240867000.0,787007000.0,2024-12-31,2025-03-28
27499,BRASIL TECNOLOGIA E PARTICIPAÇÕES S.A.,243153000.0,-184429000.0,759085000.0,39844000.0,1149545000.0,2048670000.0,224575000.0,122775000.0,2023,184429000.0,924970000.0,2023-12-31,2024-03-19
27499,BRASIL TECNOLOGIA E PARTICIPAÇÕES S.A.,289081000.0,-351857000.0,1097526000.0,-15224000.0,1899477000.0,3026604000.0,299235000.0,171351000.0,2024,351857000.0,1600242000.0,2024-12-31,2025-03-11
27499,BRASIL TECNOLOGIA E PARTICIPAÇÕES S.A.,480313000.0,-547448000.0,1754404000.0,72244000.0,3118474000.0,5209568000.0,620223000.0,311600000.0,2025,547448000.0,2498251000.0,2025-12-31,2026-03-06
23930,BRASILIANA PARTICIPAÇÕES S/A,0.0,0.0,0.0,0.0,3603275000.0,14760696000.0,152182000.0,,2015,0.0,3451093000.0,2015-12-31,2016-06-27
23930,BRASILIANA PARTICIPAÇÕES S/A,-23906000.0,-7960000.0,56989000.0,225358000.0,410000.0,301208000.0,26946000.0,1684242000.0,2016,7960000.0,-26536000.0,2016-12-31,2017-03-07
23930,BRASILIANA PARTICIPAÇÕES S/A,159960000.0,-7706000.0,-2138000.0,126990000.0,0.0,405762000.0,115000.0,136319000.0,2017,7706000.0,-115000.0,2017-12-31,2018-03-28
23930,BRASILIANA PARTICIPAÇÕES S/A,-36909000.0,-56845000.0,44290000.0,-84242000.0,1886000.0,296421000.0,530000.0,6186000.0,2018,56845000.0,1356000.0,2018-12-31,2019-03-29
23930,BRASILIANA PARTICIPAÇÕES S/A,-3394000.0,-3745000.0,0.0,-22394000.0,0.0,168877000.0,157000.0,-83742000.0,2019,3745000.0,-157000.0,2019-12-31,2020-03-30
23930,BRASILIANA PARTICIPAÇÕES S/A,-2557000.0,-3022000.0,0.0,-81752000.0,0.0,15244000.0,90000.0,24554000.0,2020,3022000.0,-90000.0,2020-12-31,2021-03-31
23930,BRASILIANA PARTICIPAÇÕES S/A,-2246000.0,-4375000.0,0.0,-19455000.0,0.0,14504000.0,56000.0,-34000.0,2021,4375000.0,-56000.0,2021-12-31,2022-03-25
23930,BRASILIANA PARTICIPAÇÕES S/A,-2027000.0,-5795000.0,0.0,-21556000.0,0.0,27687000.0,707000.0,-4375000.0,2022,5795000.0,-707000.0,2022-12-31,2023-03-31
23930,BRASILIANA PARTICIPAÇÕES S/A,-958000.0,-6472000.0,0.0,2485000.0,0.0,25967000.0,96000.0,-14211000.0,2023,6472000.0,-96000.0,2023-12-31,2024-03-27
4820,BRASKEM S.A.,2739921000.0,-2549111000.0,40969490000.0,507038000.0,18602491000.0,48346083000.0,4335859000.0,2457791000.0,2013,2549111000.0,14266632000.0,2013-12-31,2014-03-17
4820,BRASKEM S.A.,3569208000.0,-2745864000.0,46031389000.0,726301000.0,20336563000.0,49421751000.0,3993359000.0,3791866000.0,2014,2745864000.0,16343204000.0,2014-12-31,2015-02-12
4820,BRASKEM S.A.,7052191000.0,-4193533000.0,47282996000.0,2898780000.0,27338800000.0,59961294000.0,7439723000.0,8125397000.0,2015,4193533000.0,19899077000.0,2015-12-31,2016-02-18
4820,BRASKEM S.A.,5951247000.0,-3570962000.0,47663988000.0,-729197000.0,23331067000.0,51821851000.0,6701864000.0,4746292000.0,2016,3570962000.0,16629203000.0,2016-12-31,2017-08-15
4820,BRASKEM S.A.,9359062000.0,-4762360000.0,49260594000.0,4133321000.0,23647562000.0,53341550000.0,3775093000.0,2461620000.0,2017,4762360000.0,19872469000.0,2017-12-31,2018-03-29
4820,BRASKEM S.A.,8303943000.0,-6509235000.0,57999866000.0,2907210000.0,25164933000.0,59193982000.0,5547637000.0,9250370000.0,2018,6509235000.0,19617296000.0,2018-12-31,2019-03-13
4820,BRASKEM S.A.,-56578000.0,-5565808000.0,52323525000.0,-2896973000.0,29244877000.0,68129037000.0,6803880000.0,2265275000.0,2019,5565808000.0,22440997000.0,2019-12-31,2020-04-03
4820,BRASKEM S.A.,-71892000.0,-10548603000.0,58543494000.0,-7015306000.0,41913802000.0,86083919000.0,13862852000.0,6292991000.0,2020,10548603000.0,28050950000.0,2020-12-31,2021-03-10
4820,BRASKEM S.A.,26043547000.0,-5907155000.0,105625201000.0,13961620000.0,35035090000.0,92564368000.0,8680686000.0,14786485000.0,2021,5907155000.0,26354404000.0,2021-12-31,2022-03-16
4820,BRASKEM S.A.,4272073000.0,-5712612000.0,96519284000.0,-820391000.0,35588934000.0,88048858000.0,12466474000.0,8951739000.0,2022,5712612000.0,23122460000.0,2022-12-31,2023-03-23
4820,BRASKEM S.A.,-2792000000.0,-4410000000.0,70569000000.0,-4890000000.0,42236000000.0,91741000000.0,14187000000.0,-2272000000.0,2023,4410000000.0,28049000000.0,2023-12-31,2024-07-01
4820,BRASKEM S.A.,-1079000000.0,-19554000000.0,77411000000.0,-12052000000.0,53232000000.0,101575000000.0,14986000000.0,2435000000.0,2024,19554000000.0,38246000000.0,2024-12-31,2025-02-27
4820,BRASKEM S.A.,-1807000000.0,-3903000000.0,70717000000.0,-10961000000.0,51821000000.0,81879000000.0,10501000000.0,-4200000000.0,2025,3903000000.0,41320000000.0,2025-12-31,2026-03-27
25291,BRAVA ENERGIA S.A.,-172352000.0,-204345000.0,204254000.0,-276530000.0,632785000.0,2109064000.0,287942000.0,55547000.0,2020,204345000.0,344843000.0,2020-12-31,2021-03-17
25291,BRAVA ENERGIA S.A.,415045000.0,-656699000.0,727799000.0,15991000.0,48212000.0,5453481000.0,118725000.0,62839000.0,2021,656699000.0,-70513000.0,2021-12-31,2022-02-22
25291,BRAVA ENERGIA S.A.,271057000.0,-805007000.0,1722422000.0,127716000.0,1052042000.0,7971135000.0,800442000.0,90305000.0,2022,805007000.0,251600000.0,2022-12-31,2023-03-08
25291,BRAVA ENERGIA S.A.,1265870000.0,-1325131000.0,5619989000.0,425215000.0,9262167000.0,20119858000.0,1754106000.0,1008698000.0,2023,1325131000.0,7508061000.0,2023-12-31,2024-03-07
25291,BRAVA ENERGIA S.A.,2497268000.0,-4937085000.0,8726361000.0,-909691000.0,18944060000.0,44463747000.0,3171958000.0,1854060000.0,2024,4937085000.0,15772102000.0,2024-12-31,2025-03-20
25291,BRAVA ENERGIA S.A.,2216183000.0,-4263457000.0,11622991000.0,1411225000.0,16448057000.0,42708275000.0,889391000.0,4871974000.0,2025,4263457000.0,15558666000.0,2025-12-31,2026-03-11
21865,BRAZAL BRASIL ALIMENTOS SA,-291655000.0,-140658000.0,137350000.0,-397482000.0,481427000.0,1555817000.0,884000.0,48397000.0,2013,140658000.0,480543000.0,2013-12-31,2015-02-04
27316,"BRAZIL TOWER, CESSÃO DE INFRA-ESTRUTURAS S.A",101837000.0,-148094000.0,148615000.0,-23829000.0,915297000.0,1025213000.0,16419000.0,8150000.0,2024,148094000.0,898878000.0,2024-12-31,2025-04-11
27316,"BRAZIL TOWER, CESSÃO DE INFRA-ESTRUTURAS S.A",105587000.0,-191374000.0,184691000.0,-20846000.0,1160658000.0,1371809000.0,93100000.0,51403000.0,2025,191374000.0,1067558000.0,2025-12-31,2026-03-20
17922,BRAZILIAN FINANCE E REAL ESTATE S.A.,-95660000.0,-125288000.0,14077000.0,27108000.0,0.0,48601000.0,13000.0,1116952000.0,2013,125288000.0,-13000.0,2013-12-31,2014-02-24
17922,BRAZILIAN FINANCE E REAL ESTATE S.A.,-640000.0,0.0,0.0,-10000.0,0.0,139513000.0,14000.0,-93561000.0,2014,0.0,-14000.0,2014-12-31,2015-02-13
17922,BRAZILIAN FINANCE E REAL ESTATE S.A.,-848000.0,0.0,0.0,10057000.0,0.0,153432000.0,26000.0,2400000.0,2015,0.0,-26000.0,2015-12-31,2016-02-05
25860,BRBI BR PARTNERS S.A,102296000.0,-1946981000.0,226593000.0,138660000.0,2029528000.0,3047981000.0,94132000.0,-301265000.0,2021,1946981000.0,1935396000.0,2021-12-31,2022-02-18
25860,BRBI BR PARTNERS S.A,69763000.0,-3264712000.0,251046000.0,147101000.0,6889096000.0,7871055000.0,77470000.0,149561000.0,2022,3264712000.0,6811626000.0,2022-12-31,2023-02-10
25860,BRBI BR PARTNERS S.A,11081000.0,-6120890000.0,246665000.0,155084000.0,9319444000.0,10745707000.0,287188000.0,232787000.0,2023,6120890000.0,9032256000.0,2023-12-31,2024-04-22
25860,BRBI BR PARTNERS S.A,23033000.0,-6833214000.0,364822000.0,193670000.0,13693951000.0,15056487000.0,575235000.0,90174000.0,2024,6833214000.0,13118716000.0,2024-12-31,2025-02-13
25860,BRBI BR PARTNERS S.A,21075000.0,-11896367000.0,319804000.0,175073000.0,16094770000.0,17482583000.0,137792000.0,-424665000.0,2025,11896367000.0,15956978000.0,2025-12-31,2026-02-05
16292,BRF S.A.,1959648000.0,-2056624000.0,30521246000.0,1066837000.0,10181190000.0,32374569000.0,3127715000.0,3318683000.0,2013,2056624000.0,7053475000.0,2013-12-31,2014-02-27
16292,BRF S.A.,3478319000.0,-2571454000.0,29006843000.0,2224877000.0,11589335000.0,36103735000.0,6006942000.0,5001791000.0,2014,2571454000.0,5582393000.0,2014-12-31,2015-02-26
16292,BRF S.A.,4228410000.0,-5025455000.0,32196601000.0,3130858000.0,15179283000.0,40388014000.0,5362890000.0,4136660000.0,2015,5025455000.0,9816393000.0,2015-12-31,2016-02-25
16292,BRF S.A.,1815174000.0,-4506392000.0,33732866000.0,-367339000.0,18962380000.0,42944936000.0,6356919000.0,1821174000.0,2016,4506392000.0,12605461000.0,2016-12-31,2017-02-23
16292,BRF S.A.,736078000.0,-3627261000.0,33469352000.0,-1098854000.0,20444378000.0,45228481000.0,6010829000.0,652814000.0,2017,3627261000.0,14433549000.0,2017-12-31,2018-02-22
16292,BRF S.A.,-206334000.0,-3891106000.0,30188421000.0,-4466246000.0,22165444000.0,42382377000.0,4869562000.0,295685000.0,2018,3891106000.0,17295882000.0,2018-12-31,2019-02-28
16292,BRF S.A.,2952773000.0,-3613051000.0,33446980000.0,297452000.0,18620279000.0,41700631000.0,4237785000.0,2521230000.0,2019,3613051000.0,14382494000.0,2019-12-31,2020-03-03
16292,BRF S.A.,2846793000.0,-2119752000.0,39469700000.0,1390069000.0,22404426000.0,49664906000.0,7576625000.0,4417630000.0,2020,2119752000.0,14827801000.0,2020-12-31,2021-02-25
16292,BRF S.A.,3009787000.0,-3331615000.0,48343305000.0,437384000.0,25456030000.0,55903387000.0,7528820000.0,3923636000.0,2021,3331615000.0,17927210000.0,2021-12-31,2022-02-22
16292,BRF S.A.,-136289000.0,-3751690000.0,53805028000.0,-3141626000.0,23517000000.0,57854447000.0,8130929000.0,1876384000.0,2022,3751690000.0,15386071000.0,2022-12-31,2023-02-28
16292,BRF S.A.,836141000.0,-4023367000.0,53615440000.0,-1868852000.0,20095548000.0,57272090000.0,9264664000.0,3939397000.0,2023,4023367000.0,10830884000.0,2023-12-31,2024-02-26
16292,BRF S.A.,6840386000.0,-3016305000.0,61379038000.0,3691904000.0,20740548000.0,62675076000.0,11165364000.0,10776742000.0,2024,3016305000.0,9575184000.0,2024-12-31,2025-02-26
16292,BRF S.A.,6645756000.0,-9058187000.0,65048731000.0,3288189000.0,29983814000.0,68259376000.0,14447697000.0,10521776000.0,2025,9058187000.0,15536117000.0,2025-12-31,2026-03-18
26085,BRISANET PARTICIPAÇÕES S.A.,85856000.0,-108528000.0,471774000.0,29123000.0,685221000.0,1018250000.0,171104000.0,221074000.0,2020,108528000.0,514117000.0,2020-12-31,2021-07-23
26085,BRISANET PARTICIPAÇÕES S.A.,79835000.0,-176729000.0,728755000.0,2243000.0,1122188000.0,2892361000.0,1000792000.0,323249000.0,2021,176729000.0,121396000.0,2021-12-31,2022-03-24
26085,BRISANET PARTICIPAÇÕES S.A.,166608000.0,-209625000.0,985244000.0,60704000.0,1262509000.0,3078284000.0,203542000.0,255686000.0,2022,209625000.0,1058967000.0,2022-12-31,2023-03-20
26085,BRISANET PARTICIPAÇÕES S.A.,250656000.0,-189177000.0,1227870000.0,163349000.0,1245816000.0,3196278000.0,323220000.0,516420000.0,2023,189177000.0,922596000.0,2023-12-31,2024-03-20
27693,BRISANET SERVIÇOS DE TELECOMUNICAÇÕES S.A.,257135000.0,-185105000.0,1227870000.0,172188000.0,1248251000.0,3195271000.0,323210000.0,531623000.0,2023,185105000.0,925041000.0,2023-12-31,2024-07-29
27693,BRISANET SERVIÇOS DE TELECOMUNICAÇÕES S.A.,192898000.0,-227614000.0,1427794000.0,60794000.0,1981443000.0,4026085000.0,238791000.0,515216000.0,2024,227614000.0,1742652000.0,2024-12-31,2025-03-24
27693,BRISANET SERVIÇOS DE TELECOMUNICAÇÕES S.A.,242071000.0,-333546000.0,1677263000.0,40884000.0,2518146000.0,4685456000.0,82153000.0,514646000.0,2025,333546000.0,2435993000.0,2025-12-31,2026-03-18
24830,BRK AMBIENTAL PARTICIPAÇÕES S.A.,477469.0,-373766.0,2299984.0,65782.0,4511785.0,8279492.0,102953.0,429314.0,2018,373766.0,4408832.0,2018-12-31,2019-08-13
24830,BRK AMBIENTAL PARTICIPAÇÕES S.A.,358894.0,-331417.0,2263065.0,336505.0,4535742.0,8312406.0,24706.0,312072.0,2019,331417.0,4511036.0,2019-12-31,2020-03-30
24830,BRK AMBIENTAL PARTICIPAÇÕES S.A.,430369.0,-383395.0,2382216.0,48976.0,7186725.0,13484270.0,74169.0,249991.0,2020,383395.0,7112556.0,2020-12-31,2021-03-26
24830,BRK AMBIENTAL PARTICIPAÇÕES S.A.,627936000.0,-577044000.0,3454132000.0,93337000.0,8316451000.0,13627870000.0,47396000.0,563941000.0,2021,577044000.0,8269055000.0,2021-12-31,2022-10-21
24830,BRK AMBIENTAL PARTICIPAÇÕES S.A.,884051000.0,-1083994000.0,4478584000.0,-12821000.0,10132954000.0,15757154000.0,49270000.0,727751000.0,2022,1083994000.0,10083684000.0,2022-12-31,2023-03-13
24830,BRK AMBIENTAL PARTICIPAÇÕES S.A.,863680000.0,-1266665000.0,4654038000.0,-138093000.0,12625684000.0,18140741000.0,54508000.0,1035205000.0,2023,1266665000.0,12571176000.0,2023-12-31,2024-03-13
24830,BRK AMBIENTAL PARTICIPAÇÕES S.A.,1132768000.0,-1546452000.0,4294721000.0,7443000.0,13673888000.0,19233623000.0,64868000.0,1708847000.0,2024,1546452000.0,13609020000.0,2024-12-31,2025-03-25
24830,BRK AMBIENTAL PARTICIPAÇÕES S.A.,1315822000.0,-1887653000.0,4782404000.0,-107968000.0,14044809000.0,19752450000.0,82699000.0,1863940000.0,2025,1887653000.0,13962110000.0,2025-12-31,2026-01-30
20265,BROOKFIELD INCORPORAÇÕES S.A.,-526100000.0,-295029000.0,2997923000.0,-686393000.0,4181570000.0,9038614000.0,788604000.0,-413445000.0,2013,295029000.0,3392966000.0,2013-12-31,2014-04-10
20265,BROOKFIELD INCORPORAÇÕES S.A.,-899941000.0,-309590000.0,2068984000.0,-1230130000.0,3230416000.0,8047386000.0,535810000.0,-376935000.0,2014,309590000.0,2694606000.0,2014-12-31,2015-03-27
20265,BROOKFIELD INCORPORAÇÕES S.A.,-1018891000.0,-230285000.0,1167933000.0,-1097901000.0,1752217000.0,6796482000.0,285787000.0,-433161000.0,2015,230285000.0,1466430000.0,2015-12-31,2016-03-31
23817,BRQ SOLUCOES EM INFORMATICA S.A.,4748000.0,-4189000.0,425830000.0,930000.0,14905000.0,160678000.0,3954000.0,20132000.0,2014,4189000.0,10951000.0,2014-12-31,2016-01-13
23817,BRQ SOLUCOES EM INFORMATICA S.A.,10401000.0,-4555000.0,426363000.0,6475000.0,5303000.0,158702000.0,10861000.0,14452000.0,2015,4555000.0,-5558000.0,2015-12-31,2016-04-01
23817,BRQ SOLUCOES EM INFORMATICA S.A.,-6000000.0,-3367000.0,350245000.0,-4221000.0,2012000.0,145793000.0,10750000.0,1985000.0,2016,3367000.0,-8738000.0,2016-12-31,2017-03-10
23817,BRQ SOLUCOES EM INFORMATICA S.A.,1855000.0,-3245000.0,308627000.0,2088000.0,1563000.0,145330000.0,6406000.0,11926000.0,2017,3245000.0,-4843000.0,2017-12-31,2018-02-21
23817,BRQ SOLUCOES EM INFORMATICA S.A.,34894000.0,-2185000.0,357715000.0,24028000.0,17925000.0,185526000.0,8420000.0,24659000.0,2018,2185000.0,9505000.0,2018-12-31,2019-02-14
23817,BRQ SOLUCOES EM INFORMATICA S.A.,44598000.0,-3489000.0,418114000.0,29844000.0,14485000.0,208827000.0,8939000.0,35162000.0,2019,3489000.0,5546000.0,2019-12-31,2020-02-14
23817,BRQ SOLUCOES EM INFORMATICA S.A.,68768000.0,-5530000.0,513712000.0,44569000.0,75995000.0,275948000.0,19731000.0,65309000.0,2020,5530000.0,56264000.0,2020-12-31,2021-02-17
23817,BRQ SOLUCOES EM INFORMATICA S.A.,84305000.0,-27493000.0,625547000.0,40261000.0,61689000.0,345489000.0,15971000.0,80753000.0,2021,27493000.0,45718000.0,2021-12-31,2022-03-02
23817,BRQ SOLUCOES EM INFORMATICA S.A.,133241000.0,-15982000.0,755973000.0,85452000.0,41757000.0,407920000.0,12474000.0,67525000.0,2022,15982000.0,29283000.0,2022-12-31,2023-02-17
23817,BRQ SOLUCOES EM INFORMATICA S.A.,102115000.0,-13985000.0,658339000.0,69717000.0,22222000.0,381260000.0,7325000.0,76829000.0,2023,13985000.0,14897000.0,2023-12-31,2024-02-23
23817,BRQ SOLUCOES EM INFORMATICA S.A.,89373000.0,-13922000.0,581866000.0,62996000.0,8461000.0,392006000.0,26052000.0,87711000.0,2024,13922000.0,-17591000.0,2024-12-31,2025-02-21
23817,BRQ SOLUCOES EM INFORMATICA S.A.,76301000.0,-11533000.0,593671000.0,68436000.0,67448000.0,416706000.0,21983000.0,63143000.0,2025,11533000.0,45465000.0,2025-12-31,2026-02-27
27391,BRZ EMPREENDIMENTOS E CONSTRUÇÕES S.A.,51781000.0,-50609000.0,869092000.0,25374000.0,494767000.0,898061000.0,163681000.0,30362000.0,2022,50609000.0,331086000.0,2022-12-31,2023-10-06
27391,BRZ EMPREENDIMENTOS E CONSTRUÇÕES S.A.,46979000.0,-59728000.0,753293000.0,8634000.0,488639000.0,1004656000.0,332243000.0,103358000.0,2023,59728000.0,156396000.0,2023-12-31,2024-04-01
27391,BRZ EMPREENDIMENTOS E CONSTRUÇÕES S.A.,126265000.0,-47611000.0,1051764000.0,113594000.0,652816000.0,1192404000.0,453995000.0,63339000.0,2024,47611000.0,198821000.0,2024-12-31,2025-06-12
27391,BRZ EMPREENDIMENTOS E CONSTRUÇÕES S.A.,65711000.0,-71471000.0,1082975000.0,7756000.0,718337000.0,1151156000.0,334670000.0,-40101000.0,2025,71471000.0,383667000.0,2025-12-31,2026-03-23
23779,BS&C EMPREENDIMENTOS E PARTICIPAÇÕES S.A.,86992000.0,-53533000.0,431959000.0,32822000.0,236116000.0,698882000.0,7844000.0,-64538000.0,2014,53533000.0,228272000.0,2014-12-31,2015-11-24
23779,BS&C EMPREENDIMENTOS E PARTICIPAÇÕES S.A.,99807000.0,-122076000.0,447263000.0,39069000.0,226613000.0,884826000.0,1850000.0,-80183000.0,2015,122076000.0,224763000.0,2015-12-31,2016-04-08
27774,BTG PACTUAL COMMODITIES SERTRADING S.A.,362986000.0,-78378000.0,15968815000.0,292501000.0,152636000.0,7063042000.0,333166000.0,-946650000.0,2024,78378000.0,-180530000.0,2024-12-31,2025-03-26
27774,BTG PACTUAL COMMODITIES SERTRADING S.A.,243739000.0,-1873891000.0,13010932000.0,1090694000.0,14644435000.0,35973228000.0,827145000.0,-2626873000.0,2025,1873891000.0,13817290000.0,2025-12-31,2026-03-12
24848,C&A MODAS S.A.,356221000.0,-316860000.0,5166360000.0,173636000.0,1848000.0,3478337000.0,446006000.0,358536000.0,2018,316860000.0,-444158000.0,2018-12-31,2019-08-30
24848,C&A MODAS S.A.,1033084000.0,-301449000.0,5285176000.0,971993000.0,1587680000.0,6037092000.0,447109000.0,851888000.0,2019,301449000.0,1140571000.0,2019-12-31,2020-03-23
24848,C&A MODAS S.A.,-164238000.0,-225780000.0,4085486000.0,-166332000.0,1211252000.0,7309647000.0,1509159000.0,604648000.0,2020,225780000.0,-297907000.0,2020-12-31,2021-03-18
24848,C&A MODAS S.A.,92798000.0,-267305000.0,5153205000.0,329009000.0,1374826000.0,8672666000.0,1050251000.0,480793000.0,2021,267305000.0,324575000.0,2021-12-31,2022-03-10
24848,C&A MODAS S.A.,268180000.0,-601339000.0,6183550000.0,829000.0,2150832000.0,9629594000.0,1674091000.0,1090374000.0,2022,601339000.0,476741000.0,2022-12-31,2023-03-01
24848,C&A MODAS S.A.,394448000.0,-636476000.0,6719317000.0,2337000.0,1687854000.0,9417656000.0,1155588000.0,960251000.0,2023,636476000.0,532266000.0,2023-12-31,2024-02-28
24848,C&A MODAS S.A.,809245000.0,-568325000.0,7636539000.0,452478000.0,1498013000.0,10053899000.0,1403225000.0,1485047000.0,2024,568325000.0,94788000.0,2024-12-31,2025-02-26
24848,C&A MODAS S.A.,1044549000.0,-573843000.0,7982958000.0,587087000.0,960472000.0,9318633000.0,774521000.0,1312329000.0,2025,573843000.0,185951000.0,2025-12-31,2026-02-24
23795,CAIXA SEGURIDADE PARTICIPAÇÕES S.A.,1209440000.0,-6010000.0,0.0,1089593000.0,0.0,3932805000.0,218838000.0,,2016,6010000.0,-218838000.0,2016-12-31,2017-03-20
23795,CAIXA SEGURIDADE PARTICIPAÇÕES S.A.,1450351000.0,-5490000.0,0.0,1298850000.0,0.0,4489179000.0,257511000.0,,2017,5490000.0,-257511000.0,2017-12-31,2018-03-05
23795,CAIXA SEGURIDADE PARTICIPAÇÕES S.A.,1672505000.0,-5952000.0,0.0,1477607000.0,0.0,4674549000.0,249773000.0,,2018,5952000.0,-249773000.0,2018-12-31,2020-02-26
23795,CAIXA SEGURIDADE PARTICIPAÇÕES S.A.,1709065000.0,-494000.0,0.0,1536057000.0,0.0,5416716000.0,501728000.0,,2019,494000.0,-501728000.0,2019-12-31,2020-02-20
23795,CAIXA SEGURIDADE PARTICIPAÇÕES S.A.,2025482000.0,-841000.0,0.0,1769413000.0,0.0,9457308000.0,45000.0,2961869000.0,2020,841000.0,-45000.0,2020-12-31,2021-03-01
23795,CAIXA SEGURIDADE PARTICIPAÇÕES S.A.,2185663000.0,-5011000.0,0.0,1896152000.0,0.0,10655114000.0,470000.0,1585276000.0,2021,5011000.0,-470000.0,2021-12-31,2022-02-15
23795,CAIXA SEGURIDADE PARTICIPAÇÕES S.A.,3321421000.0,-494000.0,0.0,2952840000.0,0.0,11709268000.0,716000.0,2416314000.0,2022,494000.0,-716000.0,2022-12-31,2023-03-02
23795,CAIXA SEGURIDADE PARTICIPAÇÕES S.A.,3951228000.0,-33945000.0,0.0,3582244000.0,0.0,14004319000.0,430000.0,2827442000.0,2023,33945000.0,-430000.0,2023-12-31,2024-02-22
23795,CAIXA SEGURIDADE PARTICIPAÇÕES S.A.,4223023000.0,-58735000.0,0.0,3765184000.0,0.0,14024016000.0,435000.0,3599712000.0,2024,58735000.0,-435000.0,2024-12-31,2025-02-13
23795,CAIXA SEGURIDADE PARTICIPAÇÕES S.A.,4647593000.0,-10898000.0,0.0,4291560000.0,10129000.0,14765001000.0,306000.0,4273412000.0,2025,10898000.0,9823000.0,2025-12-31,2026-02-26
2100,CAMBUCI S.A.,27796000.0,-36699000.0,283287000.0,331000.0,163672000.0,269370000.0,23370000.0,11345000.0,2013,36699000.0,140302000.0,2013-12-31,2014-05-29
2100,CAMBUCI S.A.,45528000.0,-51305000.0,283864000.0,13986000.0,152251000.0,271780000.0,18258000.0,2827000.0,2014,51305000.0,133993000.0,2014-12-31,2015-03-30
2100,CAMBUCI S.A.,34654000.0,-77373000.0,285919000.0,-27450000.0,154279000.0,267560000.0,10858000.0,2413000.0,2015,77373000.0,143421000.0,2015-12-31,2016-05-26
2100,CAMBUCI S.A.,11352000.0,-50168000.0,276389000.0,-33388000.0,136699000.0,224018000.0,10761000.0,27715000.0,2016,50168000.0,125938000.0,2016-12-31,2017-03-24
2100,CAMBUCI S.A.,19946000.0,-38221000.0,259464000.0,44774000.0,105522000.0,221653000.0,12646000.0,9133000.0,2017,38221000.0,92876000.0,2017-12-31,2018-04-20
2100,CAMBUCI S.A.,28937000.0,-40383000.0,247489000.0,16650000.0,64763000.0,214940000.0,8902000.0,2047000.0,2018,40383000.0,55861000.0,2018-12-31,2019-03-15
2100,CAMBUCI S.A.,37944000.0,-31845000.0,219836000.0,20212000.0,79133000.0,243235000.0,9053000.0,10773000.0,2019,31845000.0,70080000.0,2019-12-31,2020-03-06
2100,CAMBUCI S.A.,15858000.0,-21107000.0,156499000.0,22027000.0,71627000.0,281584000.0,4002000.0,17336000.0,2020,21107000.0,67625000.0,2020-12-31,2021-02-12
2100,CAMBUCI S.A.,36092000.0,-30569000.0,240098000.0,27592000.0,97973000.0,318749000.0,3471000.0,-11177000.0,2021,30569000.0,94502000.0,2021-12-31,2022-02-24
2100,CAMBUCI S.A.,89176000.0,-47091000.0,440404000.0,56743000.0,111645000.0,386493000.0,8066000.0,42749000.0,2022,47091000.0,103579000.0,2022-12-31,2023-03-01
2100,CAMBUCI S.A.,98072000.0,-40910000.0,459161000.0,71881000.0,10208000.0,335593000.0,2080000.0,136479000.0,2023,40910000.0,8128000.0,2023-12-31,2024-03-04
2100,CAMBUCI S.A.,95141000.0,-5168000.0,437894000.0,76418000.0,3233000.0,368932000.0,1684000.0,85828000.0,2024,5168000.0,1549000.0,2024-12-31,2025-03-10
2100,CAMBUCI S.A.,68425000.0,-5515000.0,383122000.0,68390000.0,1972000.0,372970000.0,813000.0,80866000.0,2025,5515000.0,1159000.0,2025-12-31,2026-03-12
26646,CANTU STORE S.A.,401105000.0,-142849000.0,1536379000.0,263439000.0,760836000.0,1734525000.0,23557000.0,-312448000.0,2022,142849000.0,737279000.0,2022-12-31,2023-04-01
26646,CANTU STORE S.A.,240666000.0,-183927000.0,2347615000.0,90846000.0,968765000.0,2586713000.0,492970000.0,-163002000.0,2023,183927000.0,475795000.0,2023-12-31,2024-04-04
26646,CANTU STORE S.A.,307216000.0,-228997000.0,2600558000.0,83729000.0,1234458000.0,2990267000.0,456459000.0,-181167000.0,2024,228997000.0,777999000.0,2024-12-31,2025-03-31
26646,CANTU STORE S.A.,267070000.0,-325586000.0,3498268000.0,6912000.0,1347192000.0,4303569000.0,376938000.0,336029000.0,2025,325586000.0,970254000.0,2025-12-31,2026-04-30
17493,CAPITALPART PARTICIPACOES S.A.,-459366.0,-58548.0,0.0,-472169.0,0.0,363334.0,319813.0,-439949.0,2013,58548.0,-319813.0,2013-12-31,2014-03-28
17493,CAPITALPART PARTICIPACOES S.A.,-482668.0,-52382.0,0.0,-517573.0,0.0,96711.0,50363.0,-269450.0,2014,52382.0,-50363.0,2014-12-31,2015-03-30
17493,CAPITALPART PARTICIPACOES S.A.,-505817.0,-59230.0,0.0,-559900.0,0.0,49808.0,5406.0,-667676.0,2015,59230.0,-5406.0,2015-12-31,2016-03-30
17493,CAPITALPART PARTICIPACOES S.A.,-554877.0,-78034.0,0.0,-628897.0,0.0,38303.0,1487.0,-594319.0,2016,78034.0,-1487.0,2016-12-31,2017-03-29
26190,CARAMURU ALIMENTOS S.A.,953226000.0,-1781068000.0,6069525000.0,221843000.0,2185804000.0,4863825000.0,858574000.0,255571000.0,2020,1781068000.0,1327230000.0,2020-12-31,2022-06-10
26190,CARAMURU ALIMENTOS S.A.,618722000.0,-1118612000.0,7592251000.0,353867000.0,3342101000.0,6550203000.0,2000811000.0,174174000.0,2021,1118612000.0,1341290000.0,2021-12-31,2022-03-15
26190,CARAMURU ALIMENTOS S.A.,453141000.0,-1496089000.0,8626376000.0,348744000.0,4249032000.0,8647423000.0,2668412000.0,4059000.0,2022,1496089000.0,1580620000.0,2022-12-31,2023-03-15
26190,CARAMURU ALIMENTOS S.A.,309885000.0,-1040752000.0,7592518000.0,239857000.0,2196793000.0,6278512000.0,1088465000.0,407063000.0,2023,1040752000.0,1108328000.0,2023-12-31,2024-04-26
26190,CARAMURU ALIMENTOS S.A.,697752000.0,-1318845000.0,7272804000.0,272076000.0,3779378000.0,7220957000.0,2536096000.0,560882000.0,2024,1318845000.0,1243282000.0,2024-12-31,2025-05-30
26190,CARAMURU ALIMENTOS S.A.,542560000.0,-783675000.0,8157897000.0,570799000.0,3291079000.0,7068495000.0,2017378000.0,-25658000.0,2025,783675000.0,1273701000.0,2025-12-31,2026-03-20
23620,CBO HOLDING S.A.,111022000.0,-326794000.0,494664000.0,-209243000.0,1910709000.0,3233536000.0,259517000.0,89507000.0,2014,326794000.0,1651192000.0,2014-12-31,2015-06-22
23620,CBO HOLDING S.A.,201985000.0,-1030611000.0,634280000.0,-789492000.0,3010685000.0,3777104000.0,290878000.0,234676000.0,2015,1030611000.0,2719807000.0,2015-12-31,2016-03-31
23620,CBO HOLDING S.A.,111773000.0,334580000.0,567399000.0,487415000.0,2630738000.0,3844870000.0,108642000.0,150999000.0,2016,334580000.0,2522096000.0,2016-12-31,2017-03-02
23620,CBO HOLDING S.A.,126641000.0,-182494000.0,569757000.0,-43714000.0,3123966000.0,4324172000.0,75198000.0,205084000.0,2017,182494000.0,3048768000.0,2017-12-31,2018-02-19
23620,CBO HOLDING S.A.,317406000.0,-739191000.0,853593000.0,-359054000.0,3882970000.0,4734289000.0,131447000.0,404340000.0,2018,739191000.0,3751523000.0,2018-12-31,2019-02-28
23620,CBO HOLDING S.A.,350543000.0,-240931000.0,1109344000.0,285932000.0,3632721000.0,4610231000.0,106243000.0,606959000.0,2019,240931000.0,3526478000.0,2019-12-31,2020-09-14
23620,CBO HOLDING S.A.,467042000.0,-406493000.0,1315888000.0,158911000.0,4096721000.0,5484614000.0,102232000.0,550912000.0,2020,406493000.0,3994489000.0,2020-12-31,2021-02-10
23620,CBO HOLDING S.A.,378665000.0,-231214000.0,1410454000.0,172801000.0,4783397000.0,6867578000.0,197233000.0,634025000.0,2021,231214000.0,4586164000.0,2021-12-31,2022-03-09
23620,CBO HOLDING S.A.,311111000.0,-229963000.0,1828366000.0,70810000.0,4433644000.0,6607275000.0,68128000.0,509511000.0,2022,229963000.0,4365516000.0,2022-12-31,2023-03-03
23620,CBO HOLDING S.A.,329509000.0,-237786000.0,1918605000.0,66779000.0,3886952000.0,6059803000.0,55699000.0,718384000.0,2023,237786000.0,3831253000.0,2023-12-31,2024-02-09
23620,CBO HOLDING S.A.,299240000.0,-389557000.0,1981051000.0,44795000.0,4828225000.0,7497628000.0,46640000.0,848658000.0,2024,389557000.0,4781585000.0,2024-12-31,2025-03-27
23620,CBO HOLDING S.A.,534101000.0,-251587000.0,2171990000.0,235115000.0,4073415000.0,6864968000.0,47441000.0,774772000.0,2025,251587000.0,4025974000.0,2025-12-31,2026-03-11
18821,CCR S.A.,2725018000.0,-878557000.0,6016558000.0,1367884000.0,8261608000.0,14033010000.0,1265675000.0,2464567000.0,2013,878557000.0,6995933000.0,2013-12-31,2014-03-12
18821,CCR S.A.,2863150000.0,-1325940000.0,7397194000.0,1349693000.0,10450761000.0,17223176000.0,1588647000.0,2187686000.0,2014,1325940000.0,8862114000.0,2014-12-31,2015-04-02
18821,CCR S.A.,2729437000.0,-3015453000.0,8478865000.0,786871000.0,14135107000.0,21683494000.0,2296420000.0,2349825000.0,2015,3015453000.0,11838687000.0,2015-12-31,2016-02-25
18821,CCR S.A.,4302444000.0,-3218377000.0,9996067000.0,1637447000.0,16186507000.0,24555847000.0,2821220000.0,4186220000.0,2016,3218377000.0,13365287000.0,2016-12-31,2017-03-06
18821,CCR S.A.,3897029000.0,-2409345000.0,10560997000.0,1782918000.0,16905247000.0,30612208000.0,2835226000.0,3339705000.0,2017,2409345000.0,14070021000.0,2017-12-31,2018-02-27
18821,CCR S.A.,2349330000.0,-1837699000.0,9715859000.0,636182000.0,17025742000.0,30815998000.0,1267097000.0,3685677000.0,2018,1837699000.0,15758645000.0,2018-12-31,2019-03-21
18821,CCR S.A.,3547478000.0,-1785888000.0,10590811000.0,1426452000.0,19030838000.0,33262087000.0,1263212000.0,4995005000.0,2019,1785888000.0,17767626000.0,2019-12-31,2020-03-05
18821,CCR S.A.,2034853000.0,-1813223000.0,9889480000.0,86113000.0,19903983000.0,33448620000.0,3548987000.0,4151670000.0,2020,1813223000.0,16354996000.0,2020-12-31,2021-03-04
20184,CCX CARVÃO DA COLÔMBIA S.A. - EM LIQUIDAÇÃO,-551349000.0,-17059000.0,0.0,-537368000.0,35627000.0,299031000.0,1265000.0,42427000.0,2013,17059000.0,34362000.0,2013-12-31,2014-04-14
20184,CCX CARVÃO DA COLÔMBIA S.A. - EM LIQUIDAÇÃO,-31500000.0,-9004000.0,0.0,-30388000.0,0.0,333781000.0,2489000.0,36851000.0,2014,9004000.0,-2489000.0,2014-12-31,2015-03-31
20184,CCX CARVÃO DA COLÔMBIA S.A. - EM LIQUIDAÇÃO,-25674000.0,-14455000.0,0.0,-13585000.0,0.0,486144000.0,970000.0,-28538000.0,2015,14455000.0,-970000.0,2015-12-31,2016-03-30
20184,CCX CARVÃO DA COLÔMBIA S.A. - EM LIQUIDAÇÃO,11185000.0,-24547000.0,0.0,-302735000.0,0.0,36664000.0,5781000.0,5729000.0,2016,24547000.0,-5781000.0,2016-12-31,2017-03-28
20184,CCX CARVÃO DA COLÔMBIA S.A. - EM LIQUIDAÇÃO,-3159000.0,-9577000.0,0.0,-5856000.0,0.0,19545000.0,1432000.0,-12434000.0,2017,9577000.0,-1432000.0,2017-12-31,2018-04-09
20184,CCX CARVÃO DA COLÔMBIA S.A. - EM LIQUIDAÇÃO,-2748000.0,-15992000.0,0.0,-1666000.0,0.0,14582000.0,2400000.0,-4973000.0,2018,15992000.0,-2400000.0,2018-12-31,2019-04-01
20184,CCX CARVÃO DA COLÔMBIA S.A. - EM LIQUIDAÇÃO,-2651000.0,-14410000.0,0.0,-4320000.0,0.0,9949000.0,62000.0,-4343000.0,2019,14410000.0,-62000.0,2019-12-31,2020-09-23
20184,CCX CARVÃO DA COLÔMBIA S.A. - EM LIQUIDAÇÃO,-543000.0,-19996000.0,0.0,5648000.0,0.0,8821000.0,31000.0,499000.0,2020,19996000.0,-31000.0,2020-12-31,2021-07-06
20184,CCX CARVÃO DA COLÔMBIA S.A. - EM LIQUIDAÇÃO,-198000.0,-15342000.0,0.0,-1215000.0,0.0,5000000.0,33000.0,-669000.0,2021,15342000.0,-33000.0,2021-12-31,2022-04-04
20184,CCX CARVÃO DA COLÔMBIA S.A. - EM LIQUIDAÇÃO,-606000.0,-21797000.0,0.0,-7970000.0,0.0,842000.0,31000.0,3382000.0,2022,21797000.0,-31000.0,2022-12-31,2024-05-15
16675,CEL PARTICIPAÇÕES S.A. - CELPAR,7943412.0,-7384639.0,51718676.0,597540.0,21417720.0,104496442.0,8683309.0,,2021,7384639.0,12734411.0,2021-12-31,2022-03-31
16675,CEL PARTICIPAÇÕES S.A. - CELPAR,7170149.0,-7130253.0,53158423.0,472174.0,21069003.0,113196412.0,869362.0,,2022,7130253.0,20199641.0,2022-12-31,2023-03-31
16675,CEL PARTICIPAÇÕES S.A. - CELPAR,9804823.0,-10091423.0,61218127.0,120707.0,17671837.0,121341438.0,21304.0,,2023,10091423.0,17650533.0,2023-12-31,2024-03-27
16675,CEL PARTICIPAÇÕES S.A. - CELPAR,10857347.0,-10856569.0,72018563.0,152557.0,16978829.0,134960740.0,12479.0,,2024,10856569.0,16966350.0,2024-12-31,2025-03-28
16675,CEL PARTICIPAÇÕES S.A. - CELPAR,12486101.0,-12597309.0,80854699.0,140630.0,15825496.0,150626315.0,490657.0,,2025,12597309.0,15334839.0,2025-12-31,2026-03-27
24597,CELEO REDES TRANSMISSÃO DE ENERGIA S.A.,35201000.0,-2840000.0,39292000.0,19663000.0,542349000.0,1303891000.0,117767000.0,-48535000.0,2018,2840000.0,424582000.0,2018-12-31,2019-04-26
24597,CELEO REDES TRANSMISSÃO DE ENERGIA S.A.,105239.0,-43924.0,143474.0,38409.0,495895.0,1007030.0,141.0,160044.0,2019,43924.0,495754.0,2019-12-31,2020-03-23
24597,CELEO REDES TRANSMISSÃO DE ENERGIA S.A.,107521000.0,-23237000.0,139612000.0,62560000.0,430359000.0,990198000.0,4110000.0,93144000.0,2020,23237000.0,426249000.0,2020-12-31,2021-03-26
24597,CELEO REDES TRANSMISSÃO DE ENERGIA S.A.,91882000.0,-26834000.0,126953000.0,45258000.0,387119000.0,957927000.0,5045000.0,85213000.0,2021,26834000.0,382074000.0,2021-12-31,2022-03-16
24597,CELEO REDES TRANSMISSÃO DE ENERGIA S.A.,115347000.0,-53218000.0,154546000.0,54246000.0,340327000.0,873727000.0,317000.0,116547000.0,2022,53218000.0,340010000.0,2022-12-31,2023-02-23
24597,CELEO REDES TRANSMISSÃO DE ENERGIA S.A.,92620000.0,-49394000.0,134021000.0,37812000.0,355776000.0,852208000.0,277000.0,81460000.0,2023,49394000.0,355499000.0,2023-12-31,2024-02-29
24597,CELEO REDES TRANSMISSÃO DE ENERGIA S.A.,99723000.0,-44133000.0,154939000.0,40405000.0,356936000.0,813631000.0,6913000.0,38229000.0,2024,44133000.0,350023000.0,2024-12-31,2025-03-26
24597,CELEO REDES TRANSMISSÃO DE ENERGIA S.A.,87516000.0,-57600000.0,131681000.0,19110000.0,435956000.0,789399000.0,263000.0,32080000.0,2025,57600000.0,435693000.0,2025-12-31,2026-03-31
20320,CEMIG GERACAO E TRANSMISSAO S.A.,1205565000.0,-1324170000.0,6808975000.0,69868000.0,8633671000.0,16484244000.0,427827000.0,-979153000.0,2016,1324170000.0,8205844000.0,2016-12-31,2017-04-11
20320,CEMIG GERACAO E TRANSMISSAO S.A.,1796086000.0,-1164121000.0,7786741000.0,428459000.0,8320163000.0,16710628000.0,403339000.0,777938000.0,2017,1164121000.0,7916824000.0,2017-12-31,2018-03-29
20320,CEMIG GERACAO E TRANSMISSAO S.A.,1352294000.0,-1540234000.0,6874237000.0,590783000.0,8198912000.0,16952080000.0,301696000.0,1678043000.0,2018,1540234000.0,7897216000.0,2018-12-31,2019-04-02
20320,CEMIG GERACAO E TRANSMISSAO S.A.,1204502000.0,-1149320000.0,7723720000.0,835078000.0,7886783000.0,17663052000.0,211608000.0,742843000.0,2019,1149320000.0,7675175000.0,2019-12-31,2020-04-01
20320,CEMIG GERACAO E TRANSMISSAO S.A.,2373489000.0,-2783844000.0,7356088000.0,1055535000.0,8885711000.0,20455865000.0,384397000.0,2564645000.0,2020,2783844000.0,8501314000.0,2020-12-31,2021-03-30
20320,CEMIG GERACAO E TRANSMISSAO S.A.,3282335000.0,-2298743000.0,8311112000.0,871434000.0,6029460000.0,19350774000.0,123071000.0,2134380000.0,2021,2298743000.0,5906389000.0,2021-12-31,2022-03-29
20320,CEMIG GERACAO E TRANSMISSAO S.A.,2680640000.0,-1081323000.0,8148452000.0,2085456000.0,4959066000.0,19988994000.0,292980000.0,1699380000.0,2022,1081323000.0,4666086000.0,2022-12-31,2023-03-25
20320,CEMIG GERACAO E TRANSMISSAO S.A.,3082720000.0,-754208000.0,6760742000.0,2402666000.0,2868093000.0,18464613000.0,361954000.0,2918323000.0,2023,754208000.0,2506139000.0,2023-12-31,2024-03-28
20320,CEMIG GERACAO E TRANSMISSAO S.A.,5434338000.0,-846586000.0,6108966000.0,3692313000.0,1031924000.0,17664336000.0,233739000.0,2306542000.0,2024,846586000.0,798185000.0,2024-12-31,2025-05-14
20320,CEMIG GERACAO E TRANSMISSAO S.A.,2126619000.0,-279012000.0,7225809000.0,1817262000.0,3155368000.0,19153008000.0,226202000.0,1694416000.0,2025,279012000.0,2929166000.0,2025-12-31,2026-06-15
26530,CENCOSUD BRASIL COMERCIAL S.A.,221166000.0,0.0,8408932000.0,60939000.0,0.0,6384357000.0,561169000.0,719913000.0,2020,0.0,-561169000.0,2020-12-31,2021-10-11
26530,CENCOSUD BRASIL COMERCIAL S.A.,221511000.0,0.0,8148858000.0,-74783000.0,0.0,6128802000.0,464754000.0,369266000.0,2021,0.0,-464754000.0,2021-12-31,2022-03-03
26530,CENCOSUD BRASIL COMERCIAL S.A.,212106000.0,-621015000.0,9198562000.0,-466967000.0,1074605000.0,6831112000.0,142264000.0,1508235000.0,2022,621015000.0,932341000.0,2022-12-31,2023-03-02
26530,CENCOSUD BRASIL COMERCIAL S.A.,166527000.0,-770116000.0,9981865000.0,-602801000.0,1258085000.0,7275127000.0,417041000.0,466880000.0,2023,770116000.0,841044000.0,2023-12-31,2024-03-05
2437,CENTRAIS ELET BRAS S.A. - ELETROBRAS,-5190643000.0,-3446365000.0,28186399000.0,-6291375000.0,34768193000.0,138385401000.0,4477384000.0,9329355000.0,2013,3446365000.0,30290809000.0,2013-12-31,2014-04-03
2437,CENTRAIS ELET BRAS S.A. - ELETROBRAS,-1956609000.0,-4511129000.0,30244854000.0,-2962502000.0,41625709000.0,144631697000.0,3150603000.0,5192461000.0,2014,4511129000.0,38475106000.0,2014-12-31,2015-04-09
2437,CENTRAIS ELET BRAS S.A. - ELETROBRAS,-12544521000.0,-19651266000.0,32588838000.0,-14953658000.0,48212889000.0,149645408000.0,2041406000.0,6980475000.0,2015,19651266000.0,46171483000.0,2015-12-31,2016-03-31
2437,CENTRAIS ELET BRAS S.A. - ELETROBRAS,17953406000.0,-17152701000.0,60748853000.0,3513276000.0,46991307000.0,170499429000.0,2361014000.0,1888738000.0,2016,17152701000.0,44630293000.0,2016-12-31,2017-03-27
2437,CENTRAIS ELET BRAS S.A. - ELETROBRAS,4992898000.0,-10344671000.0,37876024000.0,-1725691000.0,46670390000.0,172975359000.0,2122128000.0,2385569000.0,2017,10344671000.0,44548262000.0,2017-12-31,2018-03-27
2437,CENTRAIS ELET BRAS S.A. - ELETROBRAS,18288411000.0,-9705007000.0,24975747000.0,13347577000.0,55817141000.0,181210208000.0,2143440000.0,2410161000.0,2018,9705007000.0,53673701000.0,2018-12-31,2019-03-27
2437,CENTRAIS ELET BRAS S.A. - ELETROBRAS,8449632000.0,-8740380000.0,27725527000.0,10743843000.0,49106830000.0,177466715000.0,3562843000.0,-86329000.0,2019,8740380000.0,45543987000.0,2019-12-31,2020-03-27
2437,CENTRAIS ELET BRAS S.A. - ELETROBRAS,8624292000.0,-10802169000.0,29080513000.0,6387313000.0,48055227000.0,178966449000.0,3859969000.0,4198719000.0,2020,10802169000.0,44195258000.0,2020-12-31,2021-03-19
2437,CENTRAIS ELET BRAS S.A. - ELETROBRAS,13050695000.0,-8495058000.0,37616241000.0,5713633000.0,44919129000.0,188303069000.0,2737253000.0,8230605000.0,2021,8495058000.0,42181876000.0,2021-12-31,2022-03-18
2461,CENTRAIS ELET DE SANTA CATARINA S.A.,145027000.0,-116185000.0,4872377000.0,198874000.0,681672000.0,5627763000.0,664506000.0,436484000.0,2013,116185000.0,17166000.0,2013-12-31,2014-03-28
2461,CENTRAIS ELET DE SANTA CATARINA S.A.,787005000.0,-193705000.0,6246243000.0,513055000.0,859353000.0,6171127000.0,449789000.0,-60038000.0,2014,193705000.0,409564000.0,2014-12-31,2015-03-27
2461,CENTRAIS ELET DE SANTA CATARINA S.A.,95720000.0,-337066000.0,6864695000.0,130674000.0,1142905000.0,7988928000.0,922047000.0,643986000.0,2015,337066000.0,220858000.0,2015-12-31,2016-03-29
2461,CENTRAIS ELET DE SANTA CATARINA S.A.,93760000.0,-487933000.0,6108740000.0,-9817000.0,787791000.0,8628715000.0,917464000.0,750149000.0,2016,487933000.0,-129673000.0,2016-12-31,2017-04-11
2461,CENTRAIS ELET DE SANTA CATARINA S.A.,305197000.0,-446347000.0,7091235000.0,66485000.0,482682000.0,9060252000.0,564594000.0,321469000.0,2017,446347000.0,-81912000.0,2017-12-31,2018-04-16
2461,CENTRAIS ELET DE SANTA CATARINA S.A.,395680000.0,-353436000.0,7664544000.0,165032000.0,1420063000.0,9854745000.0,698060000.0,-383785000.0,2018,353436000.0,722003000.0,2018-12-31,2019-04-18
2461,CENTRAIS ELET DE SANTA CATARINA S.A.,497123000.0,-308333000.0,8015909000.0,283575000.0,1661576000.0,9498257000.0,566181000.0,132626000.0,2019,308333000.0,1095395000.0,2019-12-31,2020-03-27
2461,CENTRAIS ELET DE SANTA CATARINA S.A.,681635000.0,-188007000.0,8858700000.0,518685000.0,1961452000.0,10667254000.0,1166205000.0,913320000.0,2020,188007000.0,795247000.0,2020-12-31,2021-03-12
2461,CENTRAIS ELET DE SANTA CATARINA S.A.,797370000.0,-233906000.0,11341550000.0,563172000.0,2021965000.0,11958245000.0,844088000.0,378279000.0,2021,233906000.0,1177877000.0,2021-12-31,2022-03-11
2461,CENTRAIS ELET DE SANTA CATARINA S.A.,802347000.0,-538284000.0,10082841000.0,540562000.0,2449268000.0,11628067000.0,940684000.0,867915000.0,2022,538284000.0,1508584000.0,2022-12-31,2023-03-29
2461,CENTRAIS ELET DE SANTA CATARINA S.A.,825103000.0,-822392000.0,10402608000.0,557034000.0,3171271000.0,12302261000.0,906196000.0,450294000.0,2023,822392000.0,2265075000.0,2023-12-31,2024-03-28
2461,CENTRAIS ELET DE SANTA CATARINA S.A.,1219791000.0,-698062000.0,10658858000.0,715802000.0,4203007000.0,13037758000.0,1019482000.0,281690000.0,2024,698062000.0,3183525000.0,2024-12-31,2025-03-28
2461,CENTRAIS ELET DE SANTA CATARINA S.A.,1413978000.0,-1196659000.0,11900276000.0,729495000.0,5005746000.0,13831031000.0,418813000.0,176819000.0,2025,1196659000.0,4586933000.0,2025-12-31,2026-03-20
2577,CESP - CIA ENERGETICA DE SAO PAULO,812726000.0,-585670000.0,1917248000.0,1728762000.0,1825562000.0,14551864000.0,1579000.0,643131000.0,2020,585670000.0,1823983000.0,2020-12-31,2021-03-29
2577,CESP - CIA ENERGETICA DE SAO PAULO,1319606000.0,-646695000.0,2292813000.0,440827000.0,2001380000.0,14427182000.0,202000.0,625397000.0,2021,646695000.0,2001178000.0,2021-12-31,2022-03-28
2577,CESP - CIA ENERGETICA DE SAO PAULO,972475000.0,-740242000.0,2255353000.0,0.0,0.0,16260718000.0,1116552000.0,356401000.0,2022,740242000.0,-1116552000.0,2022-12-31,2023-02-16
2577,CESP - CIA ENERGETICA DE SAO PAULO,617747000.0,-700937000.0,1389769000.0,-449370000.0,2437846000.0,13568181000.0,1385029000.0,4112678000.0,2023,700937000.0,1052817000.0,2023-12-31,2024-02-08
2577,CESP - CIA ENERGETICA DE SAO PAULO,1969127000.0,-597268000.0,1469889000.0,1077900000.0,4019906000.0,14493499000.0,1855465000.0,633365000.0,2024,597268000.0,2164441000.0,2024-12-31,2025-02-24
2577,CESP - CIA ENERGETICA DE SAO PAULO,956998000.0,-693109000.0,1710155000.0,335809000.0,6384689000.0,13477622000.0,807182000.0,-165615000.0,2025,693109000.0,5577507000.0,2025-12-31,2026-03-03
21792,CETIP S.A. - BALCÃO ORGANIZADO DE ATIVOS E DERIVATIVOS,553104000.0,-76783000.0,1075717000.0,360778000.0,643625000.0,2682648000.0,475000.0,508748000.0,2013,76783000.0,643150000.0,2013-12-31,2014-03-20
21792,CETIP S.A. - BALCÃO ORGANIZADO DE ATIVOS E DERIVATIVOS,616825000.0,-117760000.0,1222858000.0,427119000.0,789363000.0,2998539000.0,551000.0,381800000.0,2014,117760000.0,788812000.0,2014-12-31,2015-03-10
21792,CETIP S.A. - BALCÃO ORGANIZADO DE ATIVOS E DERIVATIVOS,678683000.0,-405904000.0,1363074000.0,497606000.0,1302412000.0,3497064000.0,2438000.0,449725000.0,2015,405904000.0,1299974000.0,2015-12-31,2016-03-09
21792,CETIP S.A. - BALCÃO ORGANIZADO DE ATIVOS E DERIVATIVOS,793438000.0,-214239000.0,1545900000.0,572628000.0,1359958000.0,3888009000.0,3555000.0,491799000.0,2016,214239000.0,1356403000.0,2016-12-31,2017-02-15
27103,CHINA THREE GORGES BRASIL ENERGIA S.A.,3536677000.0,-1772826000.0,6250192000.0,1745876000.0,4415216000.0,28609833000.0,1317861000.0,1032397000.0,2021,1772826000.0,3097355000.0,2021-12-31,2022-11-25
27103,CHINA THREE GORGES BRASIL ENERGIA S.A.,3661690000.0,-1633562000.0,5962152000.0,2278414000.0,4116423000.0,30195920000.0,2383790000.0,2462153000.0,2022,1633562000.0,1732633000.0,2022-12-31,2023-03-17
27103,CHINA THREE GORGES BRASIL ENERGIA S.A.,3663311000.0,-818907000.0,5938259000.0,2657292000.0,3100328000.0,30113427000.0,1698042000.0,2706081000.0,2023,818907000.0,1402286000.0,2023-12-31,2024-02-29
27103,CHINA THREE GORGES BRASIL ENERGIA S.A.,3840566000.0,-1244518000.0,5818065000.0,2275981000.0,3056787000.0,33522561000.0,2742164000.0,3172687000.0,2024,1244518000.0,314623000.0,2024-12-31,2025-02-27
27103,CHINA THREE GORGES BRASIL ENERGIA S.A.,3840492000.0,-820080000.0,6408632000.0,2680217000.0,4595134000.0,33011919000.0,878956000.0,2745117000.0,2025,820080000.0,3716178000.0,2025-12-31,2026-04-09
14826,CIA BRASILEIRA DE DISTRIBUICAO,2948239000.0,-1836200000.0,57730262000.0,1396207000.0,9493268000.0,38008352000.0,8367176000.0,4891950000.0,2013,1836200000.0,1126092000.0,2013-12-31,2014-03-18
14826,CIA BRASILEIRA DE DISTRIBUICAO,4004000000.0,-2195000000.0,65525000000.0,1760000000.0,9728000000.0,45500000000.0,11149000000.0,5016000000.0,2014,2195000000.0,-1421000000.0,2014-12-31,2015-02-12
14826,CIA BRASILEIRA DE DISTRIBUICAO,1723000000.0,0.0,69220000000.0,-276000000.0,7978000000.0,47241000000.0,11015000000.0,4632000000.0,2015,0.0,-3037000000.0,2015-12-31,2016-07-29
14826,CIA BRASILEIRA DE DISTRIBUICAO,856000000.0,0.0,41454000000.0,-1076000000.0,5869000000.0,45217000000.0,5112000000.0,-1304000000.0,2016,0.0,757000000.0,2016-12-31,2017-03-07
14826,CIA BRASILEIRA DE DISTRIBUICAO,1509000000.0,0.0,44634000000.0,865000000.0,4588000000.0,47928000000.0,3792000000.0,1895000000.0,2017,0.0,796000000.0,2017-12-31,2018-02-19
14826,CIA BRASILEIRA DE DISTRIBUICAO,2177000000.0,0.0,49388000000.0,1180000000.0,5525000000.0,52849000000.0,4369000000.0,2586000000.0,2018,0.0,1156000000.0,2018-12-31,2019-03-26
14826,CIA BRASILEIRA DE DISTRIBUICAO,1966000000.0,0.0,56635000000.0,836000000.0,14194000000.0,58475000000.0,7954000000.0,1135000000.0,2019,0.0,6240000000.0,2019-12-31,2020-10-28
14826,CIA BRASILEIRA DE DISTRIBUICAO,2629000000.0,0.0,51253000000.0,2326000000.0,9151000000.0,53295000000.0,8711000000.0,4742000000.0,2020,0.0,440000000.0,2020-12-31,2021-02-23
14826,CIA BRASILEIRA DE DISTRIBUICAO,1690000000.0,0.0,51291000000.0,960000000.0,9052000000.0,49443000000.0,8274000000.0,2728000000.0,2021,0.0,778000000.0,2021-12-31,2022-02-23
14826,CIA BRASILEIRA DE DISTRIBUICAO,-565000000.0,0.0,17321000000.0,-4000000.0,5863000000.0,43839000000.0,3751000000.0,-216000000.0,2022,0.0,2112000000.0,2022-12-31,2023-02-27
14826,CIA BRASILEIRA DE DISTRIBUICAO,677000000.0,0.0,19250000000.0,-2134000000.0,5274000000.0,22050000000.0,2971000000.0,563000000.0,2023,0.0,2303000000.0,2023-12-31,2024-02-21
14826,CIA BRASILEIRA DE DISTRIBUICAO,-436000000.0,0.0,18790000000.0,-2403000000.0,4045000000.0,19703000000.0,2631000000.0,1363000000.0,2024,0.0,1414000000.0,2024-12-31,2025-02-18
14826,CIA BRASILEIRA DE DISTRIBUICAO,-169000000.0,0.0,19113000000.0,-815000000.0,4102000000.0,18426000000.0,1990000000.0,1352000000.0,2025,0.0,2112000000.0,2025-12-31,2026-02-24
2909,CIA CACIQUE CAFE SOLUVEL,104535000.0,-86686000.0,772218000.0,51547000.0,192828000.0,509764000.0,13655000.0,137394000.0,2013,86686000.0,179173000.0,2013-12-31,2014-03-25
21393,CIA CELG DE PARTICIPACOES - CELGPAR,25026000.0,-18087000.0,55149000.0,14350000.0,17334000.0,455333000.0,1021000.0,,2013,18087000.0,16313000.0,2013-12-31,2014-03-28
21393,CIA CELG DE PARTICIPACOES - CELGPAR,-549664000.0,-78249000.0,52083000.0,-613052000.0,1946047000.0,664889000.0,143000.0,,2014,78249000.0,1945904000.0,2014-12-31,2015-04-29
21393,CIA CELG DE PARTICIPACOES - CELGPAR,-508884000.0,-143807000.0,50529000.0,-618164000.0,2085265000.0,643027000.0,104000.0,,2015,143807000.0,2085161000.0,2015-12-31,2016-03-28
21393,CIA CELG DE PARTICIPACOES - CELGPAR,1920684000.0,-85807000.0,441605000.0,1444026000.0,8339000.0,2123880000.0,130000.0,,2016,85807000.0,8209000.0,2016-12-31,2017-03-28
21393,CIA CELG DE PARTICIPACOES - CELGPAR,114158000.0,-9380000.0,249321000.0,124768000.0,5040000.0,1191481000.0,419000.0,,2017,9380000.0,4621000.0,2017-12-31,2018-04-17
21393,CIA CELG DE PARTICIPACOES - CELGPAR,79333000.0,-2768000.0,202577000.0,62506000.0,73483000.0,1335811000.0,608000.0,,2018,2768000.0,72875000.0,2018-12-31,2019-04-24
21393,CIA CELG DE PARTICIPACOES - CELGPAR,96321000.0,-7388000.0,209474000.0,71922000.0,110880000.0,1430854000.0,6992000.0,,2019,7388000.0,103888000.0,2019-12-31,2020-04-17
21393,CIA CELG DE PARTICIPACOES - CELGPAR,239658000.0,-7069000.0,278424000.0,166436000.0,106440000.0,2033989000.0,4600000.0,,2020,7069000.0,101840000.0,2020-12-31,2021-03-31
21393,CIA CELG DE PARTICIPACOES - CELGPAR,221339000.0,-16734000.0,270852000.0,169819000.0,97247000.0,2225226000.0,2732000.0,,2021,16734000.0,94515000.0,2021-12-31,2022-04-20
21393,CIA CELG DE PARTICIPACOES - CELGPAR,0.0,0.0,0.0,0.0,0.0,0.0,0.0,,2022,0.0,0.0,2022-12-31,2023-03-28
21393,CIA CELG DE PARTICIPACOES - CELGPAR,0.0,0.0,0.0,0.0,0.0,0.0,0.0,,2023,0.0,0.0,2023-12-31,2024-03-27
21393,CIA CELG DE PARTICIPACOES - CELGPAR,15914000.0,-1252000.0,31297000.0,37486000.0,13210000.0,844625000.0,67000.0,,2024,1252000.0,13143000.0,2024-12-31,2025-04-02
3174,CIA DOCAS DE IMBITUBA,-6208000.0,-2017000.0,66000.0,-8225000.0,13675000.0,514895000.0,8000.0,-476000.0,2014,2017000.0,13667000.0,2014-12-31,2015-04-27
2453,CIA ENERGETICA DE MINAS GERAIS - CEMIG,4362471000.0,-1193978000.0,14627280000.0,3103855000.0,9457364000.0,29814142000.0,2201827000.0,3515260000.0,2013,1193978000.0,7255537000.0,2013-12-31,2014-04-04
2453,CIA ENERGETICA DE MINAS GERAIS - CEMIG,5580398000.0,-1693672000.0,19539578000.0,3136903000.0,13508738000.0,35000003000.0,887143000.0,3733930000.0,2014,1693672000.0,12621595000.0,2014-12-31,2015-03-27
2453,CIA ENERGETICA DE MINAS GERAIS - CEMIG,4096653000.0,-2204344000.0,21292211000.0,2469003000.0,15166537000.0,40857089000.0,924632000.0,3007236000.0,2015,2204344000.0,14241905000.0,2015-12-31,2016-11-12
2453,CIA ENERGETICA DE MINAS GERAIS - CEMIG,1805118000.0,-2478495000.0,18772656000.0,334754000.0,15179280000.0,42035853000.0,995132000.0,1213383000.0,2016,2478495000.0,14184148000.0,2016-12-31,2017-04-11
2453,CIA ENERGETICA DE MINAS GERAIS - CEMIG,2642407000.0,-1800264000.0,21711690000.0,1001596000.0,14397697000.0,42239589000.0,1030257000.0,579575000.0,2017,1800264000.0,13367440000.0,2017-12-31,2018-03-29
2453,CIA ENERGETICA DE MINAS GERAIS - CEMIG,2495897000.0,-2224161000.0,22266217000.0,1741713000.0,14771828000.0,59854673000.0,890804000.0,1007812000.0,2018,2224161000.0,13881024000.0,2018-12-31,2019-04-01
2453,CIA ENERGETICA DE MINAS GERAIS - CEMIG,3109384000.0,-1846573000.0,25390306000.0,3128073000.0,14776031000.0,49927052000.0,535757000.0,2036945000.0,2019,1846573000.0,14240274000.0,2019-12-31,2020-04-01
2453,CIA ENERGETICA DE MINAS GERAIS - CEMIG,4706296000.0,-3350864000.0,25227625000.0,2865121000.0,15020558000.0,54083080000.0,1680397000.0,8609107000.0,2020,3350864000.0,13340161000.0,2020-12-31,2021-03-30
2453,CIA ENERGETICA DE MINAS GERAIS - CEMIG,6951171000.0,-3096299000.0,33646118000.0,3752869000.0,11363963000.0,52045808000.0,825208000.0,3683357000.0,2021,3096299000.0,10538755000.0,2021-12-31,2022-03-29
2453,CIA ENERGETICA DE MINAS GERAIS - CEMIG,5687177000.0,-3066415000.0,34462808000.0,4094367000.0,10579498000.0,53670837000.0,1440661000.0,6613083000.0,2022,3066415000.0,9138837000.0,2022-12-31,2023-03-25
2453,CIA ENERGETICA DE MINAS GERAIS - CEMIG,7230126000.0,-1651045000.0,36849769000.0,5766835000.0,9831139000.0,55000080000.0,1537482000.0,6644278000.0,2023,1651045000.0,8293657000.0,2023-12-31,2024-03-21
2453,CIA ENERGETICA DE MINAS GERAIS - CEMIG,9877932000.0,-1950788000.0,39819620000.0,7119287000.0,12279300000.0,59726836000.0,1898224000.0,5496902000.0,2024,1950788000.0,10381076000.0,2024-12-31,2025-03-21
2453,CIA ENERGETICA DE MINAS GERAIS - CEMIG,6750308000.0,-2061188000.0,42751283000.0,4899617000.0,19465331000.0,67028076000.0,1901636000.0,4076534000.0,2025,2061188000.0,17563695000.0,2025-12-31,2026-03-19
3069,CIA FERRO LIGAS DA BAHIA - FERBASA,76466000.0,-5875000.0,799772000.0,73727000.0,8488000.0,1381796000.0,116492000.0,87018000.0,2013,5875000.0,-108004000.0,2013-12-31,2014-03-20
3069,CIA FERRO LIGAS DA BAHIA - FERBASA,74286000.0,-4598000.0,828247000.0,91695000.0,13677000.0,1461529000.0,54680000.0,165795000.0,2014,4598000.0,-41003000.0,2014-12-31,2015-02-27
3069,CIA FERRO LIGAS DA BAHIA - FERBASA,215687000.0,-61861000.0,936230000.0,173700000.0,17828000.0,1643335000.0,40641000.0,12839000.0,2015,61861000.0,-22813000.0,2015-12-31,2016-03-04
3069,CIA FERRO LIGAS DA BAHIA - FERBASA,4814000.0,-68300000.0,1096154000.0,70182000.0,39369000.0,1657620000.0,192400000.0,300693000.0,2016,68300000.0,-153031000.0,2016-12-31,2017-03-10
3069,CIA FERRO LIGAS DA BAHIA - FERBASA,246014000.0,-12778000.0,1108722000.0,270262000.0,66382000.0,1856461000.0,92440000.0,392391000.0,2017,12778000.0,-26058000.0,2017-12-31,2018-03-05
3069,CIA FERRO LIGAS DA BAHIA - FERBASA,375574000.0,-74594000.0,1381056000.0,309188000.0,396815000.0,2659910000.0,182113000.0,306096000.0,2018,74594000.0,214702000.0,2018-12-31,2019-03-11
3069,CIA FERRO LIGAS DA BAHIA - FERBASA,179242000.0,-67022000.0,1279550000.0,221533000.0,494397000.0,2746444000.0,73721000.0,171907000.0,2019,67022000.0,420676000.0,2019-12-31,2020-03-03
3069,CIA FERRO LIGAS DA BAHIA - FERBASA,278897000.0,-273722000.0,1622019000.0,70014000.0,528659000.0,2817187000.0,90497000.0,257674000.0,2020,273722000.0,438162000.0,2020-12-31,2021-03-03
3069,CIA FERRO LIGAS DA BAHIA - FERBASA,800842000.0,-179522000.0,2389477000.0,642907000.0,405319000.0,3396582000.0,216512000.0,759731000.0,2021,179522000.0,188807000.0,2021-12-31,2022-03-04
3069,CIA FERRO LIGAS DA BAHIA - FERBASA,1160969000.0,-125371000.0,3139016000.0,1062474000.0,337992000.0,4067385000.0,474102000.0,1194604000.0,2022,125371000.0,-136110000.0,2022-12-31,2023-03-06
3069,CIA FERRO LIGAS DA BAHIA - FERBASA,303731000.0,-73384000.0,2435135000.0,382885000.0,271385000.0,4110697000.0,341787000.0,476565000.0,2023,73384000.0,-70402000.0,2023-12-31,2024-03-06
3069,CIA FERRO LIGAS DA BAHIA - FERBASA,171929000.0,-95420000.0,2236704000.0,327754000.0,420556000.0,4387880000.0,464086000.0,357120000.0,2024,95420000.0,-43530000.0,2024-12-31,2025-03-07
3069,CIA FERRO LIGAS DA BAHIA - FERBASA,47089000.0,-96515000.0,2334454000.0,188676000.0,364253000.0,4459480000.0,372724000.0,403186000.0,2025,96515000.0,-8471000.0,2025-12-31,2026-03-06
3077,CIA FIACAO TECIDOS CEDRO CACHOEIRA,39677000.0,-40783000.0,584440000.0,16090000.0,281372000.0,691175000.0,22055000.0,1321000.0,2013,40783000.0,259317000.0,2013-12-31,2014-03-25
3077,CIA FIACAO TECIDOS CEDRO CACHOEIRA,12654000.0,-46112000.0,563973000.0,-10394000.0,288244000.0,683384000.0,8690000.0,4514000.0,2014,46112000.0,279554000.0,2014-12-31,2015-03-24
3077,CIA FIACAO TECIDOS CEDRO CACHOEIRA,-58143000.0,-61447000.0,396435000.0,-97521000.0,229860000.0,585697000.0,6757000.0,31698000.0,2015,61447000.0,223103000.0,2015-12-31,2016-03-31
3077,CIA FIACAO TECIDOS CEDRO CACHOEIRA,-79161000.0,-81348000.0,505730000.0,-142627000.0,235429000.0,527224000.0,6269000.0,-19233000.0,2016,81348000.0,229160000.0,2016-12-31,2017-03-28
3077,CIA FIACAO TECIDOS CEDRO CACHOEIRA,83712000.0,-61613000.0,635038000.0,86222000.0,232464000.0,575442000.0,8939000.0,6225000.0,2017,61613000.0,223525000.0,2017-12-31,2018-03-28
3077,CIA FIACAO TECIDOS CEDRO CACHOEIRA,63110000.0,-57233000.0,649693000.0,45742000.0,256435000.0,700214000.0,4447000.0,-37225000.0,2018,57233000.0,251988000.0,2018-12-31,2019-03-29
3077,CIA FIACAO TECIDOS CEDRO CACHOEIRA,15708000.0,-68130000.0,677334000.0,-13885000.0,237798000.0,732471000.0,17288000.0,35360000.0,2019,68130000.0,220510000.0,2019-12-31,2020-03-27
3077,CIA FIACAO TECIDOS CEDRO CACHOEIRA,1139000.0,-65004000.0,618625000.0,-45920000.0,226801000.0,689031000.0,13307000.0,36368000.0,2020,65004000.0,213494000.0,2020-12-31,2021-03-30
3077,CIA FIACAO TECIDOS CEDRO CACHOEIRA,44580000.0,-60370000.0,954276000.0,-2018000.0,228707000.0,830417000.0,14326000.0,-42214000.0,2021,60370000.0,214381000.0,2021-12-31,2022-03-31
3077,CIA FIACAO TECIDOS CEDRO CACHOEIRA,68861000.0,-122545000.0,1227649000.0,-27019000.0,260251000.0,879016000.0,16146000.0,-21023000.0,2022,122545000.0,244105000.0,2022-12-31,2024-01-16
3077,CIA FIACAO TECIDOS CEDRO CACHOEIRA,188699000.0,-102239000.0,1115439000.0,80189000.0,349032000.0,882193000.0,81941000.0,97548000.0,2023,102239000.0,267091000.0,2023-12-31,2024-03-28
3077,CIA FIACAO TECIDOS CEDRO CACHOEIRA,165244000.0,-95153000.0,1036777000.0,110590000.0,380066000.0,944074000.0,5879000.0,60073000.0,2024,95153000.0,374187000.0,2024-12-31,2025-03-28
3298,CIA HABITASUL DE PARTICIPACOES,28277000.0,-12630000.0,106616000.0,13061000.0,76325000.0,1324002000.0,18079000.0,18426000.0,2013,12630000.0,58246000.0,2013-12-31,2014-03-31
3298,CIA HABITASUL DE PARTICIPACOES,1187000.0,-13914000.0,100099000.0,2115000.0,76118000.0,1281801000.0,6921000.0,-15678000.0,2014,13914000.0,69197000.0,2014-12-31,2015-03-30
3298,CIA HABITASUL DE PARTICIPACOES,5665000.0,-20037000.0,70566000.0,6058000.0,74176000.0,1235799000.0,4835000.0,11161000.0,2015,20037000.0,69341000.0,2015-12-31,2016-03-28
3298,CIA HABITASUL DE PARTICIPACOES,-9731000.0,-22335000.0,53424000.0,-4937000.0,72738000.0,1290407000.0,2408000.0,8472000.0,2016,22335000.0,70330000.0,2016-12-31,2017-03-28
3298,CIA HABITASUL DE PARTICIPACOES,-93079000.0,-70307000.0,22677000.0,-117268000.0,71172000.0,1181873000.0,2135000.0,8963000.0,2017,70307000.0,69037000.0,2017-12-31,2018-05-14
3298,CIA HABITASUL DE PARTICIPACOES,-78440000.0,-42388000.0,63069000.0,-58570000.0,110819000.0,1180457000.0,7756000.0,-48756000.0,2018,42388000.0,103063000.0,2018-12-31,2019-03-28
3298,CIA HABITASUL DE PARTICIPACOES,-113952000.0,-36518000.0,-6827000.0,-102972000.0,120726000.0,1197493000.0,5223000.0,-9557000.0,2019,36518000.0,115503000.0,2019-12-31,2020-03-26
3298,CIA HABITASUL DE PARTICIPACOES,46804000.0,-61747000.0,100910000.0,1391000.0,136376000.0,1333656000.0,13473000.0,4296000.0,2020,61747000.0,122903000.0,2020-12-31,2021-03-29
3298,CIA HABITASUL DE PARTICIPACOES,14872000.0,-64937000.0,266952000.0,189904000.0,231788000.0,1322394000.0,2335000.0,-80773000.0,2021,64937000.0,229453000.0,2021-12-31,2022-03-28
3298,CIA HABITASUL DE PARTICIPACOES,75053000.0,-56702000.0,169650000.0,60684000.0,224973000.0,1337076000.0,6209000.0,-39649000.0,2022,56702000.0,218764000.0,2022-12-31,2023-03-22
3298,CIA HABITASUL DE PARTICIPACOES,305303000.0,-55998000.0,317482000.0,281087000.0,233275000.0,1591908000.0,217000.0,-45129000.0,2023,55998000.0,233058000.0,2023-12-31,2024-03-22
3298,CIA HABITASUL DE PARTICIPACOES,6812000.0,-44617000.0,52862000.0,14959000.0,271127000.0,1593259000.0,572000.0,-25926000.0,2024,44617000.0,270555000.0,2024-12-31,2025-03-20
3298,CIA HABITASUL DE PARTICIPACOES,76290000.0,-55109000.0,67165000.0,74559000.0,189918000.0,1643250000.0,1432000.0,-48531000.0,2025,55109000.0,188486000.0,2025-12-31,2026-03-23
14761,CIA HERING,405003000.0,-31182000.0,1679779000.0,318172000.0,24431000.0,1298958000.0,140710000.0,224638000.0,2013,31182000.0,-116279000.0,2013-12-31,2014-02-20
14761,CIA HERING,357266000.0,-30418000.0,1678294000.0,318867000.0,23422000.0,1432039000.0,182036000.0,297688000.0,2014,30418000.0,-158614000.0,2014-12-31,2015-02-26
14761,CIA HERING,215699000.0,-38485000.0,1588889000.0,281170000.0,1308000.0,1472492000.0,108093000.0,232654000.0,2015,38485000.0,-106785000.0,2015-12-31,2016-02-25
14761,CIA HERING,150922000.0,-44289000.0,1475137000.0,199417000.0,27735000.0,1528691000.0,204755000.0,287746000.0,2016,44289000.0,-177020000.0,2016-12-31,2017-02-23
14761,CIA HERING,199748000.0,-28684000.0,1562321000.0,263781000.0,27293000.0,1538160000.0,148821000.0,250999000.0,2017,28684000.0,-121528000.0,2017-12-31,2018-03-01
14761,CIA HERING,197959000.0,-32125000.0,1539568000.0,239514000.0,0.0,1704129000.0,320540000.0,362876000.0,2018,32125000.0,-320540000.0,2018-12-31,2019-02-28
14761,CIA HERING,176233000.0,-35756000.0,1549159000.0,214702000.0,65483000.0,1811773000.0,364824000.0,285916000.0,2019,35756000.0,-299341000.0,2019-12-31,2020-03-05
14761,CIA HERING,81174000.0,-62406000.0,1073495000.0,342969000.0,291426000.0,2340605000.0,467842000.0,113707000.0,2020,62406000.0,-176416000.0,2020-12-31,2021-03-03
3328,CIA HIDRO ELÉTRICA DO SÃO FRANCISCO,10328000.0,-163585000.0,3563435000.0,-1117938000.0,1207567000.0,14885698000.0,658063000.0,508546000.0,2014,163585000.0,549504000.0,2014-12-31,2015-03-27
3328,CIA HIDRO ELÉTRICA DO SÃO FRANCISCO,-649015000.0,-182800000.0,4039862000.0,-475992000.0,1450646000.0,14950392000.0,373867000.0,1277963000.0,2015,182800000.0,1076779000.0,2015-12-31,2016-03-30
3328,CIA HIDRO ELÉTRICA DO SÃO FRANCISCO,6959699000.0,-267307000.0,12754264000.0,3985383000.0,2204009000.0,23120918000.0,140399000.0,-111928000.0,2016,267307000.0,2063610000.0,2016-12-31,2017-03-28
3328,CIA HIDRO ELÉTRICA DO SÃO FRANCISCO,1475761000.0,-403631000.0,4926061000.0,1044049000.0,2244315000.0,24815927000.0,181262000.0,143648000.0,2017,403631000.0,2063053000.0,2017-12-31,2018-03-27
3328,CIA HIDRO ELÉTRICA DO SÃO FRANCISCO,822866000.0,-279535000.0,4792259000.0,265942000.0,1650334000.0,26434981000.0,276986000.0,-1476726000.0,2018,279535000.0,1373348000.0,2018-12-31,2019-03-28
3328,CIA HIDRO ELÉTRICA DO SÃO FRANCISCO,985120000.0,-917855000.0,5137946000.0,3485862000.0,1333141000.0,28984648000.0,118001000.0,-540885000.0,2019,917855000.0,1215140000.0,2019-12-31,2020-03-27
3328,CIA HIDRO ELÉTRICA DO SÃO FRANCISCO,2102201000.0,-183364000.0,6656096000.0,2108639000.0,1252796000.0,28769069000.0,58548000.0,-71274000.0,2020,183364000.0,1194248000.0,2020-12-31,2021-03-19
3395,CIA INDUSTRIAL CATAGUASES,4319000.0,-22418000.0,189472000.0,5231000.0,75778000.0,268614000.0,20537000.0,33859000.0,2013,22418000.0,55241000.0,2013-12-31,2014-03-26
3395,CIA INDUSTRIAL CATAGUASES,11229000.0,-21549000.0,193874000.0,11429000.0,82313000.0,291115000.0,35014000.0,28175000.0,2014,21549000.0,47299000.0,2014-12-31,2015-03-25
3395,CIA INDUSTRIAL CATAGUASES,-3332000.0,-33775000.0,177409000.0,-5335000.0,78821000.0,269490000.0,30052000.0,29034000.0,2015,33775000.0,48769000.0,2015-12-31,2016-03-15
3395,CIA INDUSTRIAL CATAGUASES,-3657000.0,-25878000.0,194122000.0,1685000.0,63045000.0,263353000.0,29464000.0,8629000.0,2016,25878000.0,33581000.0,2016-12-31,2017-03-15
3395,CIA INDUSTRIAL CATAGUASES,-21156000.0,-16537000.0,176455000.0,-11059000.0,60329000.0,243419000.0,25002000.0,1402000.0,2017,16537000.0,35327000.0,2017-12-31,2018-03-29
3395,CIA INDUSTRIAL CATAGUASES,-15413000.0,-28953000.0,176748000.0,-4091000.0,53903000.0,224704000.0,10890000.0,1541000.0,2018,28953000.0,43013000.0,2018-12-31,2019-03-29
3395,CIA INDUSTRIAL CATAGUASES,-11854000.0,-22262000.0,177123000.0,7291000.0,48298000.0,230647000.0,13883000.0,11071000.0,2019,22262000.0,34415000.0,2019-12-31,2020-03-24
3395,CIA INDUSTRIAL CATAGUASES,-8560000.0,-16912000.0,139025000.0,-7077000.0,58392000.0,235784000.0,31369000.0,8691000.0,2020,16912000.0,27023000.0,2020-12-31,2021-03-04
3549,CIA INDUSTRIAL SCHLOSSER S.A.,-8166000.0,-6933000.0,928000.0,-14119000.0,87603000.0,113825000.0,491000.0,160000.0,2014,6933000.0,87112000.0,2014-12-31,2015-04-01
3549,CIA INDUSTRIAL SCHLOSSER S.A.,-5740000.0,-11106000.0,723000.0,-16930000.0,89453000.0,112491000.0,128000.0,-2845000.0,2015,11106000.0,89325000.0,2015-12-31,2016-07-20
3549,CIA INDUSTRIAL SCHLOSSER S.A.,1053000.0,-7637000.0,942000.0,-16435000.0,88527000.0,102394000.0,78000.0,3749000.0,2016,7637000.0,88449000.0,2016-12-31,2017-03-28
3549,CIA INDUSTRIAL SCHLOSSER S.A.,-2488000.0,-6395000.0,1068000.0,-8875000.0,88444000.0,102788000.0,87000.0,73000.0,2017,6395000.0,88357000.0,2017-12-31,2018-03-29
3549,CIA INDUSTRIAL SCHLOSSER S.A.,-1960000.0,-5672000.0,1008000.0,31452000.0,26836000.0,19826000.0,3000.0,-20978000.0,2018,5672000.0,26833000.0,2018-12-31,2019-03-29
3549,CIA INDUSTRIAL SCHLOSSER S.A.,-278000.0,-4123000.0,623000.0,-4394000.0,26801000.0,19491000.0,7000.0,231000.0,2019,4123000.0,26794000.0,2019-12-31,2020-06-12
3549,CIA INDUSTRIAL SCHLOSSER S.A.,-300000.0,-633000.0,209000.0,-933000.0,26789000.0,19424000.0,43000.0,112000.0,2020,633000.0,26746000.0,2020-12-31,2021-03-31
3549,CIA INDUSTRIAL SCHLOSSER S.A.,-190000.0,-259000.0,50000.0,-449000.0,27250000.0,18794000.0,258000.0,-266000.0,2021,259000.0,26992000.0,2021-12-31,2022-02-03
3549,CIA INDUSTRIAL SCHLOSSER S.A.,-246000.0,0.0,0.0,-246000.0,27150000.0,18663000.0,119000.0,19000.0,2022,0.0,27031000.0,2022-12-31,2023-01-31
3549,CIA INDUSTRIAL SCHLOSSER S.A.,-84000.0,0.0,0.0,-84000.0,27150000.0,18652000.0,143000.0,25000.0,2023,0.0,27007000.0,2023-12-31,2024-04-01
3549,CIA INDUSTRIAL SCHLOSSER S.A.,-189000.0,0.0,0.0,-189000.0,27156000.0,56862000.0,6892000.0,11848000.0,2024,0.0,20264000.0,2024-12-31,2025-02-12
3549,CIA INDUSTRIAL SCHLOSSER S.A.,-278000.0,0.0,0.0,-278000.0,27156000.0,56299000.0,121000.0,-6728000.0,2025,0.0,27035000.0,2025-12-31,2026-02-06
3654,CIA MELHORAMENTOS DE SAO PAULO,8227000.0,-18127000.0,133893000.0,-6826000.0,74474000.0,1560668000.0,3073000.0,-15638000.0,2013,18127000.0,71401000.0,2013-12-31,2014-07-22
3654,CIA MELHORAMENTOS DE SAO PAULO,57813000.0,-25711000.0,269185000.0,33480000.0,71137000.0,1612515000.0,23893000.0,18517000.0,2014,25711000.0,47244000.0,2014-12-31,2015-03-19
3654,CIA MELHORAMENTOS DE SAO PAULO,-62520000.0,-24543000.0,112208000.0,-81873000.0,91448000.0,1473512000.0,1259000.0,-58348000.0,2015,24543000.0,90189000.0,2015-12-31,2016-03-23
3654,CIA MELHORAMENTOS DE SAO PAULO,267270000.0,-26324000.0,526077000.0,243591000.0,32709000.0,1632577000.0,41543000.0,62574000.0,2016,26324000.0,-8834000.0,2016-12-31,2017-03-15
3654,CIA MELHORAMENTOS DE SAO PAULO,-12246000.0,-9680000.0,146940000.0,38137000.0,9972000.0,1487056000.0,45655000.0,103413000.0,2017,9680000.0,-35683000.0,2017-12-31,2018-03-26
3654,CIA MELHORAMENTOS DE SAO PAULO,-17215000.0,-2260000.0,137639000.0,4687000.0,9421000.0,1432705000.0,66048000.0,92192000.0,2018,2260000.0,-56627000.0,2018-12-31,2019-03-25
3654,CIA MELHORAMENTOS DE SAO PAULO,-40876000.0,-5204000.0,121711000.0,-36584000.0,44518000.0,1430671000.0,36470000.0,-1324000.0,2019,5204000.0,8048000.0,2019-12-31,2020-03-11
3654,CIA MELHORAMENTOS DE SAO PAULO,-65613000.0,-13210000.0,100554000.0,-54834000.0,91052000.0,1392075000.0,34494000.0,-53307000.0,2020,13210000.0,56558000.0,2020-12-31,2021-03-30
3654,CIA MELHORAMENTOS DE SAO PAULO,-30231000.0,-16187000.0,144172000.0,-32513000.0,146583000.0,1449953000.0,67512000.0,-37244000.0,2021,16187000.0,79071000.0,2021-12-31,2022-03-09
3654,CIA MELHORAMENTOS DE SAO PAULO,4114000.0,-24003000.0,200966000.0,1512000.0,138342000.0,1418108000.0,22208000.0,-26545000.0,2022,24003000.0,116134000.0,2022-12-31,2023-03-29
3654,CIA MELHORAMENTOS DE SAO PAULO,35297000.0,-20727000.0,176279000.0,7878000.0,144806000.0,1416676000.0,44756000.0,66971000.0,2023,20727000.0,100050000.0,2023-12-31,2024-03-25
3654,CIA MELHORAMENTOS DE SAO PAULO,34630000.0,-23509000.0,163122000.0,3312000.0,176757000.0,1423973000.0,46686000.0,52823000.0,2024,23509000.0,130071000.0,2024-12-31,2025-03-24
3654,CIA MELHORAMENTOS DE SAO PAULO,-13117000.0,-33791000.0,177091000.0,-32702000.0,206785000.0,1432278000.0,28045000.0,51454000.0,2025,33791000.0,178740000.0,2025-12-31,2026-03-20
14311,CIA PARANAENSE DE ENERGIA - COPEL,1226193000.0,-372052000.0,9180214000.0,1101435000.0,4531729000.0,23111445000.0,1741632000.0,1337611000.0,2013,372052000.0,2790097000.0,2013-12-31,2014-09-30
14311,CIA PARANAENSE DE ENERGIA - COPEL,1709914000.0,-546806000.0,13918517000.0,1335615000.0,6054398000.0,25618142000.0,740131000.0,1091372000.0,2014,546806000.0,5314267000.0,2014-12-31,2015-03-20
14311,CIA PARANAENSE DE ENERGIA - COPEL,1908738000.0,-1098298000.0,14728131000.0,1265551000.0,7760988000.0,28947657000.0,1480727000.0,1320728000.0,2015,1098298000.0,6280261000.0,2015-12-31,2016-03-17
14311,CIA PARANAENSE DE ENERGIA - COPEL,2044102000.0,-1462297000.0,13101753000.0,947790000.0,8837102000.0,30434209000.0,982073000.0,1476818000.0,2016,1462297000.0,7855029000.0,2016-12-31,2017-03-28
14311,CIA PARANAENSE DE ENERGIA - COPEL,2141381000.0,-1447750000.0,14024573000.0,1118255000.0,9830483000.0,33162377000.0,1040075000.0,989206000.0,2017,1447750000.0,8790408000.0,2017-12-31,2018-05-14
14311,CIA PARANAENSE DE ENERGIA - COPEL,2394047000.0,-1251965000.0,14934780000.0,1444004000.0,11565438000.0,35930100000.0,1948409000.0,1770971000.0,2018,1251965000.0,9617029000.0,2018-12-31,2019-03-28
14311,CIA PARANAENSE DE ENERGIA - COPEL,3190681000.0,-1238727000.0,16244274000.0,2062869000.0,11572093000.0,38312550000.0,2941727000.0,2945006000.0,2019,1238727000.0,8630366000.0,2019-12-31,2020-03-25
14311,CIA PARANAENSE DE ENERGIA - COPEL,4253266000.0,-973397000.0,18633249000.0,3909750000.0,9946012000.0,46784664000.0,3222768000.0,3940844000.0,2020,973397000.0,6723244000.0,2020-12-31,2021-05-05
14311,CIA PARANAENSE DE ENERGIA - COPEL,5446038000.0,-1259410000.0,23984287000.0,5048602000.0,11826061000.0,49537535000.0,3472845000.0,3386832000.0,2021,1259410000.0,8353216000.0,2021-12-31,2022-03-22
14311,CIA PARANAENSE DE ENERGIA - COPEL,2916236000.0,-2998874000.0,21927721000.0,1149321000.0,12454218000.0,49703700000.0,2678457000.0,3902649000.0,2022,2998874000.0,9775761000.0,2022-12-31,2023-03-21
14311,CIA PARANAENSE DE ENERGIA - COPEL,3694714000.0,-2274106000.0,21479468000.0,2327168000.0,14962323000.0,55819074000.0,5634623000.0,3518476000.0,2023,2274106000.0,9327700000.0,2023-12-31,2024-02-29
14311,CIA PARANAENSE DE ENERGIA - COPEL,4064248000.0,-2341793000.0,22651036000.0,2799370000.0,17246159000.0,57384156000.0,4161939000.0,3393536000.0,2024,2341793000.0,13084220000.0,2024-12-31,2025-02-27
14311,CIA PARANAENSE DE ENERGIA - COPEL,5045011000.0,-3142010000.0,26116856000.0,2687939000.0,20015343000.0,60414456000.0,3130363000.0,3028446000.0,2025,3142010000.0,16884980000.0,2025-12-31,2026-02-26
18708,CIA PARTICIPACOES ALIANCA DA BAHIA,-21107000.0,-4522000.0,232054000.0,-11215000.0,27539000.0,674469000.0,207042000.0,34253000.0,2013,4522000.0,-179503000.0,2013-12-31,2014-03-31
18708,CIA PARTICIPACOES ALIANCA DA BAHIA,8785000.0,-6628000.0,258829000.0,17496000.0,17812000.0,621896000.0,186693000.0,9934000.0,2014,6628000.0,-168881000.0,2014-12-31,2015-03-27
18708,CIA PARTICIPACOES ALIANCA DA BAHIA,15547000.0,-6072000.0,287208000.0,25956000.0,0.0,596641000.0,164244000.0,33827000.0,2015,6072000.0,-164244000.0,2015-12-31,2016-03-29
18708,CIA PARTICIPACOES ALIANCA DA BAHIA,36642000.0,-4435000.0,313929000.0,67268000.0,0.0,642643000.0,175962000.0,31905000.0,2016,4435000.0,-175962000.0,2016-12-31,2017-03-28
18708,CIA PARTICIPACOES ALIANCA DA BAHIA,38562000.0,-2693000.0,353778000.0,37147000.0,0.0,649347000.0,166041000.0,38150000.0,2017,2693000.0,-166041000.0,2017-12-31,2018-03-22
18708,CIA PARTICIPACOES ALIANCA DA BAHIA,35304000.0,-1644000.0,374866000.0,35611000.0,0.0,663835000.0,182388000.0,55179000.0,2018,1644000.0,-182388000.0,2018-12-31,2019-03-22
18708,CIA PARTICIPACOES ALIANCA DA BAHIA,48886000.0,-1746000.0,406453000.0,45695000.0,0.0,692363000.0,174301000.0,59795000.0,2019,1746000.0,-174301000.0,2019-12-31,2020-03-27
18708,CIA PARTICIPACOES ALIANCA DA BAHIA,709766000.0,-6277000.0,180880000.0,464599000.0,0.0,885454000.0,216005000.0,-272774000.0,2020,6277000.0,-216005000.0,2020-12-31,2021-03-27
18708,CIA PARTICIPACOES ALIANCA DA BAHIA,168784000.0,-11519000.0,29985000.0,135400000.0,22324000.0,758363000.0,20731000.0,-117162000.0,2021,11519000.0,1593000.0,2021-12-31,2022-03-30
18708,CIA PARTICIPACOES ALIANCA DA BAHIA,42855000.0,-26847000.0,42661000.0,40580000.0,58152000.0,814291000.0,2767000.0,-16713000.0,2022,26847000.0,55385000.0,2022-12-31,2023-03-28
18708,CIA PARTICIPACOES ALIANCA DA BAHIA,1177000.0,-26821000.0,49559000.0,12135000.0,114368000.0,880533000.0,3383000.0,15101000.0,2023,26821000.0,110985000.0,2023-12-31,2024-03-28
18708,CIA PARTICIPACOES ALIANCA DA BAHIA,31252000.0,-22645000.0,87662000.0,41040000.0,113325000.0,1239221000.0,3712000.0,-20323000.0,2024,22645000.0,109613000.0,2024-12-31,2025-04-03
18708,CIA PARTICIPACOES ALIANCA DA BAHIA,30967000.0,-30243000.0,117260000.0,33709000.0,153038000.0,1293696000.0,10625000.0,-22008000.0,2025,30243000.0,142413000.0,2025-12-31,2026-03-30
14443,CIA SANEAMENTO BASICO EST SAO PAULO,6345980000.0,-2398668000.0,25572056000.0,3523531000.0,19536350000.0,61470957000.0,838484000.0,4854352000.0,2023,2398668000.0,18697866000.0,2023-12-31,2024-03-21
14443,CIA SANEAMENTO BASICO EST SAO PAULO,15510460000.0,-3226928000.0,36145477000.0,9579563000.0,25258297000.0,80965430000.0,1682606000.0,7404568000.0,2024,3226928000.0,23575691000.0,2024-12-31,2025-03-27
14443,CIA SANEAMENTO BASICO EST SAO PAULO,12599621000.0,0.0,38092050000.0,8462059000.0,40142347000.0,104202767000.0,4663226000.0,8361115000.0,2025,0.0,35479121000.0,2025-12-31,2026-03-30
19445,CIA SANEAMENTO DE MINAS GERAIS-COPASA MG,726281000.0,-244747000.0,3733397000.0,419795000.0,3157700000.0,9388470000.0,261938000.0,664649000.0,2013,244747000.0,2895762000.0,2013-12-31,2014-01-30
19445,CIA SANEAMENTO DE MINAS GERAIS-COPASA MG,619797000.0,-263622000.0,4131432000.0,318141000.0,3437330000.0,10161975000.0,331039000.0,841913000.0,2014,263622000.0,3106291000.0,2014-12-31,2015-04-06
19445,CIA SANEAMENTO DE MINAS GERAIS-COPASA MG,314942000.0,-464946000.0,3834469000.0,-11592000.0,3591559000.0,10930739000.0,581854000.0,733481000.0,2015,464946000.0,3009705000.0,2015-12-31,2016-03-11
19445,CIA SANEAMENTO DE MINAS GERAIS-COPASA MG,799327000.0,-403734000.0,4032875000.0,434161000.0,3430925000.0,10947481000.0,638743000.0,780436000.0,2016,403734000.0,2792182000.0,2016-12-31,2017-03-09
19445,CIA SANEAMENTO DE MINAS GERAIS-COPASA MG,956713000.0,-332441000.0,4326401000.0,560438000.0,3136099000.0,10809992000.0,420858000.0,1014711000.0,2017,332441000.0,2715241000.0,2017-12-31,2018-02-23
19445,CIA SANEAMENTO DE MINAS GERAIS-COPASA MG,922455000.0,-308331000.0,4737285000.0,578700000.0,3542068000.0,11178403000.0,313371000.0,913464000.0,2018,308331000.0,3228697000.0,2018-12-31,2019-02-28
19445,CIA SANEAMENTO DE MINAS GERAIS-COPASA MG,1155388000.0,-249676000.0,5157224000.0,754374000.0,3310237000.0,11528815000.0,524146000.0,1239933000.0,2019,249676000.0,2786091000.0,2019-12-31,2020-03-19
19445,CIA SANEAMENTO DE MINAS GERAIS-COPASA MG,1280350000.0,-322112000.0,5343338000.0,816477000.0,3781141000.0,11772457000.0,805619000.0,1739882000.0,2020,322112000.0,2975522000.0,2020-12-31,2021-04-20
19445,CIA SANEAMENTO DE MINAS GERAIS-COPASA MG,846756000.0,-479860000.0,5894710000.0,537587000.0,3985344000.0,12721650000.0,1309721000.0,1674905000.0,2021,479860000.0,2675623000.0,2021-12-31,2022-06-13
19445,CIA SANEAMENTO DE MINAS GERAIS-COPASA MG,1252336000.0,-484257000.0,6176855000.0,843362000.0,4139920000.0,13189607000.0,1122299000.0,1117315000.0,2022,484257000.0,3017621000.0,2022-12-31,2023-03-21
19445,CIA SANEAMENTO DE MINAS GERAIS-COPASA MG,1789194000.0,-336072000.0,7404379000.0,1379346000.0,4743514000.0,14189863000.0,1031425000.0,1734308000.0,2023,336072000.0,3712089000.0,2023-12-31,2024-03-21
19445,CIA SANEAMENTO DE MINAS GERAIS-COPASA MG,1994541000.0,-697776000.0,7878006000.0,1316920000.0,6113169000.0,15511789000.0,642082000.0,2050527000.0,2024,697776000.0,5471087000.0,2024-12-31,2025-03-24
19445,CIA SANEAMENTO DE MINAS GERAIS-COPASA MG,2007059000.0,-845600000.0,8330190000.0,1415744000.0,7582036000.0,17737247000.0,503654000.0,2331554000.0,2025,845600000.0,7078382000.0,2025-12-31,2026-02-25
3115,CIA SEGUROS ALIANCA DA BAHIA,7167000.0,-13487000.0,,10607000.0,252587000.0,438510000.0,1522000.0,8068000.0,2013,13487000.0,251065000.0,2013-12-31,2014-02-24
3115,CIA SEGUROS ALIANCA DA BAHIA,29398000.0,-15758000.0,,36099000.0,265140000.0,462871000.0,3232000.0,29030000.0,2014,15758000.0,261908000.0,2014-12-31,2015-02-27
3115,CIA SEGUROS ALIANCA DA BAHIA,39724000.0,-20108000.0,,46184000.0,268709000.0,475860000.0,3678000.0,33166000.0,2015,20108000.0,265031000.0,2015-12-31,2016-02-26
3115,CIA SEGUROS ALIANCA DA BAHIA,46679000.0,-22228000.0,,55954000.0,283719000.0,515319000.0,1587000.0,35805000.0,2016,22228000.0,282132000.0,2016-12-31,2017-02-23
3115,CIA SEGUROS ALIANCA DA BAHIA,14306000.0,-15690000.0,,20205000.0,283056000.0,491104000.0,5246000.0,65787000.0,2017,15690000.0,277810000.0,2017-12-31,2018-02-27
3115,CIA SEGUROS ALIANCA DA BAHIA,-2372000.0,-14151000.0,,14042000.0,279334000.0,478628000.0,2016000.0,17642000.0,2018,14151000.0,277318000.0,2018-12-31,2019-02-27
3115,CIA SEGUROS ALIANCA DA BAHIA,-1573000.0,-11398000.0,,16773000.0,276870000.0,473859000.0,2429000.0,9407000.0,2019,11398000.0,274441000.0,2019-12-31,2020-02-28
3115,CIA SEGUROS ALIANCA DA BAHIA,47112000.0,-7803000.0,,51040000.0,184329000.0,401983000.0,1257000.0,7645000.0,2020,7803000.0,183072000.0,2020-12-31,2021-02-26
3115,CIA SEGUROS ALIANCA DA BAHIA,5858000.0,-6324000.0,,9311000.0,185275000.0,375056000.0,4027000.0,15534000.0,2021,6324000.0,181248000.0,2021-12-31,2022-04-06
3115,CIA SEGUROS ALIANCA DA BAHIA,13109000.0,-7929000.0,,18227000.0,192317000.0,390894000.0,1192000.0,-1000000.0,2022,7929000.0,191125000.0,2022-12-31,2023-02-28
4030,CIA SIDERURGICA NACIONAL,3119754000.0,-2683583000.0,17312432000.0,533994000.0,27746430000.0,50402539000.0,9995672000.0,2198079000.0,2013,2683583000.0,17750758000.0,2013-12-31,2014-02-28
4030,CIA SIDERURGICA NACIONAL,2818013000.0,-3252985000.0,16126232000.0,-112267000.0,29883379000.0,49767100000.0,8686021000.0,1188385000.0,2014,3252985000.0,21197358000.0,2014-12-31,2015-03-12
4030,CIA SIDERURGICA NACIONAL,5177625000.0,-3865037000.0,15331852000.0,1615951000.0,34282515000.0,48649974000.0,7861052000.0,5069163000.0,2015,3865037000.0,26421463000.0,2015-12-31,2016-11-14
4030,CIA SIDERURGICA NACIONAL,1945476000.0,-3166017000.0,17148949000.0,-853058000.0,30441018000.0,44153623000.0,4871162000.0,275918000.0,2016,3166017000.0,25569856000.0,2016-12-31,2017-10-28
4030,CIA SIDERURGICA NACIONAL,2983965000.0,-2758701000.0,18524601000.0,111229000.0,29510844000.0,45209970000.0,3411572000.0,571851000.0,2017,2758701000.0,26099272000.0,2017-12-31,2018-04-06
4030,CIA SIDERURGICA NACIONAL,6946560000.0,-2806157000.0,22968885000.0,5200583000.0,28827074000.0,47327524000.0,2248004000.0,2208105000.0,2018,2806157000.0,26579070000.0,2018-12-31,2019-02-20
4030,CIA SIDERURGICA NACIONAL,3541917000.0,-2510226000.0,25436417000.0,2244511000.0,27967036000.0,50869276000.0,1088955000.0,4871879000.0,2019,2510226000.0,26878081000.0,2019-12-31,2020-03-04
4030,CIA SIDERURGICA NACIONAL,5714437000.0,-2599039000.0,30064020000.0,4292618000.0,35270653000.0,63002149000.0,9944586000.0,9576874000.0,2020,2599039000.0,25326067000.0,2020-12-31,2021-02-22
4030,CIA SIDERURGICA NACIONAL,20539962000.0,-3157128000.0,47912039000.0,13595621000.0,32507522000.0,79379103000.0,16646480000.0,14793263000.0,2021,3157128000.0,15861042000.0,2021-12-31,2022-03-09
4030,CIA SIDERURGICA NACIONAL,7641462000.0,-3436805000.0,44362120000.0,2167698000.0,40918742000.0,85354359000.0,11991356000.0,2042793000.0,2022,3436805000.0,28927386000.0,2022-12-31,2023-03-16
4030,CIA SIDERURGICA NACIONAL,5186749000.0,-5807129000.0,45437950000.0,402649000.0,44859075000.0,91529720000.0,16046218000.0,7292608000.0,2023,5807129000.0,28812857000.0,2023-12-31,2024-03-06
4030,CIA SIDERURGICA NACIONAL,4270022000.0,-7211434000.0,43687460000.0,-1538141000.0,56914621000.0,103906654000.0,23310197000.0,8650505000.0,2024,7211434000.0,33604424000.0,2024-12-31,2025-03-12
4030,CIA SIDERURGICA NACIONAL,4816674000.0,-8012999000.0,44797946000.0,-1506726000.0,52924547000.0,100575369000.0,14421022000.0,-973179000.0,2025,8012999000.0,38503525000.0,2025-12-31,2026-03-11
3158,CIA TECIDOS NORTE DE MINAS COTEMINAS,91029000.0,-136948000.0,2398140000.0,-24553000.0,907696000.0,3180514000.0,164117000.0,-4735000.0,2013,136948000.0,743579000.0,2013-12-31,2014-03-27
3158,CIA TECIDOS NORTE DE MINAS COTEMINAS,44905000.0,-185189000.0,2449583000.0,-89958000.0,1093525000.0,3256727000.0,207527000.0,-111569000.0,2014,185189000.0,885998000.0,2014-12-31,2015-03-30
3158,CIA TECIDOS NORTE DE MINAS COTEMINAS,36493000.0,-239103000.0,2577862000.0,-76175000.0,1211357000.0,3328993000.0,262256000.0,-124881000.0,2015,239103000.0,949101000.0,2015-12-31,2016-03-31
3158,CIA TECIDOS NORTE DE MINAS COTEMINAS,54194000.0,-293428000.0,2658850000.0,-144475000.0,1369120000.0,3338866000.0,183420000.0,39397000.0,2016,293428000.0,1185700000.0,2016-12-31,2017-05-03
3158,CIA TECIDOS NORTE DE MINAS COTEMINAS,271439000.0,-246968000.0,2577728000.0,69045000.0,1413897000.0,3539483000.0,172016000.0,11870000.0,2017,246968000.0,1241881000.0,2017-12-31,2018-03-29
3158,CIA TECIDOS NORTE DE MINAS COTEMINAS,462087000.0,-261835000.0,1778913000.0,231591000.0,1548367000.0,4258319000.0,145067000.0,-264961000.0,2018,261835000.0,1403300000.0,2018-12-31,2019-04-11
3158,CIA TECIDOS NORTE DE MINAS COTEMINAS,31854000.0,-303224000.0,1865798000.0,-42405000.0,1532152000.0,4309706000.0,165453000.0,33998000.0,2019,303224000.0,1366699000.0,2019-12-31,2020-04-09
3158,CIA TECIDOS NORTE DE MINAS COTEMINAS,42015000.0,-307527000.0,1976967000.0,-361269000.0,1555186000.0,4260948000.0,185467000.0,252129000.0,2020,307527000.0,1369719000.0,2020-12-31,2021-03-31
3158,CIA TECIDOS NORTE DE MINAS COTEMINAS,162464000.0,-386616000.0,2212210000.0,-141423000.0,1489431000.0,4228889000.0,234940000.0,160820000.0,2021,386616000.0,1254491000.0,2021-12-31,2022-03-30
3158,CIA TECIDOS NORTE DE MINAS COTEMINAS,-222869000.0,-540516000.0,1520957000.0,-669413000.0,1359155000.0,3560161000.0,253803000.0,144061000.0,2022,540516000.0,1105352000.0,2022-12-31,2023-10-13
3158,CIA TECIDOS NORTE DE MINAS COTEMINAS,-783840000.0,-545257000.0,774501000.0,-1229078000.0,1361417000.0,2727228000.0,67044000.0,-177602000.0,2023,545257000.0,1294373000.0,2023-12-31,2025-02-13
3158,CIA TECIDOS NORTE DE MINAS COTEMINAS,-513695000.0,-470248000.0,470295000.0,-780032000.0,1351718000.0,3047960000.0,52190000.0,-18342000.0,2024,470248000.0,1299528000.0,2024-12-31,2025-12-05
4081,CIA TECIDOS SANTANENSE,48336000.0,-7676000.0,385145000.0,35381000.0,97169000.0,416906000.0,12857000.0,-10465000.0,2013,7676000.0,84312000.0,2013-12-31,2014-03-27
4081,CIA TECIDOS SANTANENSE,10880000.0,-14777000.0,406434000.0,959000.0,125373000.0,441405000.0,7738000.0,-28453000.0,2014,14777000.0,117635000.0,2014-12-31,2015-03-26
4081,CIA TECIDOS SANTANENSE,-16382000.0,-21983000.0,339573000.0,-21051000.0,134771000.0,423235000.0,7938000.0,-6777000.0,2015,21983000.0,126833000.0,2015-12-31,2016-03-29
4081,CIA TECIDOS SANTANENSE,4957000.0,-14584000.0,376607000.0,-3158000.0,151215000.0,435999000.0,12295000.0,18677000.0,2016,14584000.0,138920000.0,2016-12-31,2017-03-27
4081,CIA TECIDOS SANTANENSE,36363000.0,-25758000.0,418543000.0,19944000.0,192769000.0,513960000.0,14788000.0,29881000.0,2017,25758000.0,177981000.0,2017-12-31,2018-03-28
4081,CIA TECIDOS SANTANENSE,120242000.0,-30392000.0,437418000.0,71788000.0,286684000.0,629334000.0,4581000.0,-111168000.0,2018,30392000.0,282103000.0,2018-12-31,2019-04-05
4081,CIA TECIDOS SANTANENSE,34662000.0,-34023000.0,461513000.0,10604000.0,218211000.0,597626000.0,11473000.0,59326000.0,2019,34023000.0,206738000.0,2019-12-31,2020-03-30
4081,CIA TECIDOS SANTANENSE EM RECUPERAÇÃO JUDICIAL,13536000.0,-33717000.0,473265000.0,-3755000.0,263132000.0,649628000.0,12837000.0,16731000.0,2020,33717000.0,250295000.0,2020-12-31,2021-03-31
4081,CIA TECIDOS SANTANENSE EM RECUPERAÇÃO JUDICIAL,49974000.0,-44356000.0,600771000.0,27107000.0,194486000.0,671512000.0,33392000.0,45419000.0,2021,44356000.0,161094000.0,2021-12-31,2022-03-29
4081,CIA TECIDOS SANTANENSE EM RECUPERAÇÃO JUDICIAL,24423000.0,-62479000.0,409920000.0,6185000.0,159059000.0,625465000.0,26872000.0,45697000.0,2022,62479000.0,132187000.0,2022-12-31,2023-04-28
4081,CIA TECIDOS SANTANENSE EM RECUPERAÇÃO JUDICIAL,-67694000.0,-61221000.0,100038000.0,-94606000.0,213179000.0,620276000.0,27586000.0,-53325000.0,2023,61221000.0,185593000.0,2023-12-31,2024-12-02
4081,CIA TECIDOS SANTANENSE EM RECUPERAÇÃO JUDICIAL,-108131000.0,-74741000.0,35551000.0,-161364000.0,239204000.0,673131000.0,3363000.0,34694000.0,2024,74741000.0,235841000.0,2024-12-31,2025-11-28
3336,CIA. IGUAÇU DE CAFÉ SOLÚVEL,43239000.0,-175032000.0,509964000.0,-29488000.0,155697000.0,442867000.0,54532000.0,67700000.0,2014,175032000.0,101165000.0,2014-03-31,2014-06-25
21733,CIELO S.A. -  INSTITUIÇÃO DE PAGAMENTO,3184011000.0,-273408000.0,6734240000.0,2680676000.0,2488485000.0,13310582000.0,423062000.0,1999454000.0,2013,273408000.0,2065423000.0,2013-12-31,2014-01-28
21733,CIELO S.A. -  INSTITUIÇÃO DE PAGAMENTO,3411503000.0,-132139000.0,7725578000.0,3228933000.0,7339742000.0,18679674000.0,3998721000.0,1834559000.0,2014,132139000.0,3341021000.0,2014-12-31,2015-01-28
21733,CIELO S.A. -  INSTITUIÇÃO DE PAGAMENTO,4331684000.0,-1173530000.0,11122314000.0,3651433000.0,13299493000.0,29977801000.0,1249524000.0,2842956000.0,2015,1173530000.0,12049969000.0,2015-12-31,2016-02-01
21733,CIELO S.A. -  INSTITUIÇÃO DE PAGAMENTO,4569466000.0,-1192537000.0,12300784000.0,4183496000.0,10791109000.0,30544070000.0,2658956000.0,5129403000.0,2016,1192537000.0,8132153000.0,2016-12-31,2017-01-30
21733,CIELO S.A. -  INSTITUIÇÃO DE PAGAMENTO,4330849000.0,-947566000.0,11600341000.0,4264629000.0,9245353000.0,88347181000.0,6024197000.0,5520233000.0,2017,947566000.0,3221156000.0,2017-12-31,2018-03-05
21733,CIELO S.A. -  INSTITUIÇÃO DE PAGAMENTO,3702751000.0,-636278000.0,11685839000.0,3559435000.0,7862977000.0,82563091000.0,2874424000.0,3575185000.0,2018,636278000.0,4988553000.0,2018-12-31,2019-01-28
21733,CIELO S.A. -  INSTITUIÇÃO DE PAGAMENTO,1958611000.0,-742114000.0,11347305000.0,1789559000.0,9245635000.0,93422308000.0,3206857000.0,1989442000.0,2019,742114000.0,6038778000.0,2019-12-31,2020-02-27
21733,CIELO S.A. -  INSTITUIÇÃO DE PAGAMENTO,-144483000.0,-517026000.0,11186013000.0,-347338000.0,8944612000.0,91807398000.0,3507241000.0,2182649000.0,2020,517026000.0,5437371000.0,2020-12-31,2021-02-26
21733,CIELO S.A. -  INSTITUIÇÃO DE PAGAMENTO,103796000.0,-808487000.0,11685440000.0,-317039000.0,6295104000.0,100294001000.0,5340203000.0,1774130000.0,2021,808487000.0,954901000.0,2021-12-31,2022-02-24
21733,CIELO S.A. -  INSTITUIÇÃO DE PAGAMENTO,2684986000.0,-1724575000.0,10693106000.0,1714680000.0,6643071000.0,109784818000.0,1882866000.0,-2131202000.0,2022,1724575000.0,4760205000.0,2022-12-31,2023-01-26
21733,CIELO S.A. -  INSTITUIÇÃO DE PAGAMENTO,3505463000.0,-2025002000.0,10601105000.0,2468466000.0,7730931000.0,107782200000.0,1254164000.0,959307000.0,2023,2025002000.0,6476767000.0,2023-12-31,2024-02-05
21733,CIELO S.A. -  INSTITUIÇÃO DE PAGAMENTO,2006952000.0,-1301758000.0,10295249000.0,1769987000.0,7604166000.0,112647593000.0,1361042000.0,4688449000.0,2024,1301758000.0,6243124000.0,2024-12-31,2025-02-26
21733,CIELO S.A. -  INSTITUIÇÃO DE PAGAMENTO,2302420000.0,-1704094000.0,10948799000.0,2282359000.0,10092105000.0,118656833000.0,2804916000.0,5520284000.0,2025,1704094000.0,7287189000.0,2025-12-31,2026-01-26
22829,CIMENTO TUPI S.A.,77956000.0,-118345000.0,394415000.0,-19740000.0,660676000.0,1038725000.0,2961000.0,-132000.0,2013,118345000.0,657715000.0,2013-12-31,2014-03-28
22829,CIMENTO TUPI S.A.,88846000.0,-167721000.0,470621000.0,-45538000.0,726873000.0,1038556000.0,9458000.0,20052000.0,2014,167721000.0,717415000.0,2014-12-31,2015-03-31
22829,CIMENTO TUPI S.A.,-50241000.0,-402062000.0,347441000.0,-407057000.0,1033714000.0,995235000.0,5072000.0,-2208000.0,2015,402062000.0,1028642000.0,2015-12-31,2016-03-31
22829,CIMENTO TUPI S.A.,-12235000.0,-128975000.0,317839000.0,-29082000.0,994945000.0,925364000.0,7763000.0,10940000.0,2016,128975000.0,987182000.0,2016-12-31,2017-03-30
23965,CINESYSTEM S.A.,2470000.0,-2161000.0,83244000.0,-403000.0,23812000.0,89760000.0,2222000.0,,2015,2161000.0,21590000.0,2015-12-31,2016-07-21
23965,CINESYSTEM S.A.,4525000.0,-7395000.0,94373000.0,1517000.0,31896000.0,105466000.0,1878000.0,,2016,7395000.0,30018000.0,2016-12-31,2017-04-18
23965,CINESYSTEM S.A.,6916000.0,-5189000.0,105723000.0,2396000.0,36463000.0,111962000.0,4325000.0,,2017,5189000.0,32138000.0,2017-12-31,2018-03-19
23965,CINESYSTEM S.A.,-240000.0,-10039000.0,114365000.0,-5709000.0,60171000.0,165621000.0,1861000.0,,2018,10039000.0,58310000.0,2018-12-31,2019-03-22
23965,CINESYSTEM S.A.,11688000.0,-17145000.0,166480000.0,2700000.0,107730000.0,208883000.0,5945000.0,,2019,17145000.0,101785000.0,2019-12-31,2020-03-27
23965,CINESYSTEM S.A.,-35054000.0,-14546000.0,41127000.0,-44628000.0,126404000.0,184782000.0,8225000.0,,2020,14546000.0,118179000.0,2020-12-31,2021-03-26
23965,CINESYSTEM S.A.,-17551000.0,-18232000.0,60063000.0,-27950000.0,154353000.0,190470000.0,19787000.0,,2021,18232000.0,134566000.0,2021-12-31,2022-03-18
23965,CINESYSTEM S.A.,9573000.0,-21183000.0,122408000.0,-6966000.0,173892000.0,184408000.0,5871000.0,,2022,21183000.0,168021000.0,2022-12-31,2023-03-18
26549,CLARANET TECHNOLOGY S.A.,3636000.0,-3816000.0,82011000.0,2536000.0,46476000.0,348498000.0,13849000.0,5398000.0,2021,3816000.0,32627000.0,2021-06-30,2021-08-27
23531,CLARO TELECOM PARTICIPAÇÕES S.A.,142252000.0,-2100333000.0,13684600000.0,-1263806000.0,9207000.0,32011767000.0,466255000.0,1774164000.0,2013,2100333000.0,-457048000.0,2013-12-31,2014-12-10
23531,CLARO TELECOM PARTICIPAÇÕES S.A.,755422000.0,-4397230000.0,13836350000.0,-1082378000.0,3967473000.0,61619741000.0,141990000.0,4143186000.0,2014,4397230000.0,3825483000.0,2014-12-31,2015-04-14
23531,CLARO TELECOM PARTICIPAÇÕES S.A.,2715390000.0,-8122815000.0,33695510000.0,-3556338000.0,4930516000.0,68166203000.0,546639000.0,11017058000.0,2015,8122815000.0,4383877000.0,2015-12-31,2016-03-28
23531,CLARO TELECOM PARTICIPAÇÕES S.A.,1414565000.0,-4728146000.0,32478959000.0,-1678437000.0,578764000.0,64064405000.0,51557000.0,5376795000.0,2016,4728146000.0,527207000.0,2016-12-31,2017-03-28
23531,CLARO TELECOM PARTICIPAÇÕES S.A.,1931026000.0,-4303943000.0,32006226000.0,-1371199000.0,4238801000.0,64760627000.0,154744000.0,10074802000.0,2017,4303943000.0,4084057000.0,2017-12-31,2018-03-27
23531,CLARO TELECOM PARTICIPAÇÕES S.A.,4586128000.0,-4652296000.0,32261856000.0,1051824000.0,6638413000.0,71382940000.0,92883000.0,13588695000.0,2018,4652296000.0,6545530000.0,2018-12-31,2019-03-28
23531,CLARO TELECOM PARTICIPAÇÕES S.A.,5906321000.0,-4490614000.0,35210215000.0,1502616000.0,7639564000.0,75983072000.0,197722000.0,12912975000.0,2019,4490614000.0,7441842000.0,2019-12-31,2020-03-24
23531,CLARO TELECOM PARTICIPAÇÕES S.A.,6973677000.0,-4477715000.0,36207874000.0,3475863000.0,8693755000.0,76972969000.0,533253000.0,14266759000.0,2020,4477715000.0,8160502000.0,2020-12-31,2021-03-24
23531,CLARO TELECOM PARTICIPAÇÕES S.A.,6409487000.0,-5824668000.0,39717998000.0,3452164000.0,5857462000.0,93039011000.0,1738910000.0,21315430000.0,2021,5824668000.0,4118552000.0,2021-12-31,2022-03-30
23531,CLARO TELECOM PARTICIPAÇÕES S.A.,6980926000.0,-6541372000.0,42672762000.0,2586047000.0,11135356000.0,103955141000.0,1739669000.0,15012350000.0,2022,6541372000.0,9395687000.0,2022-12-31,2023-03-28
23531,CLARO TELECOM PARTICIPAÇÕES S.A.,7358456000.0,-7308337000.0,45758956000.0,2978098000.0,8561575000.0,104462782000.0,1175322000.0,17597595000.0,2023,7308337000.0,7386253000.0,2023-12-31,2024-03-19
23531,CLARO TELECOM PARTICIPAÇÕES S.A.,9249211000.0,-12060701000.0,48914896000.0,-1306614000.0,10424670000.0,103478630000.0,932608000.0,20102539000.0,2024,12060701000.0,9492062000.0,2024-12-31,2025-03-17
23531,CLARO TELECOM PARTICIPAÇÕES S.A.,10713639000.0,-7982301000.0,51812080000.0,4707141000.0,9059670000.0,107385361000.0,1362468000.0,21731950000.0,2025,7982301000.0,7697202000.0,2025-12-31,2026-03-25
26093,CLEAR SALE S.A.,60985000.0,-17729000.0,345598000.0,18717000.0,104569000.0,217531000.0,55194000.0,28092000.0,2020,17729000.0,49375000.0,2020-12-31,2021-07-08
26093,CLEAR SALE S.A.,-77199000.0,-15049000.0,457514000.0,-74517000.0,105355000.0,988002000.0,744390000.0,-11454000.0,2021,15049000.0,-639035000.0,2021-12-31,2022-03-24
26093,CLEAR SALE S.A.,-85275000.0,-20508000.0,509641000.0,-37061000.0,62103000.0,915494000.0,479584000.0,-46771000.0,2022,20508000.0,-417481000.0,2022-12-31,2023-03-27
26093,CLEAR SALE S.A.,-83795000.0,-16119000.0,504093000.0,-28005000.0,34327000.0,881170000.0,388796000.0,44393000.0,2023,16119000.0,-354469000.0,2023-12-31,2024-03-25
26093,CLEAR SALE S.A.,-74817000.0,-11148000.0,474576000.0,-28610000.0,5135000.0,869503000.0,357630000.0,68813000.0,2024,11148000.0,-352495000.0,2024-12-31,2025-03-24
27243,CLI SUL S.A.,55322000.0,-17947000.0,87000000.0,24172000.0,804245000.0,2384369000.0,428313000.0,6099000.0,2022,17947000.0,375932000.0,2022-12-31,2023-05-10
27243,CLI SUL S.A.,188294000.0,-153266000.0,671177000.0,63639000.0,995918000.0,2177209000.0,246787000.0,282013000.0,2023,153266000.0,749131000.0,2023-12-31,2024-02-28
27243,CLI SUL S.A.,242156000.0,-161694000.0,745598000.0,57107000.0,0.0,0.0,0.0,416477000.0,2024,161694000.0,0.0,2024-12-31,2025-02-28
27243,CLI SUL S.A.,0.0,0.0,0.0,0.0,0.0,0.0,0.0,0.0,2025,0.0,0.0,2025-12-31,2026-02-27
25682,CM HOSPITALAR S.A,197021000.0,-351445000.0,4413421000.0,121766000.0,1145833000.0,4595219000.0,937334000.0,185611000.0,2020,351445000.0,208499000.0,2020-12-31,2021-03-18
25682,CM HOSPITALAR S.A,492300000.0,-386754000.0,6218759000.0,395155000.0,2127198000.0,6897190000.0,1364846000.0,214542000.0,2021,386754000.0,762352000.0,2021-12-31,2022-03-30
25682,CM HOSPITALAR S.A,513366000.0,-968673000.0,8746531000.0,259733000.0,3332437000.0,9559624000.0,1042558000.0,532751000.0,2022,968673000.0,2289879000.0,2022-12-31,2023-03-09
25682,CM HOSPITALAR S.A,636450000.0,-660370000.0,11083830000.0,359916000.0,3226924000.0,10186693000.0,472702000.0,-895625000.0,2023,660370000.0,2754222000.0,2023-12-31,2024-03-25
25682,CM HOSPITALAR S.A,-862987000.0,-863355000.0,11583371000.0,-1415491000.0,3872404000.0,9544197000.0,543666000.0,34150000.0,2024,863355000.0,3328738000.0,2024-12-31,2025-03-27
25682,CM HOSPITALAR S.A,531663000.0,-844438000.0,11566926000.0,18239000.0,3440386000.0,8983758000.0,573643000.0,276580000.0,2025,844438000.0,2866743000.0,2025-12-31,2026-04-02
4448,COBRASMA S.A.,-1817000.0,-680147000.0,59000.0,-681078000.0,4406724000.0,167722000.0,0.0,0.0,2014,680147000.0,4406724000.0,2014-12-31,2015-03-30
4448,COBRASMA S.A.,-7228000.0,-957045000.0,54000.0,-963480000.0,5239033000.0,162842000.0,0.0,0.0,2015,957045000.0,5239033000.0,2015-12-31,2016-03-30
4448,COBRASMA S.A.,-17352000.0,-1043438000.0,11000.0,-1059903000.0,6180346000.0,160594000.0,0.0,0.0,2016,1043438000.0,6180346000.0,2016-12-31,2017-03-28
4448,COBRASMA S.A.,-7704000.0,-948061000.0,0.0,-954878000.0,6994742000.0,158268000.0,0.0,0.0,2017,948061000.0,6994742000.0,2017-12-31,2018-03-28
4448,COBRASMA S.A.,-5135000.0,-1163846000.0,0.0,-1168094000.0,8060891000.0,155500000.0,0.0,0.0,2018,1163846000.0,8060891000.0,2018-12-31,2019-03-27
4448,COBRASMA S.A.,-9589000.0,-2065580000.0,545000.0,-2071902000.0,9982896000.0,152874000.0,0.0,0.0,2019,2065580000.0,9982896000.0,2019-12-31,2020-03-26
4448,COBRASMA S.A.,-12274000.0,-2528593000.0,272000.0,-2538383000.0,12352616000.0,148713000.0,0.0,0.0,2020,2528593000.0,12352616000.0,2020-12-31,2021-03-26
4448,COBRASMA S.A.,-12458000.0,-2966419000.0,329000.0,-2977241000.0,15133450000.0,146023000.0,0.0,0.0,2021,2966419000.0,15133450000.0,2021-12-31,2023-03-23
4448,COBRASMA S.A.,32541000.0,-2807613000.0,407000.0,-2774185000.0,17745411000.0,143297000.0,0.0,0.0,2022,2807613000.0,17745411000.0,2022-12-31,2023-03-29
4448,COBRASMA S.A.,-32115000.0,-2695666000.0,407000.0,-2726894000.0,20179747000.0,140841000.0,0.0,0.0,2023,2695666000.0,20179747000.0,2023-12-31,2024-03-26
4448,COBRASMA S.A.,-37812000.0,-4067872000.0,398000.0,-4104797000.0,23987442000.0,138473000.0,0.0,0.0,2024,4067872000.0,23987442000.0,2024-12-31,2025-03-31
4448,COBRASMA S.A.,35322000.0,-4379580000.0,398000.0,-4343371000.0,27897025000.0,135419000.0,0.0,0.0,2025,4379580000.0,27897025000.0,2025-12-31,2026-03-31
17973,COGNA EDUCAÇÃO S.A.,558750000.0,-93383000.0,2015942000.0,516571000.0,549220000.0,4079162000.0,24193000.0,559596000.0,2013,93383000.0,525027000.0,2013-12-31,2014-03-18
17973,COGNA EDUCAÇÃO S.A.,1040817000.0,-149133000.0,3774475000.0,1000600000.0,942118000.0,15486180000.0,450764000.0,1204899000.0,2014,149133000.0,491354000.0,2014-12-31,2015-04-16
17973,COGNA EDUCAÇÃO S.A.,1495370000.0,-195572000.0,5265058000.0,1396134000.0,758404000.0,16638854000.0,398232000.0,911322000.0,2015,195572000.0,360172000.0,2015-12-31,2016-03-15
17973,COGNA EDUCAÇÃO S.A.,1806399000.0,-163470000.0,5244718000.0,1864635000.0,544002000.0,17601065000.0,1343982000.0,1820112000.0,2016,163470000.0,-799980000.0,2016-12-31,2017-03-22
17973,COGNA EDUCAÇÃO S.A.,1694507000.0,-94938000.0,5557748000.0,1882316000.0,303881000.0,18667762000.0,921328000.0,1826404000.0,2017,94938000.0,-617447000.0,2017-12-31,2018-03-16
17973,COGNA EDUCAÇÃO S.A.,1244898000.0,-296433000.0,6060708000.0,1392856000.0,7683622000.0,30645039000.0,1485611000.0,1129440000.0,2018,296433000.0,6198011000.0,2018-12-31,2019-06-21
17973,COGNA EDUCAÇÃO S.A.,1016939000.0,-1179670000.0,7027194000.0,242588000.0,12106039000.0,34118446000.0,371683000.0,419220000.0,2019,1179670000.0,11734356000.0,2019-12-31,2020-03-30
17973,COGNA EDUCAÇÃO S.A.,-3236907000.0,-878512000.0,5269144000.0,-5805798000.0,10253661000.0,30783788000.0,2205346000.0,256343000.0,2020,878512000.0,8048315000.0,2020-12-31,2021-03-31
17973,COGNA EDUCAÇÃO S.A.,78404000.0,-893598000.0,4778057000.0,-512985000.0,9893753000.0,28512853000.0,1601468000.0,503600000.0,2021,893598000.0,8292285000.0,2021-12-31,2022-03-24
17973,COGNA EDUCAÇÃO S.A.,303304000.0,-1405332000.0,5092202000.0,-540998000.0,8204323000.0,26396751000.0,121772000.0,117347000.0,2022,1405332000.0,8082551000.0,2022-12-31,2023-09-21
17973,COGNA EDUCAÇÃO S.A.,732160000.0,-1292099000.0,5814798000.0,-511353000.0,7775596000.0,25135863000.0,624483000.0,679847000.0,2023,1292099000.0,7151113000.0,2023-12-31,2024-03-20
17973,COGNA EDUCAÇÃO S.A.,1351968000.0,-1245705000.0,6390593000.0,991631000.0,6873212000.0,24200400000.0,94965000.0,867436000.0,2024,1245705000.0,6778247000.0,2024-12-31,2025-03-12
17973,COGNA EDUCAÇÃO S.A.,1307019000.0,-1050098000.0,7016663000.0,586035000.0,6649824000.0,24122987000.0,78452000.0,1285616000.0,2025,1050098000.0,6571372000.0,2025-12-31,2026-03-27
26280,COMERC ENERGIA S.A.,-82000.0,-1139000.0,826213000.0,-1155000.0,0.0,1267090000.0,66782000.0,18971000.0,2020,1139000.0,-66782000.0,2020-12-31,2021-09-28
26280,COMERC ENERGIA S.A.,-173702000.0,-121370000.0,3715510000.0,-260134000.0,2979395000.0,6664325000.0,1990463000.0,-110100000.0,2021,121370000.0,988932000.0,2021-12-31,2022-03-31
26280,COMERC ENERGIA S.A.,568055000.0,-615207000.0,4499030000.0,-26981000.0,3980213000.0,13651658000.0,1365064000.0,157709000.0,2022,615207000.0,2615149000.0,2022-12-31,2023-03-21
26280,COMERC ENERGIA S.A.,434135000.0,-751032000.0,4665847000.0,45381000.0,6152648000.0,15626206000.0,551406000.0,136187000.0,2023,751032000.0,5601242000.0,2023-12-31,2024-03-04
26280,COMERC ENERGIA S.A.,142130000.0,-1471655000.0,4089224000.0,189625000.0,7199743000.0,14917327000.0,829006000.0,-29130000.0,2024,1471655000.0,6370737000.0,2024-12-31,2025-02-24
26280,COMERC ENERGIA S.A.,264202000.0,-1522998000.0,5788986000.0,-762276000.0,5627945000.0,17658612000.0,972913000.0,76667000.0,2025,1522998000.0,4655032000.0,2025-12-31,2026-03-11
15652,COMERCIAL QUINTELLA COM EXP SA EM LIQUIDAÇÃO,-81800000.0,0.0,10794000.0,-81800000.0,779061000.0,12984000.0,1000.0,8792000.0,2013,0.0,779060000.0,2013-12-31,2016-09-02
15652,COMERCIAL QUINTELLA COM EXP SA EM LIQUIDAÇÃO,-46664000.0,0.0,942000.0,-57175000.0,861355000.0,66036000.0,2000.0,16051000.0,2014,0.0,861353000.0,2014-12-31,2016-09-02
15652,COMERCIAL QUINTELLA COM EXP SA EM LIQUIDAÇÃO,-171855000.0,0.0,0.0,-169223000.0,1011257000.0,66042000.0,1000.0,17862000.0,2015,0.0,1011256000.0,2015-12-31,2016-11-22
25984,COMPANHIA BRASILEIRA DE ALUMÍNIO,430942000.0,-629088000.0,5411382000.0,-879860000.0,2962420000.0,11210945000.0,632438000.0,812004000.0,2020,629088000.0,2329982000.0,2020-12-31,2021-06-22
25984,COMPANHIA BRASILEIRA DE ALUMÍNIO,1353935000.0,-1083925000.0,8423180000.0,837727000.0,3150754000.0,11965227000.0,1449345000.0,1161062000.0,2021,1083925000.0,1701409000.0,2021-12-31,2022-03-16
25984,COMPANHIA BRASILEIRA DE ALUMÍNIO,1132387000.0,-1139342000.0,8824627000.0,957246000.0,3000547000.0,12274705000.0,849082000.0,754779000.0,2022,1139342000.0,2151465000.0,2022-12-31,2023-03-09
25984,COMPANHIA BRASILEIRA DE ALUMÍNIO,-885921000.0,-711651000.0,7348067000.0,-809199000.0,4392965000.0,13561932000.0,1350229000.0,3596000.0,2023,711651000.0,3042736000.0,2023-12-31,2024-03-07
25984,COMPANHIA BRASILEIRA DE ALUMÍNIO,659768000.0,-1282313000.0,8173649000.0,-72889000.0,4813104000.0,13833020000.0,1141965000.0,647080000.0,2024,1282313000.0,3671139000.0,2024-12-31,2025-03-10
25984,COMPANHIA BRASILEIRA DE ALUMÍNIO,578807000.0,-995405000.0,8788797000.0,229854000.0,4494929000.0,13966016000.0,1268235000.0,856126000.0,2025,995405000.0,3226694000.0,2025-12-31,2026-03-04
28002,COMPANHIA BRASILEIRA DE EDUCAÇÃO E SISTEMA DE ENSINO S.A.,-175483000.0,-370385000.0,1218061000.0,-199061000.0,3117585000.0,6034810000.0,663956000.0,-138429000.0,2025,370385000.0,2453629000.0,2025-09-30,2025-12-16
22691,COMPANHIA DE LOCAÇÃO DAS AMÉRICAS,87177000.0,-87718000.0,540939000.0,16226000.0,699552000.0,1227178000.0,124810000.0,-39549000.0,2013,87718000.0,574742000.0,2013-12-31,2014-03-20
22691,COMPANHIA DE LOCAÇÃO DAS AMÉRICAS,116737000.0,-151450000.0,629222000.0,24788000.0,878341000.0,1364971000.0,167313000.0,-135855000.0,2014,151450000.0,711028000.0,2014-12-31,2015-03-25
22691,COMPANHIA DE LOCAÇÃO DAS AMÉRICAS,223791000.0,-168009000.0,1094614000.0,60598000.0,1433405000.0,2394602000.0,402489000.0,147770000.0,2017,168009000.0,1030916000.0,2017-12-31,2018-03-29
22691,COMPANHIA DE LOCAÇÃO DAS AMÉRICAS,546510000.0,-361772000.0,2917195000.0,189202000.0,3892841000.0,8744518000.0,1755864000.0,223896000.0,2018,361772000.0,2136977000.0,2018-12-31,2019-04-22
22691,COMPANHIA DE LOCAÇÃO DAS AMÉRICAS,798825000.0,-440394000.0,4798607000.0,338146000.0,4672525000.0,11047994000.0,1770114000.0,-1072875000.0,2019,440394000.0,2902411000.0,2019-12-31,2020-03-12
22691,COMPANHIA DE LOCAÇÃO DAS AMÉRICAS,776663000.0,-331266000.0,5591827000.0,385648000.0,7113787000.0,14466226000.0,3338488000.0,-98102000.0,2020,331266000.0,3775299000.0,2020-12-31,2021-02-23
22691,COMPANHIA DE LOCAÇÃO DAS AMÉRICAS,1892002000.0,-540827000.0,6513489000.0,1003173000.0,10007917000.0,18502356000.0,2663080000.0,-1472651000.0,2021,540827000.0,7344837000.0,2021-12-31,2022-03-21
22691,COMPANHIA DE LOCAÇÃO DAS AMÉRICAS,2229915000.0,-1564748000.0,8111381000.0,303499000.0,11921822000.0,20114794000.0,498796000.0,-2651644000.0,2022,1564748000.0,11423026000.0,2022-12-31,2023-03-15
22691,COMPANHIA DE LOCAÇÃO DAS AMÉRICAS,2224335000.0,-1495580000.0,7748094000.0,721280000.0,3102051000.0,20275263000.0,227884000.0,116212000.0,2023,1495580000.0,2874167000.0,2023-12-31,2024-03-11
22691,COMPANHIA DE LOCAÇÃO DAS AMÉRICAS,866894000.0,-151614000.0,8503476000.0,834795000.0,630499000.0,19156054000.0,975088000.0,1990036000.0,2024,151614000.0,-344589000.0,2024-12-31,2025-03-07
14451,COMPANHIA ENERGÉTICA DE BRASÍLIA - CEB,-41448000.0,-69025000.0,1608673000.0,-75163000.0,261348000.0,2434831000.0,96786000.0,,2013,69025000.0,164562000.0,2013-12-31,2014-04-25
14451,COMPANHIA ENERGÉTICA DE BRASÍLIA - CEB,18778000.0,-81803000.0,2122783000.0,-96319000.0,321111000.0,2709827000.0,66006000.0,,2014,81803000.0,255105000.0,2014-12-31,2015-03-27
14451,COMPANHIA ENERGÉTICA DE BRASÍLIA - CEB,257579000.0,-244147000.0,2427203000.0,88519000.0,408083000.0,3344728000.0,78043000.0,,2015,244147000.0,330040000.0,2015-12-31,2016-03-30
14451,COMPANHIA ENERGÉTICA DE BRASÍLIA - CEB,136673000.0,-197272000.0,2114554000.0,133693000.0,400894000.0,3156892000.0,86041000.0,,2016,197272000.0,314853000.0,2016-12-31,2017-03-28
14451,COMPANHIA ENERGÉTICA DE BRASÍLIA - CEB,241940000.0,-88011000.0,2720486000.0,177233000.0,506970000.0,3637085000.0,92001000.0,,2017,88011000.0,414969000.0,2017-12-31,2018-03-29
14451,COMPANHIA ENERGÉTICA DE BRASÍLIA - CEB,236356000.0,-204982000.0,2590210000.0,115710000.0,537060000.0,3741671000.0,179699000.0,,2018,204982000.0,357361000.0,2018-12-31,2019-03-29
14451,COMPANHIA ENERGÉTICA DE BRASÍLIA - CEB,253275000.0,-151880000.0,2749738000.0,156629000.0,502175000.0,3687355000.0,465338000.0,,2019,151880000.0,36837000.0,2019-12-31,2020-03-26
14451,COMPANHIA ENERGÉTICA DE BRASÍLIA - CEB,131329000.0,-8755000.0,255178000.0,465378000.0,95101000.0,3833792000.0,136703000.0,,2020,8755000.0,-41602000.0,2020-12-31,2021-03-26
14451,COMPANHIA ENERGÉTICA DE BRASÍLIA - CEB,1879205000.0,-2363000.0,343088000.0,1294407000.0,0.0,1514386000.0,714792000.0,,2021,2363000.0,-714792000.0,2021-12-31,2023-03-17
14451,COMPANHIA ENERGÉTICA DE BRASÍLIA - CEB,284379000.0,-1329000.0,322217000.0,258053000.0,0.0,1436827000.0,739509000.0,,2022,1329000.0,-739509000.0,2022-12-31,2023-03-24
14451,COMPANHIA ENERGÉTICA DE BRASÍLIA - CEB,222307000.0,-2244000.0,352571000.0,235023000.0,0.0,1415858000.0,682918000.0,,2023,2244000.0,-682918000.0,2023-12-31,2024-03-22
14451,COMPANHIA ENERGÉTICA DE BRASÍLIA - CEB,221085000.0,-4077000.0,350369000.0,225527000.0,0.0,1484640000.0,708612000.0,,2024,4077000.0,-708612000.0,2024-12-31,2025-03-21
14451,COMPANHIA ENERGÉTICA DE BRASÍLIA - CEB,228392000.0,-6442000.0,510334000.0,235310000.0,0.0,1356384000.0,424671000.0,,2025,6442000.0,-424671000.0,2025-12-31,2026-03-27
27154,COMPANHIA ESTADUAL DE GERAÇÃO DE ENERGIA ELÉTRICA - CEEE-G,134506000.0,0.0,476923000.0,209633000.0,0.0,1406648000.0,488327000.0,72791000.0,2021,0.0,-488327000.0,2021-12-31,2022-11-25
27154,COMPANHIA ESTADUAL DE GERAÇÃO DE ENERGIA ELÉTRICA - CEEE-G,-117186000.0,0.0,431734000.0,-14239000.0,1902653000.0,3381375000.0,669100000.0,114178000.0,2022,0.0,1233553000.0,2022-12-31,2023-03-31
27154,COMPANHIA ESTADUAL DE GERAÇÃO DE ENERGIA ELÉTRICA - CEEE-G,268583000.0,0.0,310515000.0,72485000.0,1909914000.0,3283861000.0,784415000.0,-97494000.0,2023,0.0,1125499000.0,2023-12-31,2024-03-08
27154,COMPANHIA ESTADUAL DE GERAÇÃO DE ENERGIA ELÉTRICA - CEEE-G,10944000.0,0.0,275850000.0,-65303000.0,1916670000.0,3311605000.0,699549000.0,-121719000.0,2024,0.0,1217121000.0,2024-12-31,2025-03-12
27154,COMPANHIA ESTADUAL DE GERAÇÃO DE ENERGIA ELÉTRICA - CEEE-G,121671000.0,0.0,364017000.0,-3615000.0,1378923000.0,3291867000.0,709888000.0,116224000.0,2025,0.0,669035000.0,2025-12-31,2026-03-11
3395,COMPANHIA INDUSTRIAL CATAGUASES,16180000.0,-20762000.0,212597000.0,15998000.0,70601000.0,280734000.0,22679000.0,-10984000.0,2021,20762000.0,47922000.0,2021-12-31,2022-03-16
3395,COMPANHIA INDUSTRIAL CATAGUASES,24982000.0,-41151000.0,320305000.0,22448000.0,92383000.0,385536000.0,58866000.0,33161000.0,2022,41151000.0,33517000.0,2022-12-31,2023-03-09
3395,COMPANHIA INDUSTRIAL CATAGUASES,21304000.0,-37807000.0,302174000.0,20113000.0,130964000.0,373835000.0,61292000.0,-10788000.0,2023,37807000.0,69672000.0,2023-12-31,2024-03-22
3395,COMPANHIA INDUSTRIAL CATAGUASES,34231000.0,-41349000.0,316150000.0,23257000.0,152534000.0,418460000.0,80645000.0,33178000.0,2024,41349000.0,71889000.0,2024-12-31,2025-03-21
3395,COMPANHIA INDUSTRIAL CATAGUASES,18466000.0,-38315000.0,298894000.0,15808000.0,163568000.0,429620000.0,75761000.0,9383000.0,2025,38315000.0,87807000.0,2025-12-31,2026-03-20
20974,COMPANHIA PROVIDENCIA IND E COMERCIO,80897000.0,-45393000.0,782002000.0,26920000.0,590930000.0,1344865000.0,11124000.0,106280000.0,2013,45393000.0,579806000.0,2013-12-31,2014-02-26
20974,COMPANHIA PROVIDENCIA IND E COMERCIO,-2446000.0,-66566000.0,801510000.0,-71905000.0,50696000.0,1303992000.0,16513000.0,46762000.0,2014,66566000.0,34183000.0,2014-12-31,2015-04-28
25127,COMPASS GÁS E ENERGIA S.A.,-2614000.0,-1000.0,0.0,-1726000.0,0.0,1002000.0,113000.0,-1000.0,2019,1000.0,-113000.0,2019-12-31,2020-07-31
25127,COMPASS GÁS E ENERGIA S.A.,1683550000.0,-524479000.0,9093170000.0,940465000.0,7043909000.0,15027676000.0,1899533000.0,2095026000.0,2020,524479000.0,5144376000.0,2020-12-31,2021-02-11
25127,COMPASS GÁS E ENERGIA S.A.,1972892000.0,-900783000.0,12330209000.0,1742636000.0,7731739000.0,19982609000.0,3562358000.0,2171057000.0,2021,900783000.0,4169381000.0,2021-12-31,2022-02-17
25127,COMPASS GÁS E ENERGIA S.A.,2683620000.0,-1377891000.0,20133787000.0,1977298000.0,8355445000.0,25122186000.0,3403635000.0,3926605000.0,2022,1377891000.0,4951810000.0,2022-12-31,2023-02-28
25127,COMPASS GÁS E ENERGIA S.A.,3345086000.0,-1658582000.0,17767327000.0,1800241000.0,11654093000.0,28836503000.0,3931532000.0,3302639000.0,2023,1658582000.0,7722561000.0,2023-12-31,2024-03-27
25127,COMPASS GÁS E ENERGIA S.A.,3669325000.0,-1587619000.0,18383448000.0,2122454000.0,16571339000.0,34250119000.0,5271256000.0,3867362000.0,2024,1587619000.0,11300083000.0,2024-12-31,2025-02-25
25127,COMPASS GÁS E ENERGIA S.A.,3726295000.0,-2177941000.0,16604055000.0,1459707000.0,17251026000.0,33347589000.0,3430108000.0,4358602000.0,2025,2177941000.0,13820918000.0,2025-12-31,2026-03-04
23868,CONCEBRA - CONCESSIONARIA DAS RODOVIAS CENTRAIS DO BRASIL,101209.0,-147794.0,520399.0,-29615.0,856203.0,1491864.0,5388.0,133845.0,2016,147794.0,850815.0,2016-12-31,2017-03-29
23868,CONCEBRA - CONCESSIONARIA DAS RODOVIAS CENTRAIS DO BRASIL,96032.0,-202841.0,445188.0,-70703.0,944813.0,1596143.0,15784.0,151961.0,2017,202841.0,929029.0,2017-12-31,2018-03-16
23868,CONCEBRA - CONCESSIONARIA DAS RODOVIAS CENTRAIS DO BRASIL,107123.0,-205520.0,450798.0,-64588.0,1011996.0,1658724.0,15475.0,170036.0,2018,205520.0,996521.0,2018-12-31,2019-10-14
23868,CONCEBRA - CONCESSIONARIA DAS RODOVIAS CENTRAIS DO BRASIL,229449.0,-89292.0,301594.0,104007.0,1147506.0,1614152.0,19234.0,54226.0,2020,89292.0,1128272.0,2020-12-31,2021-03-26
23868,CONCEBRA - CONCESSIONARIA DAS RODOVIAS CENTRAIS DO BRASIL,22346.0,-165694.0,244986.0,-76342.0,1215829.0,1605913.0,8927.0,69652.0,2021,165694.0,1206902.0,2021-12-31,2022-03-25
27731,CONCESSIONÁRIA DA LINHA 4 DO METRÔ DE SÃO PAULO S.A.,1234041000.0,0.0,1636412000.0,765426000.0,1000887000.0,3858357000.0,145069000.0,626786000.0,2023,0.0,855818000.0,2023-12-31,2024-10-11
27731,CONCESSIONÁRIA DA LINHA 4 DO METRÔ DE SÃO PAULO S.A.,744410000.0,0.0,1219069000.0,436509000.0,1755686000.0,3830544000.0,194698000.0,833269000.0,2024,0.0,1560988000.0,2024-12-31,2025-03-07
27731,CONCESSIONÁRIA DA LINHA 4 DO METRÔ DE SÃO PAULO S.A.,1610018000.0,0.0,2206074000.0,982077000.0,1568339000.0,4593078000.0,397718000.0,1206973000.0,2025,0.0,1170621000.0,2025-12-31,2026-03-05
22144,CONCESSÃO METROVIÁRIA DO RIO DE JANEIRO S.A.,98603.0,-148925.0,559238.0,36075.0,1128111.0,2570959.0,56364.0,211484.0,2013,148925.0,1071747.0,2013-12-31,2014-03-21
22144,CONCESSÃO METROVIÁRIA DO RIO DE JANEIRO S.A.,174115.0,-124892.0,820185.0,61222.0,1168622.0,2678120.0,38809.0,311684.0,2014,124892.0,1129813.0,2014-12-31,2015-03-27
22144,CONCESSÃO METROVIÁRIA DO RIO DE JANEIRO S.A.,199155.0,-221028.0,872972.0,84731.0,1205144.0,2825025.0,111028.0,345014.0,2015,221028.0,1094116.0,2015-12-31,2016-03-30
22144,CONCESSÃO METROVIÁRIA DO RIO DE JANEIRO S.A.,209400000.0,-233233000.0,959131000.0,31705000.0,1081819000.0,2627962000.0,51620000.0,208810000.0,2016,233233000.0,1030199000.0,2016-12-31,2017-03-29
22144,CONCESSÃO METROVIÁRIA DO RIO DE JANEIRO S.A.,140404000.0,-158556000.0,816263000.0,-6070000.0,997162000.0,2566053000.0,58215000.0,292730000.0,2017,158556000.0,938947000.0,2017-12-31,2018-03-22
4693,CONSERVAS ODERICH S.A.,141873000.0,-58108000.0,660002000.0,96095000.0,277967000.0,831845000.0,79880000.0,-9906000.0,2021,58108000.0,198087000.0,2021-12-31,2022-03-25
4693,CONSERVAS ODERICH S.A.,128370000.0,-70714000.0,786969000.0,115869000.0,254798000.0,905724000.0,64182000.0,56254000.0,2022,70714000.0,190616000.0,2022-12-31,2023-03-24
4693,CONSERVAS ODERICH S.A.,124626000.0,-67726000.0,777726000.0,90998000.0,251461000.0,914712000.0,74064000.0,67147000.0,2023,67726000.0,177397000.0,2023-12-31,2024-04-16
4693,CONSERVAS ODERICH S.A.,51315000.0,-78971000.0,733020000.0,36713000.0,325452000.0,1032741000.0,101282000.0,-19938000.0,2024,78971000.0,224170000.0,2024-12-31,2025-03-31
4693,CONSERVAS ODERICH S.A.,112185000.0,-87570000.0,828048000.0,75539000.0,382698000.0,1139456000.0,110220000.0,89256000.0,2025,87570000.0,272478000.0,2025-12-31,2026-03-31
4707,CONSORCIO ALFA DE ADMINISTRACAO S.A.,31255000.0,-96449000.0,27783000.0,77874000.0,0.0,2529211000.0,5313000.0,15717000.0,2013,96449000.0,-5313000.0,2013-12-31,2014-03-20
4707,CONSORCIO ALFA DE ADMINISTRACAO S.A.,19469000.0,-119051000.0,24676000.0,66918000.0,0.0,2861695000.0,2154000.0,141447000.0,2014,119051000.0,-2154000.0,2014-12-31,2015-03-20
4707,CONSORCIO ALFA DE ADMINISTRACAO S.A.,20655000.0,-150261000.0,27701000.0,92991000.0,0.0,3034511000.0,1729000.0,126222000.0,2015,150261000.0,-1729000.0,2015-12-31,2016-03-18
4707,CONSORCIO ALFA DE ADMINISTRACAO S.A.,8220000.0,-167615000.0,30556000.0,95280000.0,0.0,3247532000.0,1896000.0,123703000.0,2016,167615000.0,-1896000.0,2016-12-31,2017-03-17
4707,CONSORCIO ALFA DE ADMINISTRACAO S.A.,-6353000.0,-128744000.0,25294000.0,84603000.0,0.0,3141175000.0,3930000.0,136395000.0,2017,128744000.0,-3930000.0,2017-12-31,2018-03-16
4707,CONSORCIO ALFA DE ADMINISTRACAO S.A.,15415000.0,-90036000.0,26000000.0,83700000.0,0.0,3162081000.0,2848000.0,70670000.0,2018,90036000.0,-2848000.0,2018-12-31,2019-03-15
4707,CONSORCIO ALFA DE ADMINISTRACAO S.A.,13287000.0,-85934000.0,28762000.0,76322000.0,0.0,3321806000.0,5869000.0,100143000.0,2019,85934000.0,-5869000.0,2019-12-31,2020-03-19
4707,CONSORCIO ALFA DE ADMINISTRACAO S.A.,46445000.0,-180176000.0,25644000.0,63814000.0,0.0,3036525000.0,5874000.0,-143633000.0,2020,180176000.0,-5874000.0,2020-12-31,2021-02-26
4707,CONSORCIO ALFA DE ADMINISTRACAO S.A.,-24013000.0,-122618000.0,4339000.0,23648000.0,0.0,3076634000.0,3305000.0,-66585000.0,2021,122618000.0,-3305000.0,2021-12-31,2022-02-25
4707,CONSORCIO ALFA DE ADMINISTRACAO S.A.,53161000.0,-165247000.0,3804000.0,126886000.0,0.0,3383676000.0,3839000.0,168113000.0,2022,165247000.0,-3839000.0,2022-12-31,2023-02-16
4707,CONSORCIO ALFA DE ADMINISTRACAO S.A.,-28375000.0,-160380000.0,3555000.0,49105000.0,0.0,2989063000.0,3547000.0,58642000.0,2023,160380000.0,-3547000.0,2023-12-31,2024-02-08
4723,CONSTRUTORA ADOLPHO LINDENBERG S.A.,13955000.0,-898000.0,43021000.0,18756000.0,725000.0,34572000.0,4686000.0,8966000.0,2013,898000.0,-3961000.0,2013-12-31,2015-03-26
4723,CONSTRUTORA ADOLPHO LINDENBERG S.A.,9491000.0,-629000.0,45025000.0,8341000.0,0.0,44050000.0,13239000.0,14574000.0,2014,629000.0,-13239000.0,2014-12-31,2015-02-27
4723,CONSTRUTORA ADOLPHO LINDENBERG S.A.,15610000.0,-462000.0,45507000.0,14586000.0,0.0,55040000.0,18120000.0,5001000.0,2015,462000.0,-18120000.0,2015-12-31,2016-02-19
4723,CONSTRUTORA ADOLPHO LINDENBERG S.A.,12113000.0,-432000.0,27147000.0,4206000.0,0.0,46246000.0,6733000.0,2829000.0,2016,432000.0,-6733000.0,2016-12-31,2017-02-20
4723,CONSTRUTORA ADOLPHO LINDENBERG S.A.,3820000.0,-294000.0,12093000.0,4605000.0,0.0,47627000.0,4299000.0,-645000.0,2017,294000.0,-4299000.0,2017-12-31,2018-03-16
4723,CONSTRUTORA ADOLPHO LINDENBERG S.A.,2027000.0,-141000.0,6814000.0,2500000.0,0.0,45866000.0,414000.0,-8843000.0,2018,141000.0,-414000.0,2018-12-31,2019-03-18
4723,CONSTRUTORA ADOLPHO LINDENBERG S.A.,-25622000.0,-95000.0,4076000.0,-24666000.0,753000.0,79872000.0,137000.0,-23862000.0,2019,95000.0,616000.0,2019-12-31,2020-03-19
4723,CONSTRUTORA ADOLPHO LINDENBERG S.A.,3825000.0,-1818000.0,30039000.0,1943000.0,34307000.0,124698000.0,10168000.0,-7289000.0,2020,1818000.0,24139000.0,2020-12-31,2021-02-19
4723,CONSTRUTORA ADOLPHO LINDENBERG S.A.,13756000.0,-6554000.0,73003000.0,7467000.0,87316000.0,191419000.0,27281000.0,-25475000.0,2021,6554000.0,60035000.0,2021-12-31,2022-02-25
4723,CONSTRUTORA ADOLPHO LINDENBERG S.A.,17622000.0,-13269000.0,149193000.0,7000000.0,98315000.0,227220000.0,26022000.0,5279000.0,2022,13269000.0,72293000.0,2022-12-31,2023-03-17
4723,CONSTRUTORA ADOLPHO LINDENBERG S.A.,17401000.0,-9270000.0,95712000.0,9678000.0,44536000.0,218306000.0,7435000.0,42585000.0,2023,9270000.0,37101000.0,2023-12-31,2024-03-08
4723,CONSTRUTORA ADOLPHO LINDENBERG S.A.,18637000.0,-10119000.0,75149000.0,7950000.0,70232000.0,243669000.0,6868000.0,-36980000.0,2024,10119000.0,63364000.0,2024-12-31,2025-03-17
4723,CONSTRUTORA ADOLPHO LINDENBERG S.A.,56424000.0,-11511000.0,365614000.0,45872000.0,303778000.0,806908000.0,159049000.0,23400000.0,2025,11511000.0,144729000.0,2025-12-31,2026-03-11
4774,CONSTRUTORA LIX DA CUNHA S.A.,2739000.0,-20872000.0,16212000.0,-1617000.0,7119000.0,314799000.0,1804000.0,4286000.0,2013,20872000.0,5315000.0,2013-12-31,2014-03-28
4774,CONSTRUTORA LIX DA CUNHA S.A.,13390000.0,-9352000.0,12343000.0,9917000.0,8003000.0,276996000.0,254000.0,-737000.0,2014,9352000.0,7749000.0,2014-12-31,2015-03-31
4774,CONSTRUTORA LIX DA CUNHA S.A.,-11920000.0,-8697000.0,6005000.0,-9499000.0,9588000.0,287489000.0,152000.0,-821000.0,2015,8697000.0,9436000.0,2015-12-31,2016-03-31
4774,CONSTRUTORA LIX DA CUNHA S.A.,-19480000.0,-10186000.0,293000.0,-17720000.0,10520000.0,296396000.0,113000.0,2840000.0,2016,10186000.0,10407000.0,2016-12-31,2019-01-04
4774,CONSTRUTORA LIX DA CUNHA S.A.,-29126000.0,-2652000.0,53000.0,-21776000.0,11165000.0,300118000.0,107000.0,-2000.0,2017,2652000.0,11058000.0,2017-12-31,2019-01-04
4774,CONSTRUTORA LIX DA CUNHA S.A.,-11247000.0,-7030000.0,447000.0,2754000.0,3521000.0,316865000.0,12000.0,-825000.0,2018,7030000.0,3509000.0,2018-12-31,2019-07-30
27340,CONSTRUTORA METROCASA S.A.,129687000.0,-1785000.0,406766000.0,125256000.0,0.0,345106000.0,58444000.0,22895000.0,2022,1785000.0,-58444000.0,2022-12-31,2023-09-13
27340,CONSTRUTORA METROCASA S.A.,172967000.0,-4151000.0,684354000.0,163818000.0,0.0,593270000.0,72287000.0,46778000.0,2023,4151000.0,-72287000.0,2023-12-31,2024-01-26
27340,CONSTRUTORA METROCASA S.A.,227716000.0,-5915000.0,892233000.0,221204000.0,70891000.0,912104000.0,97898000.0,-15032000.0,2024,5915000.0,-27007000.0,2024-12-31,2025-03-17
27340,CONSTRUTORA METROCASA S.A.,341929000.0,-37937000.0,1458798000.0,313209000.0,439800000.0,1502447000.0,187744000.0,-24416000.0,2025,37937000.0,252056000.0,2025-12-31,2026-04-08
13030,CONSTRUTORA SULTEPA S.A. - EM RECUPERAÇÃO JUDICIAL,-18039000.0,-52213000.0,153174000.0,-21768000.0,149813000.0,1002815000.0,1251000.0,-6334000.0,2013,52213000.0,148562000.0,2013-12-31,2014-05-28
13030,CONSTRUTORA SULTEPA S.A. - EM RECUPERAÇÃO JUDICIAL,-21191000.0,-53276000.0,95381000.0,-21212000.0,168148000.0,1075230000.0,367000.0,27984000.0,2014,53276000.0,167781000.0,2014-12-31,2015-09-09
13030,CONSTRUTORA SULTEPA S.A. - EM RECUPERAÇÃO JUDICIAL,-6260000.0,-68631000.0,39909000.0,28224000.0,202611000.0,1183121000.0,8183000.0,14415000.0,2015,68631000.0,194428000.0,2015-12-31,2016-06-29
13030,CONSTRUTORA SULTEPA S.A. - EM RECUPERAÇÃO JUDICIAL,-34225000.0,-11159000.0,64426000.0,29834000.0,12632000.0,1275003000.0,2555000.0,252383000.0,2016,11159000.0,10077000.0,2016-12-31,2017-04-06
13030,CONSTRUTORA SULTEPA S.A. - EM RECUPERAÇÃO JUDICIAL,-31721000.0,-65608000.0,94349000.0,-43882000.0,9918000.0,1380766000.0,10255000.0,17934000.0,2017,65608000.0,-337000.0,2017-12-31,2018-03-29
13030,CONSTRUTORA SULTEPA S.A. - EM RECUPERAÇÃO JUDICIAL,-23315000.0,-16201000.0,127890000.0,41901000.0,5012000.0,1419891000.0,2154000.0,2562000.0,2018,16201000.0,2858000.0,2018-12-31,2019-04-25
13030,CONSTRUTORA SULTEPA S.A. - EM RECUPERAÇÃO JUDICIAL,-113266000.0,-11754000.0,116624000.0,-78571000.0,3880000.0,1524395000.0,2165000.0,4454000.0,2019,11754000.0,1715000.0,2019-12-31,2020-06-01
13030,CONSTRUTORA SULTEPA S.A. - EM RECUPERAÇÃO JUDICIAL,10873000.0,-5274000.0,96184000.0,58964000.0,2126000.0,1577208000.0,1723000.0,10027000.0,2020,5274000.0,403000.0,2020-12-31,2021-03-31
13030,CONSTRUTORA SULTEPA S.A. - EM RECUPERAÇÃO JUDICIAL,-19254000.0,-6777000.0,109167000.0,89280000.0,3759000.0,1695473000.0,3024000.0,38777000.0,2021,6777000.0,735000.0,2021-12-31,2022-03-29
13030,CONSTRUTORA SULTEPA S.A. - EM RECUPERAÇÃO JUDICIAL,-3549000.0,-12468000.0,146352000.0,72888000.0,2006000.0,1824645000.0,830000.0,3642000.0,2022,12468000.0,1176000.0,2022-12-31,2023-03-30
13030,CONSTRUTORA SULTEPA S.A. - EM RECUPERAÇÃO JUDICIAL,1492000.0,-15707000.0,197137000.0,68505000.0,1562000.0,1961478000.0,941000.0,14466000.0,2023,15707000.0,621000.0,2023-12-31,2024-04-01
13030,CONSTRUTORA SULTEPA S.A. - EM RECUPERAÇÃO JUDICIAL,1468000.0,-17355000.0,187582000.0,95232000.0,5237000.0,2101974000.0,3333000.0,10218000.0,2024,17355000.0,1904000.0,2024-12-31,2025-03-25
13030,CONSTRUTORA SULTEPA S.A. - EM RECUPERAÇÃO JUDICIAL,776000.0,-27419000.0,200033000.0,93579000.0,3860000.0,2241580000.0,1684000.0,10249000.0,2025,27419000.0,2176000.0,2025-12-31,2026-03-27
21148,CONSTRUTORA TENDA S.A.,-72158000.0,-41347000.0,817461000.0,-84621000.0,638722000.0,2507141000.0,157532000.0,221365000.0,2013,41347000.0,481190000.0,2013-12-31,2016-10-18
21148,CONSTRUTORA TENDA S.A.,-111183000.0,-83548000.0,570138000.0,-142386000.0,438550000.0,2125189000.0,61615000.0,19334000.0,2014,83548000.0,376935000.0,2014-12-31,2016-10-18
21148,CONSTRUTORA TENDA S.A.,30445000.0,-41051000.0,850962000.0,29697000.0,248330000.0,1905660000.0,21653000.0,-85495000.0,2015,41051000.0,226677000.0,2015-12-31,2016-10-18
21148,CONSTRUTORA TENDA S.A.,88278000.0,-47300000.0,1052710000.0,47269000.0,134994000.0,1862149000.0,28414000.0,137055000.0,2016,47300000.0,106580000.0,2016-12-31,2017-03-13
21148,CONSTRUTORA TENDA S.A.,123487000.0,-29003000.0,1357904000.0,104636000.0,270165000.0,2135178000.0,39377000.0,188411000.0,2017,29003000.0,230788000.0,2017-12-31,2018-03-08
21148,CONSTRUTORA TENDA S.A.,219360000.0,-34377000.0,1681254000.0,201346000.0,542491000.0,2621039000.0,34287000.0,283441000.0,2018,34377000.0,508204000.0,2018-12-31,2019-03-12
21148,CONSTRUTORA TENDA S.A.,290731000.0,-52439000.0,1950098000.0,264413000.0,870436000.0,3478485000.0,48353000.0,68810000.0,2019,52439000.0,822083000.0,2019-12-31,2020-03-19
21148,CONSTRUTORA TENDA S.A.,264648000.0,-55638000.0,2282369000.0,199720000.0,1157117000.0,4236719000.0,69735000.0,93979000.0,2020,55638000.0,1087382000.0,2020-12-31,2021-03-11
21148,CONSTRUTORA TENDA S.A.,-90430000.0,-97753000.0,2539954000.0,-196589000.0,1396757000.0,4441497000.0,87074000.0,-163657000.0,2021,97753000.0,1309683000.0,2021-12-31,2022-03-10
21148,CONSTRUTORA TENDA S.A.,-315809000.0,-249781000.0,2412586000.0,-555713000.0,1481790000.0,4128354000.0,83692000.0,-367338000.0,2022,249781000.0,1398098000.0,2022-12-31,2023-03-09
21148,CONSTRUTORA TENDA S.A.,21214000.0,-66146000.0,651443000.0,-146195000.0,2606143000.0,8722003000.0,68145000.0,278950000.0,2023,66146000.0,2537998000.0,2023-03-31,2023-05-03
21148,CONSTRUTORA TENDA S.A.,21214000.0,-66146000.0,651443000.0,-146195000.0,2606143000.0,8722003000.0,68145000.0,278950000.0,2023,66146000.0,2537998000.0,2023-12-31,2024-03-14
21148,CONSTRUTORA TENDA S.A.,295128000.0,-236027000.0,3284401000.0,100711000.0,1213062000.0,5348937000.0,92687000.0,542184000.0,2024,236027000.0,1120375000.0,2024-12-31,2025-03-12
21148,CONSTRUTORA TENDA S.A.,518700000.0,-232663000.0,4173389000.0,484431000.0,1312970000.0,6625534000.0,30163000.0,290321000.0,2025,232663000.0,1282807000.0,2025-12-31,2026-03-05
19100,CONTAX PARTICIPAÇÕES S.A. - EM RECUPERAÇÃO JUDICIAL,-112565000.0,-90564000.0,1048276000.0,-136279000.0,332906000.0,1765062000.0,26908000.0,44983000.0,2021,90564000.0,305998000.0,2021-12-31,2022-04-07
19100,CONTAX PARTICIPAÇÕES S.A. - EM RECUPERAÇÃO JUDICIAL,-320729000.0,-141229000.0,672022000.0,-455241000.0,394247000.0,1707149000.0,99243000.0,108166000.0,2022,141229000.0,295004000.0,2022-12-31,2024-05-20
19100,CONTAX PARTICIPAÇÕES S.A. - EM RECUPERAÇÃO JUDICIAL,-220581000.0,-24269000.0,307605000.0,589953000.0,228038000.0,1444456000.0,59329000.0,-37306000.0,2023,24269000.0,168709000.0,2023-12-31,2024-05-20
19100,CONTAX PARTICIPAÇÕES S.A. - EM RECUPERAÇÃO JUDICIAL,-53193000.0,-90751000.0,371753000.0,-140758000.0,220713000.0,1105551000.0,68431000.0,9869000.0,2024,90751000.0,152282000.0,2024-12-31,2025-04-07
19100,CONTAX PARTICIPAÇÕES S.A. - EM RECUPERAÇÃO JUDICIAL,41221000.0,-88696000.0,447089000.0,-34365000.0,247785000.0,1175825000.0,24803000.0,42323000.0,2025,88696000.0,222982000.0,2025-12-31,2026-04-02
24740,COPEL GERAÇÃO E TRANSMISSÃO S.A.,1654348000.0,-568047000.0,3625333000.0,870499000.0,6604886000.0,18279362000.0,825034000.0,832683000.0,2018,568047000.0,5779852000.0,2018-12-31,2019-06-04
24740,COPEL GERAÇÃO E TRANSMISSÃO S.A.,2069374000.0,-570763000.0,4029142000.0,1270443000.0,6538462000.0,19162894000.0,899232000.0,1019692000.0,2019,570763000.0,5639230000.0,2019-12-31,2020-03-30
24740,COPEL GERAÇÃO E TRANSMISSÃO S.A.,2388387000.0,-400836000.0,5029120000.0,1619342000.0,5930636000.0,20442581000.0,1509740000.0,1778477000.0,2020,400836000.0,4420896000.0,2020-12-31,2021-05-13
24740,COPEL GERAÇÃO E TRANSMISSÃO S.A.,4229439000.0,-564102000.0,7551426000.0,2820099000.0,7305442000.0,24715085000.0,1929858000.0,1596816000.0,2021,564102000.0,5375584000.0,2021-12-31,2022-03-29
24740,COPEL GERAÇÃO E TRANSMISSÃO S.A.,2531386000.0,-902309000.0,5039660000.0,1599459000.0,7679603000.0,24687546000.0,1580000000.0,1832229000.0,2022,902309000.0,6099603000.0,2022-12-31,2023-03-28
24740,COPEL GERAÇÃO E TRANSMISSÃO S.A.,2646368000.0,-1081429000.0,5117723000.0,1700521000.0,8891427000.0,27416748000.0,2311905000.0,2309504000.0,2023,1081429000.0,6579522000.0,2023-12-31,2024-02-29
24740,COPEL GERAÇÃO E TRANSMISSÃO S.A.,2265099000.0,-993124000.0,4521519000.0,1306964000.0,9307359000.0,30206897000.0,1682854000.0,1920784000.0,2024,993124000.0,7624505000.0,2024-12-31,2025-02-27
24740,COPEL GERAÇÃO E TRANSMISSÃO S.A.,3032602000.0,-1424382000.0,5096933000.0,1802418000.0,10958820000.0,32660978000.0,2312909000.0,1937676000.0,2025,1424382000.0,8645911000.0,2025-12-31,2026-02-26
27669,CORPÓREOS - SERVIÇOS TERAPÊUTICOS S.A.,124622000.0,-72574000.0,954010000.0,54195000.0,491317000.0,2018357000.0,214989000.0,232658000.0,2024,72574000.0,276328000.0,2024-12-31,2025-04-08
27669,CORPÓREOS - SERVIÇOS TERAPÊUTICOS S.A.,131519000.0,-87083000.0,1011629000.0,53321000.0,736048000.0,1986146000.0,129802000.0,106618000.0,2025,87083000.0,606246000.0,2025-12-31,2026-03-30
4863,CORREA RIBEIRO S.A. COMERCIO E INDUSTRIA,966000.0,-430000.0,9832000.0,212000.0,1083000.0,23862000.0,78000.0,,2013,430000.0,1005000.0,2013-12-31,2014-03-27
4863,CORREA RIBEIRO S.A. COMERCIO E INDUSTRIA,2188000.0,-452000.0,15170000.0,1269000.0,0.0,21885000.0,92000.0,,2014,452000.0,-92000.0,2014-12-31,2015-03-24
4863,CORREA RIBEIRO S.A. COMERCIO E INDUSTRIA,-2664000.0,-128000.0,3101000.0,-2703000.0,0.0,18919000.0,31000.0,,2015,128000.0,-31000.0,2015-12-31,2016-03-23
4863,CORREA RIBEIRO S.A. COMERCIO E INDUSTRIA,-1888000.0,-149000.0,2521000.0,-1496000.0,0.0,17426000.0,31000.0,,2016,149000.0,-31000.0,2016-12-31,2017-03-24
4863,CORREA RIBEIRO S.A. COMERCIO E INDUSTRIA,-1724000.0,-105000.0,5666000.0,-1738000.0,0.0,15484000.0,20000.0,,2017,105000.0,-20000.0,2017-12-31,2018-03-23
4863,CORREA RIBEIRO S.A. COMERCIO E INDUSTRIA,-5530000.0,-53000.0,1483000.0,-5580000.0,0.0,12953000.0,139000.0,,2018,53000.0,-139000.0,2018-12-31,2019-03-20
4863,CORREA RIBEIRO S.A. COMERCIO E INDUSTRIA,-1916000.0,-4000.0,1990000.0,-1739000.0,0.0,11934000.0,58000.0,,2019,4000.0,-58000.0,2019-12-31,2020-03-30
4863,CORREA RIBEIRO S.A. COMERCIO E INDUSTRIA,5929000.0,-5000.0,19717000.0,5184000.0,0.0,23238000.0,144000.0,,2020,5000.0,-144000.0,2020-12-31,2021-03-16
4863,CORREA RIBEIRO S.A. COMERCIO E INDUSTRIA,-2662000.0,-9000.0,903000.0,-1943000.0,0.0,20289000.0,546000.0,,2021,9000.0,-546000.0,2021-12-31,2022-03-29
4863,CORREA RIBEIRO S.A. COMERCIO E INDUSTRIA,10470000.0,-119000.0,2260000.0,9236000.0,0.0,19831000.0,34000.0,,2022,119000.0,-34000.0,2022-12-31,2023-07-20
27260,CORREDOR LOGÍSTICA E INFRAESTRUTURA S.A.,115861000.0,-101315000.0,264687000.0,8998000.0,1223882000.0,3341614000.0,563847000.0,74784000.0,2022,101315000.0,660035000.0,2022-12-31,2023-05-10
27260,CORREDOR LOGÍSTICA E INFRAESTRUTURA S.A.,260838000.0,-325008000.0,873067000.0,-15656000.0,1416934000.0,3032576000.0,327421000.0,408300000.0,2023,325008000.0,1089513000.0,2023-12-31,2024-03-01
27260,CORREDOR LOGÍSTICA E INFRAESTRUTURA S.A.,333424000.0,-299468000.0,954878000.0,5074000.0,1415648000.0,2943359000.0,354528000.0,567378000.0,2024,299468000.0,1061120000.0,2024-12-31,2025-02-28
27260,CORREDOR LOGÍSTICA E INFRAESTRUTURA S.A.,336291000.0,-378745000.0,955118000.0,-12655000.0,1831957000.0,3182194000.0,651631000.0,603352000.0,2025,378745000.0,1180326000.0,2025-12-31,2026-03-16
80071,COSAN LIMITED,1669156000.0,-1361323000.0,9062304000.0,642479000.0,8502640000.0,29696348000.0,1649340000.0,1117150000.0,2014,1361323000.0,6853300000.0,2014-12-31,2015-03-18
80071,COSAN LIMITED,3038856000.0,-3375498000.0,12458251000.0,886262000.0,18829203000.0,52307668000.0,3505824000.0,3350563000.0,2015,3375498000.0,15323379000.0,2015-12-31,2016-03-09
80071,COSAN LIMITED,3611763000.0,-3673356000.0,12518139000.0,459023000.0,18338497000.0,50469850000.0,4499588000.0,3635388000.0,2016,3673356000.0,13838909000.0,2016-12-31,2017-02-23
80071,COSAN LIMITED,4226151000.0,-3904292000.0,13582463000.0,1046297000.0,21688946000.0,55624511000.0,4555177000.0,4088101000.0,2017,3904292000.0,17133769000.0,2017-12-31,2018-03-02
23485,COSAN LOGISTICA S.A.,225092000.0,-67647000.0,915441000.0,133096000.0,784709000.0,2584860000.0,86487000.0,73152000.0,2014,67647000.0,698222000.0,2014-12-31,2015-03-18
23485,COSAN LOGISTICA S.A.,1044654000.0,-1451862000.0,4037923000.0,-157885000.0,8585176000.0,21745662000.0,246849000.0,1513025000.0,2015,1451862000.0,8338327000.0,2015-12-31,2016-02-25
23485,COSAN LOGISTICA S.A.,905641000.0,-2051936000.0,5014555000.0,-733329000.0,8523175000.0,23038008000.0,260542000.0,1449637000.0,2016,2051936000.0,8262633000.0,2016-12-31,2017-02-21
23485,COSAN LOGISTICA S.A.,1749609000.0,-2186219000.0,6584936000.0,272349000.0,10594381000.0,27142181000.0,143710000.0,2702025000.0,2018,2186219000.0,10450671000.0,2018-12-31,2019-02-13
23485,COSAN LOGISTICA S.A.,2105313000.0,-1871221000.0,7087840000.0,778248000.0,11720477000.0,32838040000.0,1963018000.0,3522242000.0,2019,1871221000.0,9757459000.0,2019-12-31,2020-02-17
19836,COSAN S.A.,1481972000.0,-1292837000.0,8146863000.0,643292000.0,7397602000.0,27103712000.0,1540192000.0,1000248000.0,2014,1292837000.0,5857410000.0,2014-12-31,2015-03-18
19836,COSAN S.A.,2029475000.0,-2011028000.0,8451901000.0,968263000.0,9755703000.0,30382191000.0,3129530000.0,1863183000.0,2015,2011028000.0,6626173000.0,2015-12-31,2016-02-18
19836,COSAN S.A.,2793431000.0,-3109362000.0,7541793000.0,1390087000.0,9138129000.0,27299829000.0,3990930000.0,2235238000.0,2016,3109362000.0,5147199000.0,2016-12-31,2017-02-16
19836,COSAN S.A.,2866649000.0,-1809501000.0,7670777000.0,1510530000.0,9674994000.0,28539273000.0,3150328000.0,1792909000.0,2017,1809501000.0,6524666000.0,2017-12-31,2018-03-26
19836,COSAN S.A.,2753067000.0,-1968910000.0,10299099000.0,1903751000.0,9957138000.0,28789760000.0,2696947000.0,2693814000.0,2018,1968910000.0,7260191000.0,2018-12-31,2019-02-14
19836,COSAN S.A.,3599856000.0,-1612935000.0,13560445000.0,2483275000.0,13414953000.0,32865140000.0,6076644000.0,2807999000.0,2019,1612935000.0,7338309000.0,2019-12-31,2020-02-14
19836,COSAN S.A.,2429227000.0,-3292277000.0,13508787000.0,908814000.0,15506990000.0,35760824000.0,4614053000.0,2142815000.0,2020,3292277000.0,10892937000.0,2020-12-31,2021-02-11
19836,COSAN S.A.,8676308000.0,-3635744000.0,24907150000.0,6350776000.0,48926715000.0,97842023000.0,16174130000.0,5221982000.0,2021,3635744000.0,32752585000.0,2021-12-31,2022-02-24
19836,COSAN S.A.,7860407000.0,-4706535000.0,39737368000.0,2820875000.0,56519374000.0,134484992000.0,13301716000.0,9972232000.0,2022,4706535000.0,43217658000.0,2022-12-31,2023-02-28
19836,COSAN S.A.,13010778000.0,-12702599000.0,39468497000.0,4884744000.0,62180448000.0,139865382000.0,14658481000.0,10276444000.0,2023,12702599000.0,47521967000.0,2023-12-31,2024-05-29
19836,COSAN S.A.,3504598000.0,-13378475000.0,43950742000.0,-8161766000.0,72965179000.0,141265902000.0,16903542000.0,13081286000.0,2024,13378475000.0,56061637000.0,2024-12-31,2025-03-10
19836,COSAN S.A.,-199864000.0,-13772090000.0,40418596000.0,-10194401000.0,70639931000.0,135117518000.0,27243683000.0,13026784000.0,2025,13772090000.0,43396248000.0,2025-12-31,2026-03-09
18660,CPFL ENERGIA S.A.,2490643000.0,-1670651000.0,14633856000.0,949036000.0,17021398000.0,31042796000.0,4206422000.0,2517546000.0,2013,1670651000.0,12814976000.0,2013-12-31,2014-03-27
18660,CPFL ENERGIA S.A.,2599758000.0,-1979890000.0,17305942000.0,886443000.0,19149959000.0,35098816000.0,4357455000.0,1592573000.0,2014,1979890000.0,14792504000.0,2014-12-31,2015-03-26
18660,CPFL ENERGIA S.A.,2468974000.0,-2572567000.0,20205869000.0,875277000.0,21733218000.0,40532471000.0,5682802000.0,2557974000.0,2015,2572567000.0,16050416000.0,2015-12-31,2016-03-21
18660,CPFL ENERGIA S.A.,2834021000.0,-2653977000.0,19112089000.0,879057000.0,22043988000.0,42170992000.0,6164997000.0,4634026000.0,2016,2653977000.0,15878991000.0,2016-12-31,2017-03-23
18660,CPFL ENERGIA S.A.,3334224000.0,-2367868000.0,26744905000.0,1243042000.0,20168583000.0,41282912000.0,3249642000.0,2034024000.0,2017,2367868000.0,16918941000.0,2017-12-31,2018-03-27
18660,CPFL ENERGIA S.A.,4042664000.0,-1865100000.0,28136627000.0,2165995000.0,20376804000.0,42211530000.0,1891457000.0,856686000.0,2018,1865100000.0,18485347000.0,2018-12-31,2019-03-28
18660,CPFL ENERGIA S.A.,4712540000.0,-1629822000.0,29932474000.0,2748297000.0,18909573000.0,44078293000.0,1937163000.0,5788532000.0,2019,1629822000.0,16972410000.0,2019-12-31,2020-03-09
18660,CPFL ENERGIA S.A.,5113316000.0,-1252756000.0,30898458000.0,3706986000.0,18870337000.0,49106884000.0,3918796000.0,6361434000.0,2020,1252756000.0,14951541000.0,2020-12-31,2021-03-31
18660,CPFL ENERGIA S.A.,7407940000.0,-1917634000.0,39210148000.0,4853751000.0,22415871000.0,66119878000.0,2199952000.0,3861591000.0,2021,1917634000.0,20215919000.0,2021-12-31,2022-03-17
18660,CPFL ENERGIA S.A.,10230916000.0,-5065396000.0,39354237000.0,5218813000.0,25382424000.0,71146081000.0,3746158000.0,8980126000.0,2022,5065396000.0,21636266000.0,2022-12-31,2023-03-16
18660,CPFL ENERGIA S.A.,10579623000.0,-4492173000.0,39743190000.0,5537162000.0,26437103000.0,74971227000.0,4435186000.0,8899917000.0,2023,4492173000.0,22001917000.0,2023-12-31,2024-03-21
18660,CPFL ENERGIA S.A.,10830228000.0,-4343203000.0,42628210000.0,5761554000.0,28788338000.0,77129194000.0,1973401000.0,6788942000.0,2024,4343203000.0,26814937000.0,2024-12-31,2025-02-26
18660,CPFL ENERGIA S.A.,11054471000.0,-4942969000.0,44367780000.0,5742553000.0,29055727000.0,81099930000.0,2229320000.0,7162797000.0,2025,4942969000.0,26826407000.0,2025-12-31,2026-03-05
20540,CPFL ENERGIAS RENOVÁVEIS S.A.,214750000.0,-314243000.0,1018611000.0,-55017000.0,4764579000.0,9495236000.0,731055000.0,247156000.0,2013,314243000.0,4033524000.0,2013-12-31,2014-03-25
20540,CPFL ENERGIAS RENOVÁVEIS S.A.,231281000.0,-463988000.0,1247627000.0,-167361000.0,5649534000.0,11635876000.0,828411000.0,411038000.0,2014,463988000.0,4821123000.0,2014-12-31,2015-03-24
20540,CPFL ENERGIAS RENOVÁVEIS S.A.,460772000.0,-599348000.0,1499356000.0,-48717000.0,6021059000.0,11904102000.0,871503000.0,375459000.0,2015,599348000.0,5149556000.0,2015-12-31,2016-03-16
20540,CPFL ENERGIAS RENOVÁVEIS S.A.,439960000.0,-671005000.0,1646588000.0,-143706000.0,6407871000.0,12464885000.0,908982000.0,662588000.0,2016,671005000.0,5498889000.0,2016-12-31,2017-03-22
20540,CPFL ENERGIAS RENOVÁVEIS S.A.,604596000.0,-648571000.0,1959084000.0,19646000.0,6510808000.0,12856002000.0,950215000.0,836377000.0,2017,648571000.0,5560593000.0,2017-12-31,2018-03-22
20540,CPFL ENERGIAS RENOVÁVEIS S.A.,585656000.0,-635820000.0,1936318000.0,118806000.0,5558834000.0,12175856000.0,876571000.0,562619000.0,2018,635820000.0,4682263000.0,2018-12-31,2019-03-25
20540,CPFL ENERGIAS RENOVÁVEIS S.A.,557810000.0,-576292000.0,1928011000.0,107024000.0,5004707000.0,11808723000.0,412579000.0,737984000.0,2019,576292000.0,4592128000.0,2019-12-31,2020-03-09
20540,CPFL ENERGIAS RENOVÁVEIS S.A.,864645000.0,-399208000.0,2198696000.0,806006000.0,2087771000.0,12269305000.0,326991000.0,1094783000.0,2020,399208000.0,1760780000.0,2020-12-31,2021-04-07
20540,CPFL ENERGIAS RENOVÁVEIS S.A.,1760946000.0,-319064000.0,3426242000.0,1485418000.0,2054134000.0,11873310000.0,89588000.0,2199759000.0,2021,319064000.0,1964546000.0,2021-12-31,2022-03-17
20540,CPFL ENERGIAS RENOVÁVEIS S.A.,1962299000.0,-589968000.0,3594703000.0,1316306000.0,1281220000.0,11648721000.0,505371000.0,2557091000.0,2022,589968000.0,775849000.0,2022-12-31,2023-03-16
20540,CPFL ENERGIAS RENOVÁVEIS S.A.,2071257000.0,-577882000.0,3639600000.0,1382380000.0,1205422000.0,11451114000.0,474765000.0,2473662000.0,2023,577882000.0,730657000.0,2023-12-31,2024-03-21
20540,CPFL ENERGIAS RENOVÁVEIS S.A.,1761909000.0,-412137000.0,3631444000.0,1204299000.0,1020203000.0,10763607000.0,227864000.0,2266693000.0,2024,412137000.0,792339000.0,2024-12-31,2025-02-26
20540,CPFL ENERGIAS RENOVÁVEIS S.A.,1713080000.0,-461596000.0,3557591000.0,1084841000.0,1562055000.0,10400365000.0,414259000.0,2458416000.0,2025,461596000.0,1147796000.0,2025-12-31,2026-03-05
18953,CPFL GERACAO DE ENERGIA S.A.,880354000.0,-653012000.0,1882724000.0,244089000.0,8540108000.0,13905014000.0,1225708000.0,680549000.0,2013,653012000.0,7314400000.0,2013-12-31,2014-03-27
18953,CPFL GERACAO DE ENERGIA S.A.,785739000.0,-946820000.0,2454518000.0,-43138000.0,9553229000.0,16107174000.0,1291531000.0,699810000.0,2014,946820000.0,8261698000.0,2014-12-31,2015-03-26
18953,CPFL GERACAO DE ENERGIA S.A.,1226138000.0,-1140162000.0,2493509000.0,245899000.0,9761499000.0,16507433000.0,1224637000.0,653748000.0,2015,1140162000.0,8536862000.0,2015-12-31,2016-03-21
18953,CPFL GERACAO DE ENERGIA S.A.,1440698000.0,-1227169000.0,2680931000.0,374458000.0,10880238000.0,17898437000.0,1943781000.0,983300000.0,2016,1227169000.0,8936457000.0,2016-12-31,2017-03-30
18953,CPFL GERACAO DE ENERGIA S.A.,1656671000.0,-1081451000.0,3104530000.0,645694000.0,10295817000.0,17169051000.0,1430946000.0,1879112000.0,2017,1081451000.0,8864871000.0,2017-12-31,2018-03-29
18953,CPFL GERACAO DE ENERGIA S.A.,1716533000.0,-941625000.0,3023909000.0,863652000.0,8766642000.0,15911636000.0,999832000.0,1496256000.0,2018,941625000.0,7766810000.0,2018-12-31,2019-03-28
18953,CPFL GERACAO DE ENERGIA S.A.,1730648000.0,-754521000.0,3094749000.0,952978000.0,7258426000.0,15434170000.0,595732000.0,1739615000.0,2019,754521000.0,6662694000.0,2019-12-31,2020-03-09
18953,CPFL GERACAO DE ENERGIA S.A.,1962377000.0,-506891000.0,3264911000.0,1644548000.0,3620384000.0,15918500000.0,1340612000.0,1911716000.0,2020,506891000.0,2279772000.0,2020-12-31,2021-03-25
18953,CPFL GERACAO DE ENERGIA S.A.,2417417000.0,-410123000.0,4160208000.0,2136616000.0,3169555000.0,14881272000.0,343114000.0,2406382000.0,2021,410123000.0,2826441000.0,2021-12-31,2022-03-17
18953,CPFL GERACAO DE ENERGIA S.A.,3666896000.0,-795733000.0,4765448000.0,2758587000.0,2862127000.0,17494091000.0,801084000.0,3024472000.0,2022,795733000.0,2061043000.0,2022-12-31,2023-03-16
18953,CPFL GERACAO DE ENERGIA S.A.,2963684000.0,-790273000.0,5149638000.0,1896643000.0,2235538000.0,16762376000.0,856925000.0,3664226000.0,2023,790273000.0,1378613000.0,2023-12-31,2024-03-21
18953,CPFL GERACAO DE ENERGIA S.A.,3080276000.0,-531303000.0,5045523000.0,2161461000.0,1504269000.0,14769894000.0,526099000.0,3273518000.0,2024,531303000.0,978170000.0,2024-12-31,2025-02-26
3204,CPFL TRANSMISSÃO S.A.,-474569000.0,-103412000.0,670957000.0,-280763000.0,434369000.0,3018093000.0,73972000.0,455670000.0,2014,103412000.0,360397000.0,2014-12-31,2015-03-30
3204,CPFL TRANSMISSÃO S.A.,22321000.0,-197182000.0,661254000.0,84779000.0,311500000.0,3036365000.0,40332000.0,617589000.0,2015,197182000.0,271168000.0,2015-12-31,2016-04-19
3204,CPFL TRANSMISSÃO S.A.,1151301000.0,-98876000.0,1940657000.0,916682000.0,301722000.0,4180738000.0,37654000.0,154411000.0,2016,98876000.0,264068000.0,2016-12-31,2017-04-03
3204,CPFL TRANSMISSÃO S.A.,382418000.0,-93586000.0,1017226000.0,391725000.0,405954000.0,4726199000.0,285333000.0,509989000.0,2017,93586000.0,120621000.0,2017-12-31,2018-04-12
3204,CPFL TRANSMISSÃO S.A.,304741000.0,-253209000.0,1023431000.0,173439000.0,587343000.0,5098548000.0,1631000.0,-160485000.0,2018,253209000.0,585712000.0,2018-12-31,2019-03-26
3204,CPFL TRANSMISSÃO S.A.,430594000.0,-190169000.0,1087565000.0,389361000.0,587217000.0,5171599000.0,2517000.0,169090000.0,2019,190169000.0,584700000.0,2019-12-31,2020-03-30
3204,CPFL TRANSMISSÃO S.A.,568067000.0,-323119000.0,1327191000.0,276349000.0,695737000.0,5576557000.0,15478000.0,405988000.0,2020,323119000.0,680259000.0,2020-12-31,2021-04-09
3204,CPFL TRANSMISSÃO S.A.,398397000.0,-206639000.0,1238110000.0,73868000.0,684769000.0,4586784000.0,1209000.0,580924000.0,2021,206639000.0,683560000.0,2021-12-31,2022-03-17
3204,CPFL TRANSMISSÃO S.A.,1153418000.0,-173307000.0,1408638000.0,905788000.0,1067720000.0,4736026000.0,-234000.0,638269000.0,2022,173307000.0,1067954000.0,2022-12-31,2023-03-16
3204,CPFL TRANSMISSÃO S.A.,975797000.0,-261539000.0,1832616000.0,608820000.0,2127891000.0,5790536000.0,374296000.0,-4779000.0,2023,261539000.0,1753595000.0,2023-12-31,2024-03-21
3204,CPFL TRANSMISSÃO S.A.,993453000.0,-370664000.0,2065573000.0,517859000.0,3363968000.0,7818832000.0,182133000.0,-268599000.0,2024,370664000.0,3181835000.0,2024-12-31,2025-02-26
3204,CPFL TRANSMISSÃO S.A.,873799000.0,-535004000.0,2106957000.0,318724000.0,3416875000.0,8625223000.0,92641000.0,-358624000.0,2025,535004000.0,3324234000.0,2025-12-31,2026-03-05
27839,CPX DISTRIBUIDORA S.A.,264333000.0,-187060000.0,2391950000.0,88279000.0,1192483000.0,2759054000.0,428536000.0,-405196000.0,2024,187060000.0,763947000.0,2024-12-31,2025-04-24
27839,CPX DISTRIBUIDORA S.A.,192962000.0,-236877000.0,3023315000.0,-9977000.0,1152595000.0,2878952000.0,244473000.0,146455000.0,2025,236877000.0,908122000.0,2025-12-31,2026-04-30
26972,CREDGRID SERVIÇOS FINANCEIROS S.A.,177670000.0,-77764000.0,1183210000.0,64315000.0,168243000.0,5084733000.0,449896000.0,286319000.0,2021,77764000.0,-281653000.0,2021-12-31,2022-08-12
26972,CREDGRID SERVIÇOS FINANCEIROS S.A.,424575000.0,-409781000.0,3892265000.0,84738000.0,1554805000.0,5701095000.0,58408000.0,-184513000.0,2022,409781000.0,1496397000.0,2022-12-31,2023-03-31
20141,CREMER SA,61224000.0,-38287000.0,571588000.0,30032000.0,240079000.0,691512000.0,47022000.0,40894000.0,2013,38287000.0,193057000.0,2013-12-31,2014-03-07
20141,CREMER SA,74825000.0,-48716000.0,662493000.0,32726000.0,329592000.0,793432000.0,161320000.0,104877000.0,2014,48716000.0,168272000.0,2014-12-31,2015-02-11
20141,CREMER SA,81470000.0,-74145000.0,874403000.0,25683000.0,384167000.0,828153000.0,106581000.0,13836000.0,2015,74145000.0,277586000.0,2015-12-31,2016-02-04
20141,CREMER SA,66778000.0,-64499000.0,741477000.0,8193000.0,303743000.0,636632000.0,62209000.0,-6149000.0,2016,64499000.0,241534000.0,2016-12-31,2017-02-16
20141,CREMER SA,59257000.0,-52182000.0,652407000.0,14368000.0,303929000.0,671562000.0,125152000.0,66315000.0,2017,52182000.0,178777000.0,2017-12-31,2018-02-27
25526,CRUZEIRO DO SUL EDUCACIONAL S.A.,281673000.0,-192058000.0,1474249000.0,120871000.0,798072000.0,2199203000.0,22723000.0,328585000.0,2019,192058000.0,775349000.0,2019-12-31,2020-10-07
25526,CRUZEIRO DO SUL EDUCACIONAL S.A.,175866000.0,-228715000.0,1800968000.0,-34793000.0,1372063000.0,3670738000.0,212905000.0,256775000.0,2020,228715000.0,1159158000.0,2020-12-31,2021-03-30
25526,CRUZEIRO DO SUL EDUCACIONAL S.A.,313341000.0,-291704000.0,1820615000.0,82955000.0,1176659000.0,4776017000.0,1084985000.0,465707000.0,2021,291704000.0,91674000.0,2021-12-31,2022-03-30
25526,CRUZEIRO DO SUL EDUCACIONAL S.A.,311646000.0,-431582000.0,2028320000.0,6606000.0,1067166000.0,4707622000.0,852743000.0,513684000.0,2022,431582000.0,214423000.0,2022-12-31,2023-03-28
25526,CRUZEIRO DO SUL EDUCACIONAL S.A.,412139000.0,-411645000.0,2297787000.0,100455000.0,843947000.0,4515809000.0,522915000.0,562809000.0,2023,411645000.0,321032000.0,2023-12-31,2024-04-29
25526,CRUZEIRO DO SUL EDUCACIONAL S.A.,469915000.0,-399091000.0,2568352000.0,144306000.0,1023408000.0,4569487000.0,555331000.0,718902000.0,2024,399091000.0,468077000.0,2024-12-31,2025-03-31
25526,CRUZEIRO DO SUL EDUCACIONAL S.A.,611225000.0,-438167000.0,2836184000.0,296866000.0,1364515000.0,4730611000.0,808247000.0,851605000.0,2025,438167000.0,556268000.0,2025-12-31,2026-03-25
25739,CS BRASIL PARTICIPAÇÕES E LOCAÇÕES S.A.,18372000.0,-8934000.0,124513000.0,8318000.0,581626000.0,1961952000.0,80602000.0,-19669000.0,2019,8934000.0,501024000.0,2019-12-31,2020-12-23
25739,CS BRASIL PARTICIPAÇÕES E LOCAÇÕES S.A.,169327000.0,-73727000.0,801102000.0,70413000.0,1438368000.0,2433955000.0,11962000.0,-77454000.0,2020,73727000.0,1426406000.0,2020-12-31,2021-05-14
25739,CS BRASIL PARTICIPAÇÕES E LOCAÇÕES S.A.,244358000.0,-93666000.0,556247000.0,130410000.0,266268000.0,2486122000.0,12169000.0,-584052000.0,2021,93666000.0,254099000.0,2021-12-31,2022-03-17
25585,CSN MINERAÇÃO S.A.,5303318000.0,-138920000.0,11455946000.0,3664263000.0,1479983000.0,15877947000.0,428077000.0,5827958000.0,2019,138920000.0,1051906000.0,2019-12-31,2021-01-27
25585,CSN MINERAÇÃO S.A.,6302388000.0,-540611000.0,13789531000.0,4030710000.0,1325014000.0,19622406000.0,2972521000.0,5829008000.0,2020,540611000.0,-1647507000.0,2020-12-31,2021-02-22
25585,CSN MINERAÇÃO S.A.,9469498000.0,-414402000.0,19039870000.0,6370966000.0,4713062000.0,26991134000.0,10716802000.0,9041771000.0,2021,414402000.0,-6003740000.0,2021-12-31,2022-03-09
25585,CSN MINERAÇÃO S.A.,4752571000.0,-1116416000.0,13272564000.0,2950298000.0,8396408000.0,25053595000.0,6489572000.0,-584552000.0,2022,1116416000.0,1906836000.0,2022-12-31,2023-03-08
25585,CSN MINERAÇÃO S.A.,6036375000.0,-1766298000.0,18880426000.0,3568737000.0,8178981000.0,29690605000.0,9795878000.0,8246363000.0,2023,1766298000.0,-1616897000.0,2023-12-31,2024-03-06
25585,CSN MINERAÇÃO S.A.,4967308000.0,62039000.0,16496317000.0,4527718000.0,10128720000.0,36390919000.0,15185928000.0,11756687000.0,2024,62039000.0,-5057208000.0,2024-12-31,2025-04-01
25585,CSN MINERAÇÃO S.A.,5011143000.0,-3350004000.0,18025121000.0,1649159000.0,9186417000.0,33553574000.0,8871892000.0,1894347000.0,2025,3350004000.0,314525000.0,2025-12-31,2026-03-12
20044,CSU DIGITAL S.A.,117481000.0,-11882000.0,530233000.0,88423000.0,68751000.0,611536000.0,75290000.0,152188000.0,2023,11882000.0,-6539000.0,2023-12-31,2024-03-20
20044,CSU DIGITAL S.A.,130657000.0,-10817000.0,567639000.0,91177000.0,70541000.0,696188000.0,96197000.0,176168000.0,2024,10817000.0,-25656000.0,2024-12-31,2025-03-31
20044,CSU DIGITAL S.A.,112607000.0,-11689000.0,623529000.0,106051000.0,123595000.0,750929000.0,75674000.0,132593000.0,2025,11689000.0,47921000.0,2025-12-31,2026-03-11
18376,CTEEP - CIA TRANSMISSÃO ENERGIA ELÉTRICA PAULISTA,-209486000.0,-232061000.0,981168000.0,31921000.0,1239477000.0,7010706000.0,4270000.0,1949939000.0,2013,232061000.0,1235207000.0,2013-12-31,2014-02-27
18376,CTEEP - CIA TRANSMISSÃO ENERGIA ELÉTRICA PAULISTA,448316000.0,-142334000.0,1102788000.0,379732000.0,1191875000.0,7142139000.0,4696000.0,495898000.0,2014,142334000.0,1187179000.0,2014-12-31,2015-02-26
18376,CTEEP - CIA TRANSMISSÃO ENERGIA ELÉTRICA PAULISTA,614054000.0,-143541000.0,1287130000.0,517186000.0,1096664000.0,7338703000.0,6135000.0,530891000.0,2015,143541000.0,1090529000.0,2015-12-31,2016-04-20
18376,CTEEP - CIA TRANSMISSÃO ENERGIA ELÉTRICA PAULISTA,7393175000.0,-186613000.0,7789240000.0,4949334000.0,1010450000.0,15066999000.0,4524000.0,135026000.0,2016,186613000.0,1005926000.0,2016-12-31,2017-02-23
18376,CTEEP - CIA TRANSMISSÃO ENERGIA ELÉTRICA PAULISTA,2047321000.0,-189889000.0,2701193000.0,1385460000.0,1942988000.0,17252173000.0,6585000.0,566858000.0,2017,189889000.0,1936403000.0,2017-12-31,2018-02-26
18376,CTEEP - CIA TRANSMISSÃO ENERGIA ELÉTRICA PAULISTA,2458858000.0,-494992000.0,3184654000.0,1895245000.0,3014967000.0,18542224000.0,16740000.0,1314377000.0,2018,494992000.0,2998227000.0,2018-12-31,2019-02-28
18376,CTEEP - CIA TRANSMISSÃO ENERGIA ELÉTRICA PAULISTA,2341172000.0,-624300000.0,3305155000.0,1779451000.0,3293751000.0,21599094000.0,595971000.0,1350697000.0,2019,624300000.0,2697780000.0,2019-12-31,2020-03-04
21652,CTX PARTICIPAÇÕES S/A,193959000.0,-164344000.0,3617962000.0,99722000.0,1206523000.0,2642044000.0,392897000.0,357380000.0,2013,164344000.0,813626000.0,2013-12-31,2014-02-25
21652,CTX PARTICIPAÇÕES S/A,237723000.0,-158528000.0,3452231000.0,95426000.0,1413430000.0,2656694000.0,373504000.0,221996000.0,2014,158528000.0,1039926000.0,2014-12-31,2015-03-24
21652,CTX PARTICIPAÇÕES S/A,-100778000.0,-280474000.0,3209384000.0,-227801000.0,1572330000.0,2623297000.0,370293000.0,206852000.0,2015,280474000.0,1202037000.0,2015-12-31,2016-03-29
25100,CURY CONSTRUTORA E INCORPORADORA S.A.,237509000.0,-26689000.0,1019277000.0,204056000.0,286966000.0,1287998000.0,3791000.0,142148000.0,2019,26689000.0,283175000.0,2019-12-31,2020-08-27
25100,CURY CONSTRUTORA E INCORPORADORA S.A.,225022000.0,-23483000.0,1144682000.0,189998000.0,276703000.0,1644712000.0,291125000.0,178080000.0,2020,23483000.0,-14422000.0,2020-12-31,2021-03-22
25100,CURY CONSTRUTORA E INCORPORADORA S.A.,376368000.0,-49714000.0,1738295000.0,315309000.0,391228000.0,2597922000.0,473052000.0,382294000.0,2021,49714000.0,-81824000.0,2021-12-31,2022-03-24
25100,CURY CONSTRUTORA E INCORPORADORA S.A.,429441000.0,-88468000.0,2257294000.0,348440000.0,480988000.0,2798431000.0,562264000.0,347366000.0,2022,88468000.0,-81276000.0,2022-12-31,2023-09-14
25100,CURY CONSTRUTORA E INCORPORADORA S.A.,581940000.0,-100127000.0,2886172000.0,495611000.0,613352000.0,3092023000.0,643630000.0,455902000.0,2023,100127000.0,-30278000.0,2023-12-31,2024-03-11
25100,CURY CONSTRUTORA E INCORPORADORA S.A.,819680000.0,-137165000.0,3926310000.0,698812000.0,986382000.0,4339295000.0,975224000.0,479564000.0,2024,137165000.0,11158000.0,2024-12-31,2025-03-11
25100,CURY CONSTRUTORA E INCORPORADORA S.A.,1268060000.0,-217836000.0,5399424000.0,1081220000.0,1474887000.0,5654395000.0,1355394000.0,747046000.0,2025,217836000.0,119493000.0,2025-12-31,2026-03-10
23310,CVC BRASIL OPERADORA E AGÊNCIA DE VIAGENS S.A.,265546000.0,-98946000.0,641189000.0,111682000.0,83000.0,2069379000.0,44660000.0,,2013,98946000.0,-44577000.0,2013-12-31,2014-02-05
23310,CVC BRASIL OPERADORA E AGÊNCIA DE VIAGENS S.A.,324084000.0,0.0,714535000.0,145739000.0,0.0,2296230000.0,50499000.0,222079000.0,2014,0.0,-50499000.0,2014-12-31,2015-02-09
23310,CVC BRASIL OPERADORA E AGÊNCIA DE VIAGENS S.A.,384451000.0,0.0,881879000.0,175234000.0,206055000.0,2847910000.0,48677000.0,163837000.0,2015,0.0,157378000.0,2015-12-31,2016-02-19
23310,CVC BRASIL OPERADORA E AGÊNCIA DE VIAGENS S.A.,439365000.0,0.0,1063929000.0,197209000.0,293033000.0,3328429000.0,55530000.0,160037000.0,2016,0.0,237503000.0,2016-12-31,2017-02-15
23310,CVC BRASIL OPERADORA E AGÊNCIA DE VIAGENS S.A.,488972000.0,-192246000.0,1185145000.0,237432000.0,911294000.0,4778368000.0,332020000.0,50570000.0,2017,192246000.0,579274000.0,2017-12-31,2018-02-08
23310,CVC BRASIL OPERADORA E AGÊNCIA DE VIAGENS S.A.,544605000.0,-236064000.0,1692569000.0,264542000.0,1413500000.0,6169199000.0,346174000.0,-48044000.0,2018,236064000.0,1067326000.0,2018-12-31,2019-02-26
23310,CVC BRASIL OPERADORA E AGÊNCIA DE VIAGENS S.A.,276502000.0,-214918000.0,1709456000.0,-1865000.0,1831349000.0,6898229000.0,365724000.0,260697000.0,2019,214918000.0,1465625000.0,2019-12-31,2020-09-01
23310,CVC BRASIL OPERADORA E AGÊNCIA DE VIAGENS S.A.,-1403235000.0,-135189000.0,624839000.0,-1226736000.0,1508365000.0,5096592000.0,910829000.0,848619000.0,2020,135189000.0,597536000.0,2020-12-31,2021-03-26
23310,CVC BRASIL OPERADORA E AGÊNCIA DE VIAGENS S.A.,-443642000.0,-101662000.0,825866000.0,-486642000.0,990064000.0,4957189000.0,795839000.0,-104441000.0,2021,101662000.0,194225000.0,2021-12-31,2022-03-15
23310,CVC BRASIL OPERADORA E AGÊNCIA DE VIAGENS S.A.,-37573000.0,-309501000.0,1221595000.0,-433441000.0,896685000.0,3917566000.0,687545000.0,118325000.0,2022,309501000.0,209140000.0,2022-12-31,2023-03-21
23310,CVC BRASIL OPERADORA E AGÊNCIA DE VIAGENS S.A.,-130475000.0,-322029000.0,1432690000.0,-456880000.0,790011000.0,4030884000.0,482830000.0,-570479000.0,2023,322029000.0,307181000.0,2023-12-31,2024-03-26
23310,CVC BRASIL OPERADORA E AGÊNCIA DE VIAGENS S.A.,90815000.0,-174182000.0,1420763000.0,-103341000.0,542321000.0,3840648000.0,400233000.0,382454000.0,2024,174182000.0,142088000.0,2024-12-31,2025-03-26
23310,CVC BRASIL OPERADORA E AGÊNCIA DE VIAGENS S.A.,275257000.0,-275981000.0,1488493000.0,-40935000.0,395335000.0,3738885000.0,286727000.0,351411000.0,2025,275981000.0,108608000.0,2025-12-31,2026-03-18
25542,CVLB BRASIL S.A,49469000.0,-73179000.0,769871000.0,13071000.0,352859000.0,1245266000.0,254384000.0,85916000.0,2019,73179000.0,98475000.0,2019-12-31,2020-12-28
25542,CVLB BRASIL S.A,-21684000.0,-117649000.0,638933000.0,-55530000.0,519416000.0,1294682000.0,301008000.0,16448000.0,2020,117649000.0,218408000.0,2020-12-31,2021-03-30
25542,CVLB BRASIL S.A,-89297000.0,-103176000.0,721887000.0,-106786000.0,547586000.0,1231368000.0,144905000.0,-33838000.0,2021,103176000.0,402681000.0,2021-12-31,2022-03-29
25542,CVLB BRASIL S.A EM RECUPERAÇÃO JUDICAL,-66751000.0,-159641000.0,775844000.0,-106114000.0,536731000.0,1263729000.0,218518000.0,169812000.0,2022,159641000.0,318213000.0,2022-12-31,2023-03-28
25542,CVLB BRASIL S.A EM RECUPERAÇÃO JUDICAL,141702000.0,-313183000.0,2087226000.0,-135693000.0,706576000.0,2779922000.0,168079000.0,217220000.0,2023,313183000.0,538497000.0,2023-12-31,2024-04-24
25542,CVLB BRASIL S.A EM RECUPERAÇÃO JUDICAL,174863000.0,-359523000.0,2232796000.0,-111611000.0,723343000.0,2815001000.0,146112000.0,97313000.0,2024,359523000.0,577231000.0,2024-12-31,2025-03-31
25542,CVLB BRASIL S.A EM RECUPERAÇÃO JUDICAL,-159482000.0,-496007000.0,2089068000.0,-767714000.0,654505000.0,2303485000.0,34299000.0,32771000.0,2025,496007000.0,620206000.0,2025-12-31,2026-05-29
14460,CYRELA BRAZIL REALTY S.A.EMPREEND E PART,1002012000.0,-179288000.0,5371882000.0,893999000.0,4213748000.0,14387099000.0,1330136000.0,267471000.0,2013,179288000.0,2883612000.0,2013-12-31,2014-03-20
14460,CYRELA BRAZIL REALTY S.A.EMPREEND E PART,960263000.0,-262499000.0,5817927000.0,831386000.0,3875220000.0,13420612000.0,919160000.0,1036089000.0,2014,262499000.0,2956060000.0,2014-12-31,2015-03-19
14460,CYRELA BRAZIL REALTY S.A.EMPREEND E PART,672807000.0,-313288000.0,4341184000.0,593153000.0,3741611000.0,12729588000.0,828512000.0,648988000.0,2015,313288000.0,2913099000.0,2015-12-31,2016-03-23
14460,CYRELA BRAZIL REALTY S.A.EMPREEND E PART,239200000.0,-226550000.0,3195310000.0,244620000.0,3423664000.0,11879699000.0,513757000.0,6233000.0,2016,226550000.0,2909907000.0,2016-12-31,2017-03-23
14460,CYRELA BRAZIL REALTY S.A.EMPREEND E PART,16818000.0,-167580000.0,2673770000.0,-10539000.0,2574040000.0,10401541000.0,195630000.0,579420000.0,2017,167580000.0,2378410000.0,2017-12-31,2018-03-22
14460,CYRELA BRAZIL REALTY S.A.EMPREEND E PART,52442000.0,-150888000.0,3146157000.0,6028000.0,2371488000.0,9829268000.0,173830000.0,864384000.0,2018,150888000.0,2197658000.0,2018-12-31,2019-03-27
14460,CYRELA BRAZIL REALTY S.A.EMPREEND E PART,589896000.0,-149929000.0,3930822000.0,534316000.0,2504276000.0,9987778000.0,212437000.0,689361000.0,2019,149929000.0,2291839000.0,2019-12-31,2020-03-19
14460,CYRELA BRAZIL REALTY S.A.EMPREEND E PART,2204877000.0,-117930000.0,3823695000.0,1829496000.0,2703005000.0,11433926000.0,200083000.0,2129879000.0,2020,117930000.0,2502922000.0,2020-12-31,2021-03-18
14460,CYRELA BRAZIL REALTY S.A.EMPREEND E PART,1062937000.0,-228865000.0,4790833000.0,1017314000.0,3641588000.0,13841170000.0,205944000.0,-396758000.0,2021,228865000.0,3435644000.0,2021-12-31,2022-03-17
14460,CYRELA BRAZIL REALTY S.A.EMPREEND E PART,913289000.0,-504386000.0,5412295000.0,858591000.0,4879009000.0,16560139000.0,129013000.0,-402798000.0,2022,504386000.0,4749996000.0,2022-12-31,2023-03-16
14460,CYRELA BRAZIL REALTY S.A.EMPREEND E PART,1125439000.0,-557953000.0,6252699000.0,1105700000.0,5158268000.0,17371200000.0,241792000.0,-615686000.0,2023,557953000.0,4916476000.0,2023-12-31,2024-03-14
14460,CYRELA BRAZIL REALTY S.A.EMPREEND E PART,1992797000.0,-569788000.0,7965688000.0,1921052000.0,5974580000.0,21240962000.0,531729000.0,63449000.0,2024,569788000.0,5442851000.0,2024-12-31,2025-03-20
14460,CYRELA BRAZIL REALTY S.A.EMPREEND E PART,2296181000.0,-728299000.0,9423494000.0,2395829000.0,8717269000.0,26109817000.0,726554000.0,-358387000.0,2025,728299000.0,7990715000.0,2025-12-31,2026-03-19
25046,D1000 VAREJO FARMA PARTICIPAÇÕES S.A.,-20920000.0,-40274000.0,1132211000.0,-7487000.0,218699000.0,1095643000.0,49166000.0,61742000.0,2019,40274000.0,169533000.0,2019-12-31,2020-09-18
25046,D1000 VAREJO FARMA PARTICIPAÇÕES S.A.,6647000.0,-32844000.0,1004375000.0,123000.0,131423000.0,1454977000.0,206491000.0,5804000.0,2020,32844000.0,-75068000.0,2020-12-31,2021-03-18
25046,D1000 VAREJO FARMA PARTICIPAÇÕES S.A.,-2112000.0,-24226000.0,1141394000.0,1979000.0,50997000.0,1470516000.0,96357000.0,95007000.0,2021,24226000.0,-45360000.0,2021-12-31,2022-03-17
25046,D1000 VAREJO FARMA PARTICIPAÇÕES S.A.,35632000.0,-31147000.0,1483148000.0,11355000.0,28903000.0,1470715000.0,56465000.0,102608000.0,2022,31147000.0,-27562000.0,2022-12-31,2023-03-15
25046,D1000 VAREJO FARMA PARTICIPAÇÕES S.A.,51323000.0,-30912000.0,1748909000.0,21362000.0,26834000.0,1548519000.0,44229000.0,146042000.0,2023,30912000.0,-17395000.0,2023-12-31,2024-03-06
25046,D1000 VAREJO FARMA PARTICIPAÇÕES S.A.,63235000.0,-42774000.0,2160645000.0,25857000.0,38871000.0,1834454000.0,57598000.0,176739000.0,2024,42774000.0,-18727000.0,2024-12-31,2025-03-12
25046,D1000 VAREJO FARMA PARTICIPAÇÕES S.A.,83894000.0,-65649000.0,2666765000.0,22565000.0,71104000.0,1949154000.0,45913000.0,165212000.0,2025,65649000.0,25191000.0,2025-12-31,2026-03-25
24414,DASS NORDESTE CALÇADOS E ARTIGOS ESPORTIVOS S.A,320582000.0,-102576000.0,1715443000.0,237179000.0,307098000.0,1325531000.0,84224000.0,162895000.0,2017,102576000.0,222874000.0,2017-12-31,2018-04-27
26557,DATORA PARTICIPAÇÕES E SERVIÇOS S.A.,22487000.0,-9628000.0,534160000.0,31300000.0,17056000.0,192481000.0,11300000.0,21312000.0,2020,9628000.0,5756000.0,2020-12-31,2021-09-03
26557,DATORA PARTICIPAÇÕES E SERVIÇOS S.A.,26548000.0,-9175000.0,631811000.0,21331000.0,38423000.0,265818000.0,9720000.0,8305000.0,2021,9175000.0,28703000.0,2021-12-31,2022-03-29
26557,DATORA PARTICIPAÇÕES E SERVIÇOS S.A.,27560000.0,-11272000.0,677897000.0,18178000.0,46586000.0,260018000.0,22976000.0,25217000.0,2022,11272000.0,23610000.0,2022-12-31,2023-03-09
26557,DATORA PARTICIPAÇÕES E SERVIÇOS S.A.,37595000.0,-9548000.0,720234000.0,29746000.0,69939000.0,340896000.0,40062000.0,56674000.0,2023,9548000.0,29877000.0,2023-12-31,2024-03-11
27278,DESCARBONIZE SOLUÇÕES S.A.,-217301000.0,-274210000.0,1420361000.0,-274195000.0,1548627000.0,3401094000.0,41530000.0,-103550000.0,2023,274210000.0,1507097000.0,2023-12-31,2024-04-01
26026,DESKTOP S.A.,47514000.0,-11598000.0,167086000.0,26593000.0,201919000.0,404578000.0,54941000.0,89798000.0,2020,11598000.0,146978000.0,2020-12-31,2021-06-28
26026,DESKTOP S.A.,68740000.0,-57950000.0,348926000.0,30668000.0,706127000.0,2164654000.0,141493000.0,752975000.0,2021,57950000.0,564634000.0,2021-12-31,2022-03-30
26026,DESKTOP S.A.,219394000.0,-194407000.0,710765000.0,54992000.0,881249000.0,2520858000.0,68629000.0,88471000.0,2022,194407000.0,812620000.0,2022-12-31,2023-09-21
26026,DESKTOP S.A.,328209000.0,-235049000.0,986391000.0,116978000.0,1168367000.0,3258890000.0,329655000.0,205706000.0,2023,235049000.0,838712000.0,2023-12-31,2024-04-18
26026,DESKTOP S.A.,358214000.0,-264473000.0,1128842000.0,100074000.0,1347339000.0,3510912000.0,290953000.0,288810000.0,2024,264473000.0,1056386000.0,2024-12-31,2025-04-07
26026,DESKTOP S.A.,382164000.0,-318893000.0,1218547000.0,80773000.0,1626263000.0,3858352000.0,464637000.0,392678000.0,2025,318893000.0,1161626000.0,2025-12-31,2026-03-17
21091,DEXCO S.A.,821979000.0,-219621000.0,3872705000.0,520142000.0,2450841000.0,8178327000.0,996843000.0,768385000.0,2013,219621000.0,1453998000.0,2013-12-31,2014-02-17
21091,DEXCO S.A.,620219000.0,-317786000.0,3984507000.0,393560000.0,2807843000.0,8797107000.0,1081089000.0,678043000.0,2014,317786000.0,1726754000.0,2014-12-31,2015-02-05
21091,DEXCO S.A.,325405000.0,-426366000.0,3963214000.0,191744000.0,2824289000.0,9008059000.0,910721000.0,574484000.0,2015,426366000.0,1913568000.0,2015-12-31,2016-02-15
21091,DEXCO S.A.,317115000.0,-447236000.0,3909760000.0,26229000.0,3457041000.0,9340796000.0,1416360000.0,450598000.0,2016,447236000.0,2040681000.0,2016-12-31,2017-02-08
21091,DEXCO S.A.,421341000.0,-369144000.0,3990866000.0,185015000.0,3174824000.0,9465574000.0,1074364000.0,404698000.0,2017,369144000.0,2100460000.0,2017-12-31,2018-02-05
21091,DEXCO S.A.,732655000.0,-272816000.0,4949361000.0,431796000.0,2862604000.0,9622087000.0,1162241000.0,382872000.0,2018,272816000.0,1700363000.0,2018-12-31,2019-02-13
21091,DEXCO S.A.,639441000.0,-263521000.0,5011706000.0,405727000.0,2948540000.0,10714688000.0,1243223000.0,1108492000.0,2019,263521000.0,1705317000.0,2019-12-31,2020-02-12
21091,DEXCO S.A.,671883000.0,-269287000.0,5879616000.0,453983000.0,3205721000.0,11498520000.0,1728413000.0,1507730000.0,2020,269287000.0,1477308000.0,2020-12-31,2021-02-08
21091,DEXCO S.A.,1891392000.0,-306187000.0,8170241000.0,1725682000.0,3869648000.0,13420331000.0,1421302000.0,1708383000.0,2021,306187000.0,2448346000.0,2021-12-31,2022-02-09
21091,DEXCO S.A.,1449223000.0,-916069000.0,8486650000.0,764922000.0,5599619000.0,15624811000.0,1771730000.0,793690000.0,2022,916069000.0,3827889000.0,2022-12-31,2023-03-08
21091,DEXCO S.A.,1269654000.0,-1061410000.0,7383409000.0,811270000.0,6964531000.0,17920591000.0,2785454000.0,1345983000.0,2023,1061410000.0,4179077000.0,2023-12-31,2024-03-06
21091,DEXCO S.A.,936534000.0,-1017019000.0,8234647000.0,174375000.0,6479594000.0,18144110000.0,1231419000.0,1283924000.0,2024,1017019000.0,5248175000.0,2024-12-31,2025-03-12
21091,DEXCO S.A.,740303000.0,-1233974000.0,8248752000.0,63065000.0,7581644000.0,19000785000.0,2178462000.0,850649000.0,2025,1233974000.0,5403182000.0,2025-12-31,2026-03-04
16632,DEXXOS PARTICIPAÇÕES S.A.,129620000.0,-78904000.0,349282000.0,-111580000.0,234038000.0,695956000.0,2425000.0,33067000.0,2013,78904000.0,231613000.0,2013-12-31,2014-03-31
16632,DEXXOS PARTICIPAÇÕES S.A.,11576000.0,-57239000.0,367488000.0,-26016000.0,225783000.0,689142000.0,2930000.0,8174000.0,2014,57239000.0,222853000.0,2014-12-31,2015-03-31
16632,DEXXOS PARTICIPAÇÕES S.A.,5979000.0,-85013000.0,397670000.0,-56113000.0,233649000.0,710682000.0,1053000.0,36380000.0,2015,85013000.0,232596000.0,2015-12-31,2016-05-04
16632,DEXXOS PARTICIPAÇÕES S.A.,107041000.0,-71340000.0,437885000.0,57957000.0,176092000.0,726912000.0,865000.0,39108000.0,2016,71340000.0,175227000.0,2016-12-31,2017-03-29
16632,DEXXOS PARTICIPAÇÕES S.A.,106979000.0,-46161000.0,483875000.0,114455000.0,131801000.0,809693000.0,8528000.0,2785000.0,2017,46161000.0,123273000.0,2017-12-31,2018-04-10
16632,DEXXOS PARTICIPAÇÕES S.A.,50318000.0,-35971000.0,735142000.0,7557000.0,187069000.0,853849000.0,21366000.0,20677000.0,2018,35971000.0,165703000.0,2018-12-31,2019-03-29
16632,DEXXOS PARTICIPAÇÕES S.A.,49691000.0,-41071000.0,797719000.0,22089000.0,192506000.0,814229000.0,11984000.0,-10133000.0,2019,41071000.0,180522000.0,2019-12-31,2020-03-30
16632,DEXXOS PARTICIPAÇÕES S.A.,176019000.0,-4980000.0,994701000.0,143887000.0,135539000.0,845867000.0,40602000.0,107418000.0,2020,4980000.0,94937000.0,2020-12-31,2021-03-22
16632,DEXXOS PARTICIPAÇÕES S.A.,254073000.0,-18932000.0,1774394000.0,229685000.0,349195000.0,1295524000.0,97947000.0,-48447000.0,2021,18932000.0,251248000.0,2021-12-31,2022-03-23
16632,DEXXOS PARTICIPAÇÕES S.A.,279502000.0,-115218000.0,2098108000.0,179915000.0,307566000.0,1307748000.0,198753000.0,201624000.0,2022,115218000.0,108813000.0,2022-12-31,2023-03-27
16632,DEXXOS PARTICIPAÇÕES S.A.,263203000.0,-76088000.0,1745275000.0,211286000.0,300810000.0,1462436000.0,452932000.0,340474000.0,2023,76088000.0,-152122000.0,2023-12-31,2024-03-25
16632,DEXXOS PARTICIPAÇÕES S.A.,230698000.0,-77828000.0,1810394000.0,153199000.0,279119000.0,1557125000.0,341761000.0,75254000.0,2024,77828000.0,-62642000.0,2024-12-31,2026-01-27
16632,DEXXOS PARTICIPAÇÕES S.A.,217463000.0,-69790000.0,2136828000.0,143653000.0,292838000.0,1613764000.0,395276000.0,224810000.0,2025,69790000.0,-102438000.0,2025-12-31,2026-03-24
5150,DHB IND E COMERCIO SA,-48644000.0,-100630000.0,134737000.0,-135763000.0,382802000.0,231449000.0,5045000.0,76279000.0,2013,100630000.0,377757000.0,2013-12-31,2014-03-31
19623,DIAGNOSTICOS DA AMERICA S.A.,289492000.0,-177955000.0,2487487000.0,131582000.0,1475175000.0,4691811000.0,535881000.0,254980000.0,2013,177955000.0,939294000.0,2013-12-31,2014-03-24
19623,DIAGNOSTICOS DA AMERICA S.A.,248696000.0,-192816000.0,2697573000.0,82647000.0,1228257000.0,4609536000.0,274986000.0,459222000.0,2014,192816000.0,953271000.0,2014-12-31,2015-03-23
19623,DIAGNOSTICOS DA AMERICA S.A.,159178000.0,-213303000.0,2794399000.0,24204000.0,1249556000.0,4681796000.0,317748000.0,494329000.0,2015,213303000.0,931808000.0,2015-12-31,2016-03-23
19623,DIAGNOSTICOS DA AMERICA S.A.,299985000.0,-210847000.0,3040775000.0,95205000.0,1348302000.0,5124727000.0,287894000.0,841937000.0,2016,210847000.0,1060408000.0,2016-12-31,2017-03-20
19623,DIAGNOSTICOS DA AMERICA S.A.,336065000.0,-220683000.0,3399308000.0,134458000.0,1792368000.0,6246487000.0,511665000.0,653235000.0,2017,220683000.0,1280703000.0,2017-12-31,2018-03-16
19623,DIAGNOSTICOS DA AMERICA S.A.,345687000.0,-200212000.0,3933451000.0,185306000.0,2543276000.0,7223593000.0,544769000.0,530331000.0,2018,200212000.0,1998507000.0,2018-12-31,2019-03-14
19623,DIAGNOSTICOS DA AMERICA S.A.,398278000.0,-349933000.0,4364585000.0,130223000.0,2824795000.0,8839181000.0,567809000.0,699366000.0,2019,349933000.0,2256986000.0,2019-12-31,2020-03-13
19623,DIAGNOSTICOS DA AMERICA S.A.,166550000.0,-562297000.0,7039331000.0,-147739000.0,5338823000.0,13343496000.0,753607000.0,766504000.0,2020,562297000.0,4585216000.0,2020-12-31,2021-03-06
19623,DIAGNOSTICOS DA AMERICA S.A.,88515000.0,-669192000.0,10418674000.0,-216937000.0,7646847000.0,23249904000.0,1143026000.0,1298179000.0,2021,669192000.0,6503821000.0,2021-12-31,2022-03-29
19623,DIAGNOSTICOS DA AMERICA S.A.,1016596000.0,-1939966000.0,13128893000.0,-387766000.0,11462099000.0,26844191000.0,1284992000.0,1339682000.0,2022,1939966000.0,10177107000.0,2022-12-31,2023-03-28
19623,DIAGNOSTICOS DA AMERICA S.A.,913323000.0,-2206096000.0,14252235000.0,-1129770000.0,10651437000.0,26213200000.0,1585194000.0,-963624000.0,2023,2206096000.0,9066243000.0,2023-12-31,2024-04-17
19623,DIAGNOSTICOS DA AMERICA S.A.,1093993000.0,-2415586000.0,15322079000.0,-1195929000.0,10397009000.0,26458471000.0,1742762000.0,27946000.0,2024,2415586000.0,8654247000.0,2024-12-31,2025-03-26
19623,DIAGNOSTICOS DA AMERICA S.A.,902806000.0,-1952528000.0,11170362000.0,-1135024000.0,7634522000.0,18562235000.0,2665170000.0,-36349000.0,2025,1952528000.0,4969352000.0,2025-12-31,2026-03-26
9342,DIMED S.A. DISTRIBUIDORA DE MEDICAMENTOS,77427000.0,-9708000.0,1740420000.0,56145000.0,65269000.0,599894000.0,7613000.0,62298000.0,2013,9708000.0,57656000.0,2013-12-31,2014-03-28
9342,DIMED S.A. DISTRIBUIDORA DE MEDICAMENTOS,76322000.0,-21025000.0,1887076000.0,49359000.0,126376000.0,719271000.0,7503000.0,22902000.0,2014,21025000.0,118873000.0,2014-12-31,2015-03-27
9342,DIMED S.A. DISTRIBUIDORA DE MEDICAMENTOS,84125000.0,-28398000.0,1986026000.0,45268000.0,109450000.0,759967000.0,9268000.0,72556000.0,2015,28398000.0,100182000.0,2015-12-31,2016-03-29
9342,DIMED S.A. DISTRIBUIDORA DE MEDICAMENTOS,91587000.0,-24769000.0,2128732000.0,53059000.0,88829000.0,820973000.0,22340000.0,101603000.0,2016,24769000.0,66489000.0,2016-12-31,2017-03-28
9342,DIMED S.A. DISTRIBUIDORA DE MEDICAMENTOS,93922000.0,-22683000.0,2258246000.0,59798000.0,158371000.0,950172000.0,58792000.0,40885000.0,2017,22683000.0,99579000.0,2017-12-31,2018-03-26
9342,DIMED S.A. DISTRIBUIDORA DE MEDICAMENTOS,111616000.0,-21072000.0,2432246000.0,74982000.0,140849000.0,1000375000.0,39141000.0,109881000.0,2018,21072000.0,101708000.0,2018-12-31,2019-03-26
9342,DIMED S.A. DISTRIBUIDORA DE MEDICAMENTOS,119770000.0,-42718000.0,2724680000.0,76755000.0,505403000.0,1460285000.0,71437000.0,55925000.0,2019,42718000.0,433966000.0,2019-12-31,2020-03-31
9342,DIMED S.A. DISTRIBUIDORA DE MEDICAMENTOS,92159000.0,-57037000.0,2819110000.0,56151000.0,652992000.0,2194373000.0,130107000.0,130983000.0,2020,57037000.0,522885000.0,2020-12-31,2021-03-24
9342,DIMED S.A. DISTRIBUIDORA DE MEDICAMENTOS,101529000.0,-43908000.0,3225408000.0,79426000.0,690927000.0,2381060000.0,54435000.0,131178000.0,2021,43908000.0,636492000.0,2021-12-31,2022-03-24
9342,DIMED S.A. DISTRIBUIDORA DE MEDICAMENTOS,137285000.0,-79284000.0,3990475000.0,86345000.0,871540000.0,2733126000.0,25715000.0,205480000.0,2022,79284000.0,845825000.0,2022-12-31,2023-09-25
9342,DIMED S.A. DISTRIBUIDORA DE MEDICAMENTOS,166573000.0,-112610000.0,4461017000.0,92905000.0,1022687000.0,3077470000.0,27953000.0,296621000.0,2023,112610000.0,994734000.0,2023-12-31,2024-03-14
9342,DIMED S.A. DISTRIBUIDORA DE MEDICAMENTOS,195279000.0,-144216000.0,4942462000.0,105509000.0,1235805000.0,3377453000.0,79995000.0,224449000.0,2024,144216000.0,1155810000.0,2024-12-31,2025-03-27
9342,DIMED S.A. DISTRIBUIDORA DE MEDICAMENTOS,254693000.0,-170502000.0,5512118000.0,124605000.0,1506265000.0,3830510000.0,43745000.0,473100000.0,2025,170502000.0,1462520000.0,2025-12-31,2026-03-19
21350,DIRECIONAL ENGENHARIA S.A.,258721000.0,-31111000.0,1743929000.0,236454000.0,890300000.0,3433656000.0,489776000.0,287275000.0,2013,31111000.0,400524000.0,2013-12-31,2014-03-17
21350,DIRECIONAL ENGENHARIA S.A.,243658000.0,-45969000.0,1835613000.0,232216000.0,948397000.0,3955520000.0,636110000.0,320671000.0,2014,45969000.0,312287000.0,2014-12-31,2015-03-16
21350,DIRECIONAL ENGENHARIA S.A.,163267000.0,-48752000.0,1569577000.0,156210000.0,836451000.0,3887452000.0,436624000.0,196772000.0,2015,48752000.0,399827000.0,2015-12-31,2016-03-14
21350,DIRECIONAL ENGENHARIA S.A.,2959000.0,-50278000.0,1358078000.0,-1397000.0,906860000.0,4089767000.0,432735000.0,125916000.0,2016,50278000.0,474125000.0,2016-12-31,2017-03-20
21350,DIRECIONAL ENGENHARIA S.A.,-131870000.0,-42998000.0,751857000.0,-137435000.0,893951000.0,4141764000.0,413048000.0,38593000.0,2017,42998000.0,480903000.0,2017-12-31,2018-03-26
21350,DIRECIONAL ENGENHARIA S.A.,-30817000.0,-58858000.0,1166048000.0,-73936000.0,997592000.0,4651685000.0,715294000.0,266942000.0,2018,58858000.0,282298000.0,2018-12-31,2019-03-11
21350,DIRECIONAL ENGENHARIA S.A.,193017000.0,40941000.0,1458228000.0,120816000.0,873001000.0,4654716000.0,533795000.0,240517000.0,2019,40941000.0,339206000.0,2019-12-31,2020-03-09
21350,DIRECIONAL ENGENHARIA S.A.,221363000.0,44116000.0,1500723000.0,150133000.0,1070734000.0,5101409000.0,731569000.0,285348000.0,2020,44116000.0,339165000.0,2020-12-31,2021-03-15
21350,DIRECIONAL ENGENHARIA S.A.,322865000.0,-159174000.0,1776380000.0,208760000.0,1276619000.0,5679619000.0,723954000.0,103610000.0,2021,159174000.0,552665000.0,2021-12-31,2022-03-14
21350,DIRECIONAL ENGENHARIA S.A.,375413000.0,-269367000.0,2162616000.0,255689000.0,1420971000.0,6489415000.0,733124000.0,220357000.0,2022,269367000.0,687847000.0,2022-12-31,2023-10-26
21350,DIRECIONAL ENGENHARIA S.A.,422735000.0,-288045000.0,2355183000.0,386877000.0,1344148000.0,7571598000.0,633978000.0,-171010000.0,2023,288045000.0,710170000.0,2023-12-31,2024-03-11
21350,DIRECIONAL ENGENHARIA S.A.,754979000.0,-256789000.0,3348470000.0,727668000.0,1633345000.0,10067406000.0,792054000.0,76254000.0,2024,256789000.0,841291000.0,2024-12-31,2025-03-10
21350,DIRECIONAL ENGENHARIA S.A.,1003135000.0,-347061000.0,4343008000.0,979692000.0,2847323000.0,13219635000.0,1199343000.0,398423000.0,2025,347061000.0,1647980000.0,2025-12-31,2026-03-09
3182,DOCAS INVESTIMENTOS SA,-46913000.0,-100386000.0,1147000.0,-35911000.0,256242000.0,410852000.0,559000.0,241000.0,2013,100386000.0,255683000.0,2013-12-31,2014-03-28
5207,DOHLER S.A.,45095000.0,-8663000.0,368302000.0,40114000.0,19873000.0,577403000.0,63209000.0,37443000.0,2013,8663000.0,-43336000.0,2013-12-31,2014-03-24
5207,DOHLER S.A.,41559000.0,-6541000.0,396303000.0,42267000.0,26175000.0,624490000.0,76254000.0,49368000.0,2014,6541000.0,-50079000.0,2014-12-31,2015-03-23
5207,DOHLER S.A.,27083000.0,-11250000.0,398264000.0,28225000.0,29965000.0,644251000.0,62403000.0,17178000.0,2015,11250000.0,-32438000.0,2015-12-31,2016-03-23
5207,DOHLER S.A.,17903000.0,-14493000.0,429173000.0,15471000.0,14599000.0,641824000.0,73846000.0,45242000.0,2016,14493000.0,-59247000.0,2016-12-31,2017-03-24
5207,DOHLER S.A.,33016000.0,-6918000.0,460013000.0,34166000.0,13465000.0,672917000.0,68747000.0,12995000.0,2017,6918000.0,-55282000.0,2017-12-31,2018-03-28
5207,DOHLER S.A.,32048000.0,-12089000.0,480710000.0,49613000.0,27021000.0,725650000.0,41263000.0,18879000.0,2018,12089000.0,-14242000.0,2018-12-31,2019-03-25
5207,DOHLER S.A.,6385000.0,-11039000.0,499545000.0,31867000.0,22971000.0,742111000.0,59291000.0,47342000.0,2019,11039000.0,-36320000.0,2019-12-31,2020-03-26
5207,DOHLER S.A.,69217000.0,-16037000.0,521853000.0,84016000.0,45579000.0,869072000.0,92318000.0,46177000.0,2020,16037000.0,-46739000.0,2020-12-31,2021-03-29
23493,DOMMO ENERGIA S.A.,-15206441000.0,-2203556000.0,835583000.0,-16869047000.0,9127969000.0,4989347000.0,4210000.0,-391959000.0,2013,2203556000.0,9123759000.0,2013-12-31,2014-09-19
23493,DOMMO ENERGIA S.A.,10627857000.0,-859790000.0,989088000.0,9921481000.0,936574000.0,2435867000.0,177607000.0,-374856000.0,2014,859790000.0,758967000.0,2014-12-31,2015-03-23
23493,DOMMO ENERGIA S.A.,-320568000.0,-286603000.0,584549000.0,-754286000.0,1526411000.0,2397724000.0,23546000.0,43337000.0,2015,286603000.0,1502865000.0,2015-12-31,2016-03-28
23493,DOMMO ENERGIA S.A.,-239573000.0,-292084000.0,198726000.0,-698949000.0,1375654000.0,2062145000.0,31874000.0,1725000.0,2016,292084000.0,1343780000.0,2016-12-31,2017-03-17
23493,DOMMO ENERGIA S.A.,-814321000.0,-1353090000.0,426481000.0,-1952738000.0,0.0,1346784000.0,42537000.0,135766000.0,2017,1353090000.0,-42537000.0,2017-12-31,2018-03-27
23493,DOMMO ENERGIA S.A.,-504332000.0,-48113000.0,538273000.0,-670977000.0,0.0,639231000.0,157311000.0,349893000.0,2018,48113000.0,-157311000.0,2018-12-31,2019-03-28
23493,DOMMO ENERGIA S.A.,-86543000.0,-58140000.0,438118000.0,-126516000.0,785721000.0,1339736000.0,125670000.0,55657000.0,2019,58140000.0,660051000.0,2019-12-31,2020-03-30
23493,DOMMO ENERGIA S.A.,-179593000.0,-150633000.0,333225000.0,-328572000.0,4799000.0,289812000.0,93994000.0,38337000.0,2020,150633000.0,-89195000.0,2020-12-31,2021-03-30
23493,DOMMO ENERGIA S.A.,134818000.0,-78857000.0,185718000.0,56813000.0,160000.0,231484000.0,12182000.0,-81434000.0,2021,78857000.0,-12022000.0,2021-12-31,2022-03-30
25836,DOTZ S.A.,-8765000.0,-12481000.0,127215000.0,-18574000.0,130704000.0,263945000.0,149511000.0,34828000.0,2019,12481000.0,-18807000.0,2019-12-31,2021-02-19
25836,DOTZ S.A.,-16484000.0,-49693000.0,111006000.0,-64237000.0,127682000.0,199766000.0,109782000.0,-9605000.0,2020,49693000.0,17900000.0,2020-12-31,2021-04-20
25836,DOTZ S.A.,-73355000.0,-25419000.0,123488000.0,-82252000.0,33555000.0,406605000.0,265898000.0,-64068000.0,2021,25419000.0,-232343000.0,2021-12-31,2022-05-27
25836,DOTZ S.A.,-104814000.0,-27109000.0,139111000.0,-95195000.0,102969000.0,394106000.0,166547000.0,-92222000.0,2022,27109000.0,-63578000.0,2022-12-31,2023-03-27
25836,DOTZ S.A.,-58493000.0,-33614000.0,138661000.0,-60503000.0,101205000.0,282312000.0,50877000.0,-76095000.0,2023,33614000.0,50328000.0,2023-12-31,2024-03-28
25836,DOTZ S.A.,-7044000.0,-24017000.0,154016000.0,-16487000.0,69463000.0,194574000.0,6418000.0,-19995000.0,2024,24017000.0,63045000.0,2024-12-31,2025-03-27
25836,DOTZ S.A.,33797000.0,-30610000.0,230776000.0,-469000.0,111952000.0,206369000.0,21966000.0,-11940000.0,2025,30610000.0,89986000.0,2025-12-31,2026-03-26
80110,DUFRY A.G.,669389000.0,-242818000.0,8394391000.0,354168000.0,5276304000.0,11183098000.0,650176000.0,1048317000.0,2013,242818000.0,4626128000.0,2013-12-31,2014-03-13
80110,DUFRY A.G.,675926000.0,-425562000.0,10787894000.0,214174000.0,7792639000.0,19423063000.0,1394074000.0,992556000.0,2014,425562000.0,6398565000.0,2014-12-31,2015-03-12
80110,DUFRY A.G.,487061000.0,-707470000.0,21800963000.0,-122894000.0,17394544000.0,41044598000.0,1713655000.0,1494265000.0,2015,707470000.0,15680889000.0,2015-12-31,2016-03-16
80110,DUFRY A.G.,893451000.0,-855057000.0,27490512000.0,103440000.0,13450336000.0,31758230000.0,1443194000.0,2413265000.0,2016,855057000.0,12007142000.0,2016-12-31,2017-03-15
80110,DUFRY A.G.,1385146000.0,-849467000.0,27301085000.0,374613000.0,14432901000.0,33913875000.0,1917783000.0,2396826000.0,2017,849467000.0,12515118000.0,2017-12-31,2018-03-15
26077,ECONOMATICA S.A.,-61110000.0,-63143000.0,66541000.0,-123540000.0,9507000.0,1192397000.0,176607000.0,-100963000.0,2022,63143000.0,-167100000.0,2022-09-30,2022-11-09
26077,ECONOMATICA S.A.,-61110000.0,-63143000.0,66541000.0,-123540000.0,9507000.0,1192397000.0,176607000.0,-100963000.0,2022,63143000.0,-167100000.0,2022-12-31,2023-03-22
26077,ECONOMATICA S.A.,-201177000.0,-36568000.0,53988000.0,-243817000.0,547000.0,309631000.0,83457000.0,-75529000.0,2023,36568000.0,-82910000.0,2023-12-31,2024-04-01
26077,ECONOMATICA S.A.,-88266000.0,-4314000.0,44015000.0,-86775000.0,2610000.0,216781000.0,33112000.0,-45217000.0,2024,4314000.0,-30502000.0,2024-12-31,2025-03-20
26077,ECONOMATICA S.A.,-94527000.0,-2855000.0,22335000.0,-85986000.0,106000.0,143689000.0,9140000.0,-34974000.0,2025,2855000.0,-9034000.0,2025-12-31,2026-03-31
21903,ECORODOVIAS CONCESSÕES E SERVIÇOS S.A.,921027000.0,-305301000.0,2067554000.0,449073000.0,2722672000.0,4049830000.0,708896000.0,921325000.0,2013,305301000.0,2013776000.0,2013-12-31,2014-03-18
21903,ECORODOVIAS CONCESSÕES E SERVIÇOS S.A.,901037000.0,-363776000.0,2214482000.0,402156000.0,2850471000.0,4227674000.0,505233000.0,973606000.0,2014,363776000.0,2345238000.0,2014-12-31,2015-03-17
21903,ECORODOVIAS CONCESSÕES E SERVIÇOS S.A.,991989000.0,-504094000.0,2153113000.0,387913000.0,3698253000.0,5253875000.0,664295000.0,1052763000.0,2015,504094000.0,3033958000.0,2015-12-31,2016-03-15
21903,ECORODOVIAS CONCESSÕES E SERVIÇOS S.A.,1177532000.0,-555012000.0,2579537000.0,523673000.0,4432141000.0,6104720000.0,583088000.0,1315562000.0,2016,555012000.0,3849053000.0,2016-12-31,2017-02-20
21903,ECORODOVIAS CONCESSÕES E SERVIÇOS S.A.,1286581000.0,-508877000.0,2961523000.0,642519000.0,5653698000.0,7480594000.0,1582156000.0,1445328000.0,2017,508877000.0,4071542000.0,2017-12-31,2018-02-28
21903,ECORODOVIAS CONCESSÕES E SERVIÇOS S.A.,1243683000.0,-576748000.0,3037756000.0,597842000.0,5966458000.0,8628636000.0,1605561000.0,1744284000.0,2018,576748000.0,4360897000.0,2018-12-31,2019-03-14
21903,ECORODOVIAS CONCESSÕES E SERVIÇOS S.A.,938256000.0,-700888000.0,3767121000.0,109113000.0,6904349000.0,10178029000.0,1821216000.0,1404538000.0,2019,700888000.0,5083133000.0,2019-12-31,2020-02-18
21903,ECORODOVIAS CONCESSÕES E SERVIÇOS S.A.,1349715000.0,-723036000.0,3804686000.0,415589000.0,6962094000.0,10358479000.0,1296745000.0,1512128000.0,2020,723036000.0,5665349000.0,2020-12-31,2021-03-10
21903,ECORODOVIAS CONCESSÕES E SERVIÇOS S.A.,1591123000.0,-996346000.0,4395223000.0,421702000.0,8723756000.0,15593311000.0,2024120000.0,1845170000.0,2021,996346000.0,6699636000.0,2021-12-31,2022-03-14
21903,ECORODOVIAS CONCESSÕES E SERVIÇOS S.A.,1650896000.0,-1180556000.0,5717528000.0,444437000.0,10650973000.0,17335156000.0,1280097000.0,1899888000.0,2022,1180556000.0,9370876000.0,2022-12-31,2023-03-16
21903,ECORODOVIAS CONCESSÕES E SERVIÇOS S.A.,2820105000.0,-1684098000.0,8493391000.0,771117000.0,17161205000.0,25154939000.0,3342789000.0,3482106000.0,2023,1684098000.0,13818416000.0,2023-12-31,2024-03-13
21903,ECORODOVIAS CONCESSÕES E SERVIÇOS S.A.,3529201000.0,-2165679000.0,9496782000.0,1014685000.0,19443324000.0,28552573000.0,2244959000.0,3942537000.0,2024,2165679000.0,17198365000.0,2024-12-31,2025-03-18
21903,ECORODOVIAS CONCESSÕES E SERVIÇOS S.A.,4278566000.0,-2946599000.0,11096230000.0,963218000.0,25097110000.0,36138127000.0,1112590000.0,4705875000.0,2025,2946599000.0,23984520000.0,2025-12-31,2026-03-17
19453,ECORODOVIAS INFRAESTRUTURA E LOGÍSTICA S.A.,959656000.0,-438884000.0,2639059000.0,399512000.0,3700623000.0,6500768000.0,1071043000.0,1032947000.0,2013,438884000.0,2629580000.0,2013-12-31,2014-03-18
19453,ECORODOVIAS INFRAESTRUTURA E LOGÍSTICA S.A.,1109418000.0,-520155000.0,2937001000.0,474250000.0,4185907000.0,6701870000.0,605115000.0,1253485000.0,2014,520155000.0,3580792000.0,2014-12-31,2015-03-17
19453,ECORODOVIAS INFRAESTRUTURA E LOGÍSTICA S.A.,945744000.0,-832446000.0,2900707000.0,115772000.0,5280211000.0,7860983000.0,772903000.0,1161024000.0,2015,832446000.0,4507308000.0,2015-12-31,2016-03-15
19453,ECORODOVIAS INFRAESTRUTURA E LOGÍSTICA S.A.,774472000.0,-692897000.0,2828996000.0,-949134000.0,4930260000.0,6603407000.0,589504000.0,1100030000.0,2016,692897000.0,4340756000.0,2016-12-31,2017-02-20
19453,ECORODOVIAS INFRAESTRUTURA E LOGÍSTICA S.A.,1211683000.0,-578311000.0,3200704000.0,412331000.0,5998616000.0,7815758000.0,1607979000.0,1285785000.0,2017,578311000.0,4390637000.0,2017-12-31,2018-02-28
19453,ECORODOVIAS INFRAESTRUTURA E LOGÍSTICA S.A.,1184304000.0,-695375000.0,3169267000.0,382135000.0,7508509000.0,10020935000.0,2650489000.0,1343746000.0,2018,695375000.0,4858020000.0,2018-12-31,2019-03-14
19453,ECORODOVIAS INFRAESTRUTURA E LOGÍSTICA S.A.,795696000.0,-887567000.0,3952889000.0,-185460000.0,8679110000.0,11542453000.0,1856248000.0,1403711000.0,2019,887567000.0,6822862000.0,2019-12-31,2020-02-18
19453,ECORODOVIAS INFRAESTRUTURA E LOGÍSTICA S.A.,865737000.0,-849567000.0,3999786000.0,-423988000.0,8498517000.0,11093640000.0,1342219000.0,1471177000.0,2020,849567000.0,7156298000.0,2020-12-31,2021-03-10
19453,ECORODOVIAS INFRAESTRUTURA E LOGÍSTICA S.A.,1567928000.0,-1163151000.0,4651761000.0,367262000.0,9985438000.0,16393894000.0,2070271000.0,1873082000.0,2021,1163151000.0,7915167000.0,2021-12-31,2022-03-25
19453,ECORODOVIAS INFRAESTRUTURA E LOGÍSTICA S.A.,1542383000.0,-1379154000.0,6061329000.0,234059000.0,11645342000.0,18108909000.0,1379459000.0,1885829000.0,2022,1379154000.0,10265883000.0,2022-12-31,2023-03-16
19453,ECORODOVIAS INFRAESTRUTURA E LOGÍSTICA S.A.,2782643000.0,-1884308000.0,8845179000.0,596632000.0,18154929000.0,25959901000.0,3524241000.0,3551004000.0,2023,1884308000.0,14630688000.0,2023-12-31,2024-03-13
19453,ECORODOVIAS INFRAESTRUTURA E LOGÍSTICA S.A.,3522291000.0,-2293237000.0,9872372000.0,913451000.0,20034921000.0,29296082000.0,2337602000.0,3935501000.0,2024,2293237000.0,17697319000.0,2024-12-31,2025-03-18
19453,ECORODOVIAS INFRAESTRUTURA E LOGÍSTICA S.A.,4281662000.0,-3063908000.0,11521073000.0,866818000.0,26363627000.0,37100478000.0,1186197000.0,4808677000.0,2025,3063908000.0,25177430000.0,2025-12-31,2026-03-17
19763,EDP - ENERGIAS DO BRASIL S.A.,1112668000.0,-481194000.0,7096492000.0,554090000.0,3259446000.0,14141494000.0,924146000.0,849891000.0,2013,481194000.0,2335300000.0,2013-12-31,2014-02-27
19763,EDP - ENERGIAS DO BRASIL S.A.,1502869000.0,-574758000.0,8898728000.0,838361000.0,3358465000.0,13171799000.0,826971000.0,713573000.0,2014,574758000.0,2531494000.0,2014-12-31,2015-03-02
19763,EDP - ENERGIAS DO BRASIL S.A.,2430694000.0,-1146485000.0,10107957000.0,1406372000.0,6186491000.0,18412340000.0,1149998000.0,1567889000.0,2015,1146485000.0,5036493000.0,2015-12-31,2016-03-02
19763,EDP - ENERGIAS DO BRASIL S.A.,1641928000.0,-1259823000.0,9364772000.0,830955000.0,5571055000.0,19243826000.0,2017709000.0,2331286000.0,2016,1259823000.0,3553346000.0,2016-12-31,2017-02-22
19763,EDP - ENERGIAS DO BRASIL S.A.,1591960000.0,-934887000.0,12373375000.0,688338000.0,6057679000.0,20607952000.0,1603158000.0,1377762000.0,2017,934887000.0,4454521000.0,2017-12-31,2018-03-09
19763,EDP - ENERGIAS DO BRASIL S.A.,2163278000.0,-826195000.0,13834220000.0,1414750000.0,7458797000.0,22772071000.0,2203392000.0,1755460000.0,2018,826195000.0,5255405000.0,2018-12-31,2019-03-08
19763,EDP - ENERGIAS DO BRASIL S.A.,2360460000.0,-1191596000.0,15228336000.0,1482455000.0,8464838000.0,27489069000.0,2638610000.0,2503513000.0,2019,1191596000.0,5826228000.0,2019-12-31,2020-02-18
19763,EDP - ENERGIAS DO BRASIL S.A.,2813271000.0,-847832000.0,14983800000.0,1713920000.0,9034892000.0,30291259000.0,2735859000.0,2091810000.0,2020,847832000.0,6299033000.0,2020-12-31,2021-04-26
19763,EDP - ENERGIAS DO BRASIL S.A.,3816994000.0,-1107935000.0,18874154000.0,2367545000.0,10597514000.0,33378739000.0,2699490000.0,1304282000.0,2021,1107935000.0,7898024000.0,2021-12-31,2022-02-16
19763,EDP - ENERGIAS DO BRASIL S.A.,3417365000.0,-2132824000.0,17287655000.0,1212727000.0,14040436000.0,37001192000.0,4197196000.0,4782909000.0,2022,2132824000.0,9843240000.0,2022-12-31,2023-02-27
19763,EDP - ENERGIAS DO BRASIL S.A.,3606016000.0,-2415366000.0,17792629000.0,1385107000.0,13030760000.0,37425463000.0,3435221000.0,3319453000.0,2023,2415366000.0,9595539000.0,2023-12-31,2024-02-26
19763,EDP - ENERGIAS DO BRASIL S.A.,4323685000.0,-2261451000.0,17447189000.0,2469594000.0,13133477000.0,38609789000.0,4217535000.0,3448438000.0,2024,2261451000.0,8915942000.0,2024-12-31,2025-02-25
19763,EDP - ENERGIAS DO BRASIL S.A.,3774758000.0,-2476511000.0,20174062000.0,1994297000.0,14920133000.0,41649491000.0,5454082000.0,2613697000.0,2025,2476511000.0,9466051000.0,2025-12-31,2026-02-25
22810,ELDORADO BRASIL CELULOSE S.A.,318851000.0,-1086952000.0,1570417000.0,-491013000.0,6649426000.0,8274718000.0,30040000.0,-646676000.0,2013,1086952000.0,6619386000.0,2013-12-31,2014-03-24
22810,ELDORADO BRASIL CELULOSE S.A.,500244000.0,-1264708000.0,2199222000.0,-419002000.0,7166908000.0,8687882000.0,54551000.0,984737000.0,2014,1264708000.0,7112357000.0,2014-12-31,2015-02-26
22810,ELDORADO BRASIL CELULOSE S.A.,1462709000.0,-3348041000.0,3236594000.0,280645000.0,9366633000.0,10855755000.0,1264151000.0,3049375000.0,2015,3348041000.0,8102482000.0,2015-12-31,2016-01-26
22810,ELDORADO BRASIL CELULOSE S.A.,1225131000.0,-2070215000.0,2962316000.0,288387000.0,9066535000.0,10795189000.0,1044637000.0,561404000.0,2016,2070215000.0,8021898000.0,2016-12-31,2017-04-26
22810,ELDORADO BRASIL CELULOSE S.A.,1789239000.0,-897893000.0,3345943000.0,713367000.0,8052070000.0,10550557000.0,377507000.0,1595382000.0,2017,897893000.0,7674563000.0,2017-12-31,2019-01-29
22810,ELDORADO BRASIL CELULOSE S.A.,2713697000.0,-1569082000.0,4622087000.0,815880000.0,7314815000.0,10671571000.0,610591000.0,2781354000.0,2018,1569082000.0,6704224000.0,2018-12-31,2019-03-25
22810,ELDORADO BRASIL CELULOSE S.A.,1608192000.0,-1115473000.0,4270699000.0,541321000.0,6812484000.0,11397035000.0,840010000.0,2227301000.0,2019,1115473000.0,5972474000.0,2019-12-31,2020-11-09
22810,ELDORADO BRASIL CELULOSE S.A.,1752792.0,-2060635.0,4426139.0,-108411.0,7726957.0,12718406.0,888014.0,2260821.0,2020,2060635.0,6838943.0,2020-12-31,2021-03-31
22810,ELDORADO BRASIL CELULOSE S.A.,2162827000.0,-1023601000.0,6054774000.0,879762000.0,6143992000.0,12439672000.0,789944000.0,3386122000.0,2021,1023601000.0,5354048000.0,2021-12-31,2022-03-25
22810,ELDORADO BRASIL CELULOSE S.A.,3995210000.0,-230045000.0,7538110000.0,3534268000.0,4330365000.0,14679510000.0,1347256000.0,3720110000.0,2022,230045000.0,2983109000.0,2022-12-31,2023-03-16
22810,ELDORADO BRASIL CELULOSE S.A.,2497639000.0,-236352000.0,5756145000.0,2347195000.0,2622973000.0,16109485000.0,1407283000.0,2972324000.0,2023,236352000.0,1215690000.0,2023-12-31,2024-03-13
22810,ELDORADO BRASIL CELULOSE S.A.,2501103000.0,-520563000.0,6373370000.0,1095508000.0,2148072000.0,16725068000.0,1181898000.0,3171145000.0,2024,520563000.0,966174000.0,2024-12-31,2025-02-24
22810,ELDORADO BRASIL CELULOSE S.A.,5993840000.0,-756818000.0,5879469000.0,4551787000.0,21021958000.0,39931495000.0,11362858000.0,3219954000.0,2025,756818000.0,9659100000.0,2025-12-31,2026-03-30
26948,ELEA DIGITAL INFRAESTRUTURA E REDES DE TELECOMUNICAÇÕES S.A.,81477.0,-163264.0,220436.0,-72945.0,711834.0,981771.0,33677.0,132247.0,2025,163264.0,678157.0,2025-12-31,2026-03-31
5380,ELECTRO ACO ALTONA S.A.,20160000.0,-11824000.0,246961000.0,12249000.0,82208000.0,347111000.0,1929000.0,62474000.0,2018,11824000.0,80279000.0,2018-12-31,2019-03-29
5380,ELECTRO ACO ALTONA S.A.,27074000.0,-12681000.0,299194000.0,16851000.0,87648000.0,368478000.0,4985000.0,-12844000.0,2019,12681000.0,82663000.0,2019-12-31,2020-03-30
5380,ELECTRO ACO ALTONA S.A.,32015000.0,-15899000.0,251771000.0,25242000.0,93340000.0,417226000.0,21563000.0,56605000.0,2020,15899000.0,71777000.0,2020-12-31,2021-03-29
5380,ELECTRO ACO ALTONA S.A.,44493000.0,-9485000.0,386550000.0,36313000.0,130139000.0,491614000.0,22696000.0,43659000.0,2021,9485000.0,107443000.0,2021-12-31,2022-03-24
5380,ELECTRO ACO ALTONA S.A.,58585000.0,-22600000.0,492141000.0,37002000.0,127694000.0,512986000.0,12611000.0,79599000.0,2022,22600000.0,115083000.0,2022-12-31,2023-03-24
5380,ELECTRO ACO ALTONA S.A.,55024000.0,-21999000.0,495479000.0,49313000.0,127354000.0,560724000.0,14899000.0,53976000.0,2023,21999000.0,112455000.0,2023-12-31,2024-03-26
5380,ELECTRO ACO ALTONA S.A.,101077000.0,-24773000.0,564238000.0,66541000.0,120942000.0,618724000.0,12904000.0,78162000.0,2024,24773000.0,108038000.0,2024-12-31,2025-03-27
5380,ELECTRO ACO ALTONA S.A.,56646000.0,-18228000.0,556054000.0,91042000.0,107230000.0,641114000.0,30061000.0,81384000.0,2025,18228000.0,77169000.0,2025-12-31,2026-03-27
25569,ELETROMIDIA S.A.,44192000.0,-14240000.0,296264000.0,16185000.0,115423000.0,290530000.0,38018000.0,54315000.0,2019,14240000.0,77405000.0,2019-12-31,2020-12-09
25569,ELETROMIDIA S.A.,-63429000.0,-36407000.0,268303000.0,-69805000.0,668464000.0,1015470000.0,86135000.0,60365000.0,2020,36407000.0,582329000.0,2020-12-31,2021-03-29
25569,ELETROMIDIA S.A.,9113000.0,-53903000.0,415698000.0,-11479000.0,608487000.0,1629116000.0,580182000.0,220000.0,2021,53903000.0,28305000.0,2021-12-31,2022-03-29
25569,ELETROMIDIA S.A.,134421000.0,-134840000.0,799978000.0,51410000.0,693512000.0,2058034000.0,37881000.0,164929000.0,2022,134840000.0,655631000.0,2022-12-31,2023-03-25
25569,ELETROMIDIA S.A.,214356000.0,-153346000.0,938662000.0,92694000.0,995271000.0,2533500000.0,29924000.0,227633000.0,2023,153346000.0,965347000.0,2023-12-31,2024-03-25
25569,ELETROMIDIA S.A.,286683000.0,-149129000.0,1187207000.0,145762000.0,1357595000.0,3060147000.0,10447000.0,278635000.0,2024,149129000.0,1347148000.0,2024-12-31,2025-03-28
26891,ELETRORIVER S.A.,1024359000.0,-34507000.0,56758000.0,989845000.0,1970487000.0,3825487000.0,238982000.0,116925000.0,2021,34507000.0,1731505000.0,2021-12-31,2022-04-26
26891,ELETRORIVER S.A.,535895000.0,-256770000.0,714371000.0,268874000.0,1868746000.0,3726467000.0,172939000.0,419731000.0,2022,256770000.0,1695807000.0,2022-12-31,2023-02-10
26891,ELETRORIVER S.A.,531845000.0,-227291000.0,717591000.0,299244000.0,1632112000.0,3651732000.0,135650000.0,424064000.0,2023,227291000.0,1496462000.0,2023-12-31,2024-02-21
26891,ELETRORIVER S.A.,501293000.0,-210290000.0,697658000.0,274720000.0,1580136000.0,3559950000.0,113229000.0,453280000.0,2024,210290000.0,1466907000.0,2024-12-31,2025-02-18
26891,ELETRORIVER S.A.,530097000.0,-192970000.0,728479000.0,333737000.0,1273226000.0,3361098000.0,52694000.0,419204000.0,2025,192970000.0,1220532000.0,2025-12-31,2026-01-29
22373,ELETROSOM S/A,74707000.0,-56738000.0,791588000.0,29884000.0,289336000.0,668610000.0,18008000.0,43706000.0,2013,56738000.0,271328000.0,2013-12-31,2014-05-13
22373,ELETROSOM S/A,67765000.0,-66438000.0,924003000.0,15469000.0,275985000.0,717068000.0,9270000.0,18795000.0,2014,66438000.0,266715000.0,2014-12-31,2015-04-10
25348,ELFA MEDICAMENTOS S.A.,58190000.0,-29041000.0,1831462000.0,39560000.0,319928000.0,1273860000.0,120560000.0,19929000.0,2019,29041000.0,199368000.0,2019-12-31,2020-10-07
25348,ELFA MEDICAMENTOS S.A.,36242000.0,-21694000.0,2875973000.0,40942000.0,409854000.0,3573402000.0,228461000.0,32607000.0,2020,21694000.0,181393000.0,2020-12-31,2021-03-09
25348,ELFA MEDICAMENTOS S.A.,184900000.0,-93388000.0,5840375000.0,176741000.0,761386000.0,4730141000.0,456156000.0,50162000.0,2021,93388000.0,305230000.0,2021-12-31,2022-03-11
25348,ELFA MEDICAMENTOS S.A.,267615000.0,-280234000.0,6174619000.0,84383000.0,1837059000.0,6461563000.0,323696000.0,-293918000.0,2022,280234000.0,1513363000.0,2022-12-31,2023-03-15
25348,ELFA MEDICAMENTOS S.A.,167312000.0,-421539000.0,5911466000.0,-42863000.0,1779273000.0,6898636000.0,365624000.0,-448279000.0,2023,421539000.0,1413649000.0,2023-12-31,2024-03-27
25348,ELFA MEDICAMENTOS S.A.,181027000.0,-433269000.0,5565261000.0,-134025000.0,1647422000.0,6839291000.0,365516000.0,-48800000.0,2024,433269000.0,1281906000.0,2024-12-31,2025-03-28
25348,ELFA MEDICAMENTOS S.A.,108495000.0,-563465000.0,4558538000.0,-587335000.0,1862791000.0,6078772000.0,180485000.0,-221492000.0,2025,563465000.0,1682306000.0,2025-12-31,2026-03-17
16993,EMAE - EMPRESA METROP. DE AGUAS E ENERGIA S.A.,-30226000.0,-766000.0,532685000.0,68015000.0,0.0,1990685000.0,436741000.0,58669000.0,2022,766000.0,-436741000.0,2022-12-31,2023-03-22
16993,EMAE - EMPRESA METROP. DE AGUAS E ENERGIA S.A.,77303000.0,-2200000.0,603326000.0,150480000.0,0.0,2087290000.0,426282000.0,91361000.0,2023,2200000.0,-426282000.0,2023-12-31,2024-03-07
16993,EMAE - EMPRESA METROP. DE AGUAS E ENERGIA S.A.,-9846000.0,-481000.0,621368000.0,54724000.0,0.0,2087293000.0,311326000.0,81839000.0,2024,481000.0,-311326000.0,2024-12-31,2025-04-02
16993,EMAE - EMPRESA METROP. DE AGUAS E ENERGIA S.A.,-344895000.0,-4471000.0,476851000.0,-133356000.0,0.0,1769992000.0,379911000.0,-89189000.0,2025,4471000.0,-379911000.0,2025-12-31,2026-05-11
16993,EMAE - EMPRESA METROP.AGUAS ENERGIA S.A.,3826000.0,-1659000.0,192834000.0,62364000.0,67815000.0,1152172000.0,80708000.0,-72690000.0,2013,1659000.0,-12893000.0,2013-12-31,2014-03-25
16993,EMAE - EMPRESA METROP.AGUAS ENERGIA S.A.,-87685000.0,-1955000.0,151102000.0,-27163000.0,103149000.0,1094219000.0,21451000.0,-67848000.0,2014,1955000.0,81698000.0,2014-12-31,2015-03-27
16993,EMAE - EMPRESA METROP.AGUAS ENERGIA S.A.,-20935000.0,-10250000.0,198444000.0,59790000.0,97002000.0,1098255000.0,50145000.0,-30827000.0,2015,10250000.0,46857000.0,2015-12-31,2016-03-24
16993,EMAE - EMPRESA METROP.AGUAS ENERGIA S.A.,-390000.0,-9782000.0,206607000.0,54980000.0,91725000.0,1125762000.0,80279000.0,-40541000.0,2016,9782000.0,11446000.0,2016-12-31,2017-03-24
16993,EMAE - EMPRESA METROP.AGUAS ENERGIA S.A.,110516000.0,-8928000.0,209510000.0,119146000.0,85972000.0,1245025000.0,136214000.0,4111000.0,2017,8928000.0,-50242000.0,2017-12-31,2018-03-22
16993,EMAE - EMPRESA METROP.AGUAS ENERGIA S.A.,1297000.0,-11859000.0,316417000.0,101517000.0,79743000.0,1338612000.0,232433000.0,66142000.0,2018,11859000.0,-152690000.0,2018-12-31,2019-03-22
16993,EMAE - EMPRESA METROP.AGUAS ENERGIA S.A.,34860000.0,-7610000.0,439003000.0,92636000.0,73184000.0,1500335000.0,412922000.0,149430000.0,2019,7610000.0,-339738000.0,2019-12-31,2020-03-20
16993,EMAE - EMPRESA METROP.AGUAS ENERGIA S.A.,143114000.0,-5462000.0,447131000.0,198485000.0,66361000.0,1711417000.0,518714000.0,115054000.0,2020,5462000.0,-452353000.0,2020-12-31,2021-03-19
16993,EMAE - EMPRESA METROP.AGUAS ENERGIA S.A.,56131000.0,-2510000.0,529024000.0,149918000.0,0.0,1632597000.0,311072000.0,99673000.0,2021,2510000.0,-311072000.0,2021-12-31,2022-03-23
15458,EMBPAR PARTICIPAÇÕES S/A,50730000.0,-57819000.0,1193451000.0,27475000.0,294872000.0,352006000.0,9623000.0,-44989000.0,2013,57819000.0,285249000.0,2013-12-31,2014-03-17
15458,EMBPAR PARTICIPAÇÕES S/A,23708000.0,-57425000.0,863873000.0,-27602000.0,237375000.0,267345000.0,10893000.0,76369000.0,2014,57425000.0,226482000.0,2014-12-31,2015-04-24
15458,EMBPAR PARTICIPAÇÕES S/A,127105000.0,-64226000.0,340339000.0,51157000.0,103484000.0,173795000.0,2343000.0,4466000.0,2015,64226000.0,101141000.0,2015-12-31,2016-03-29
15458,EMBPAR PARTICIPAÇÕES S/A,-11971000.0,-14594000.0,215719000.0,-1356000.0,29736000.0,130410000.0,6138000.0,-29050000.0,2017,14594000.0,23598000.0,2017-12-31,2018-04-04
15458,EMBPAR PARTICIPAÇÕES S/A,-5964000.0,-10618000.0,358889000.0,-9997000.0,24383000.0,127581000.0,6593000.0,7162000.0,2018,10618000.0,17790000.0,2018-12-31,2019-03-28
15458,EMBPAR PARTICIPAÇÕES S/A,20092000.0,-10939000.0,470723000.0,9669000.0,33924000.0,130513000.0,3826000.0,5832000.0,2019,10939000.0,30098000.0,2019-12-31,2020-12-21
15458,EMBPAR PARTICIPAÇÕES S/A,29606000.0,-16410000.0,453812000.0,15897000.0,45837000.0,155170000.0,14262000.0,6066000.0,2020,16410000.0,31575000.0,2020-12-31,2021-03-30
15458,EMBPAR PARTICIPAÇÕES S/A,77853000.0,-9576000.0,943247000.0,73894000.0,68564000.0,258128000.0,59484000.0,3762000.0,2021,9576000.0,9080000.0,2021-12-31,2022-03-30
15458,EMBPAR PARTICIPAÇÕES S/A,97423000.0,-28619000.0,1086530000.0,63450000.0,90995000.0,315681000.0,33542000.0,-50377000.0,2022,28619000.0,57453000.0,2022-12-31,2023-03-14
15458,EMBPAR PARTICIPAÇÕES S/A,27410000.0,-14233000.0,457471000.0,15554000.0,617000.0,101563000.0,6896000.0,13914000.0,2023,14233000.0,-6279000.0,2023-12-31,2024-03-29
15458,EMBPAR PARTICIPAÇÕES S/A,-2530000.0,-2378000.0,24373000.0,-6790000.0,0.0,68946000.0,5387000.0,17276000.0,2024,2378000.0,-5387000.0,2024-12-31,2025-02-28
15458,EMBPAR PARTICIPAÇÕES S/A,-3245000.0,-119000.0,2391000.0,-2865000.0,0.0,54983000.0,3931000.0,-3824000.0,2025,119000.0,-3931000.0,2025-12-31,2026-03-20
20087,EMBRAER S.A.,1605885000.0,-45926000.0,13635846000.0,786410000.0,5140553000.0,23760310000.0,3944323000.0,1354603000.0,2013,45926000.0,1196230000.0,2013-12-31,2014-04-02
20087,EMBRAER S.A.,1303774000.0,89340000.0,14935910000.0,826600000.0,6662022000.0,27653600000.0,4550200000.0,1275434000.0,2014,89340000.0,2111822000.0,2014-12-31,2015-03-16
20087,EMBRAER S.A.,1103067000.0,1060534000.0,20301771000.0,281608000.0,13785768000.0,45566910000.0,8455771000.0,3632763000.0,2015,1060534000.0,5329997000.0,2015-12-31,2016-03-18
20087,EMBRAER S.A.,717792000.0,-887099000.0,21435696000.0,591811000.0,12254022000.0,38016671000.0,4046185000.0,-309018000.0,2016,887099000.0,8207837000.0,2016-12-31,2017-03-09
20087,EMBRAER S.A.,1059584000.0,-563437000.0,18713045000.0,847376000.0,13888790000.0,39484906000.0,4203719000.0,2505920000.0,2017,563437000.0,9685071000.0,2017-12-31,2018-03-08
20087,EMBRAER S.A.,103085000.0,-408037000.0,18721620000.0,-643568000.0,14134065000.0,43758768000.0,4963041000.0,4012758000.0,2018,408037000.0,9171024000.0,2018-12-31,2019-03-14
20087,EMBRAER S.A.,-643656000.0,-16369000.0,10467931000.0,-1294086000.0,366729000.0,42614656000.0,3446986000.0,3749394000.0,2019,16369000.0,-3080257000.0,2019-12-31,2020-03-26
20087,EMBRAER S.A.,-1681073000.0,-1162117000.0,19641764000.0,-3596233000.0,23114640000.0,54812845000.0,9786142000.0,-6512364000.0,2020,1162117000.0,13328498000.0,2020-12-31,2021-03-19
20087,EMBRAER S.A.,1054718000.0,-1500781000.0,22669705000.0,-267618000.0,22472050000.0,56670203000.0,10147201000.0,2853204000.0,2021,1500781000.0,12324849000.0,2021-12-31,2022-03-09
20087,EMBRAER S.A.,-555588000.0,-1337822000.0,23448771000.0,-1047213000.0,16713435000.0,52918325000.0,9479949000.0,3840872000.0,2022,1337822000.0,7233486000.0,2022-12-31,2023-03-10
20087,EMBRAER S.A.,1522609000.0,-1743438000.0,26110517000.0,784355000.0,13973509000.0,52201228000.0,7887311000.0,2827132000.0,2023,1743438000.0,6086198000.0,2023-12-31,2024-03-18
20087,EMBRAER S.A.,3772121000.0,-1785220000.0,35424174000.0,1923831000.0,15425414000.0,73219718000.0,9678721000.0,5532441000.0,2024,1785220000.0,5746693000.0,2024-12-31,2025-02-27
20087,EMBRAER S.A.,3348114000.0,-3686271000.0,41883234000.0,1992037000.0,14272461000.0,71092088000.0,10728816000.0,4483900000.0,2025,3686271000.0,3543645000.0,2025-12-31,2026-03-06
17647,EMBRATEL PARTICIPAÇÕES SA,1779282000.0,-1122769000.0,21212169000.0,425579000.0,6424241000.0,34638559000.0,685364000.0,5862835000.0,2013,1122769000.0,5738877000.0,2013-12-31,2014-03-19
25909,EMCCAMP RESIDENCIAL S.A.,45866000.0,-1908000.0,355199000.0,40743000.0,719000.0,507270000.0,143657000.0,-61703000.0,2020,1908000.0,-142938000.0,2020-12-31,2021-07-20
25909,EMCCAMP RESIDENCIAL S.A.,32682000.0,-5620000.0,547477000.0,19638000.0,152949000.0,767648000.0,124013000.0,-158765000.0,2021,5620000.0,28936000.0,2021-12-31,2022-03-31
25909,EMCCAMP RESIDENCIAL S.A.,71240000.0,-27197000.0,832356000.0,39536000.0,194848000.0,951856000.0,106045000.0,-53674000.0,2022,27197000.0,88803000.0,2022-12-31,2023-10-18
25909,EMCCAMP RESIDENCIAL S.A.,2591000.0,-28590000.0,957923000.0,-31595000.0,99245000.0,757229000.0,138537000.0,183411000.0,2023,28590000.0,-39292000.0,2023-12-31,2024-05-02
25909,EMCCAMP RESIDENCIAL S.A.,97558000.0,-14965000.0,904674000.0,77180000.0,109496000.0,828875000.0,116142000.0,-38128000.0,2024,14965000.0,-6646000.0,2024-12-31,2025-04-23
25909,EMCCAMP RESIDENCIAL S.A.,110406000.0,-23794000.0,864190000.0,85494000.0,304617000.0,1217002000.0,239829000.0,-126012000.0,2025,23794000.0,64788000.0,2025-12-31,2026-03-30
22608,EMPREENDIMENTOS PAGUE MENOS S.A.,636835000.0,-491020000.0,9189075000.0,263049000.0,1573407000.0,8597426000.0,163742000.0,146466000.0,2022,491020000.0,1409665000.0,2022-12-31,2023-03-15
22608,EMPREENDIMENTOS PAGUE MENOS S.A.,413456000.0,-789365000.0,11202122000.0,2735000.0,1635425000.0,8988598000.0,438500000.0,491579000.0,2023,789365000.0,1196925000.0,2023-12-31,2024-03-04
22608,EMPREENDIMENTOS PAGUE MENOS S.A.,574272000.0,-757957000.0,12641825000.0,103148000.0,1416376000.0,8983695000.0,149126000.0,384477000.0,2024,757957000.0,1267250000.0,2024-12-31,2025-03-13
22608,EMPREENDIMENTOS PAGUE MENOS S.A.,861173000.0,-956638000.0,14906429000.0,260930000.0,1733117000.0,9920927000.0,185757000.0,200372000.0,2025,956638000.0,1547360000.0,2025-12-31,2026-02-27
16497,EMPRESA NAC COM REDITO PART S.A.ENCORPAR,13634000.0,-1794000.0,486000.0,14435000.0,13236000.0,332309000.0,103000.0,-2996000.0,2013,1794000.0,13133000.0,2013-12-31,2014-03-27
16497,EMPRESA NAC COM REDITO PART S.A.ENCORPAR,-46502000.0,-4770000.0,0.0,-49784000.0,23843000.0,341332000.0,1406000.0,2125000.0,2014,4770000.0,22437000.0,2014-12-31,2015-03-30
16497,EMPRESA NAC COM REDITO PART S.A.ENCORPAR,-52536000.0,-7762000.0,0.0,-60342000.0,38516000.0,292865000.0,1335000.0,-3118000.0,2015,7762000.0,37181000.0,2015-12-31,2016-03-31
16497,EMPRESA NAC COM REDITO PART S.A.ENCORPAR,-75677000.0,-9655000.0,0.0,-85322000.0,19292000.0,278329000.0,1269000.0,-6446000.0,2016,9655000.0,18023000.0,2016-12-31,2017-04-28
16497,EMPRESA NAC COM REDITO PART S.A.ENCORPAR,45936000.0,-10253000.0,0.0,46156000.0,19227000.0,292255000.0,1488000.0,-4186000.0,2017,10253000.0,17739000.0,2017-12-31,2018-04-16
16497,EMPRESA NAC COM REDITO PART S.A.ENCORPAR,33891000.0,-11312000.0,0.0,29366000.0,6408000.0,304078000.0,1493000.0,-3914000.0,2018,11312000.0,4915000.0,2018-12-31,2019-04-11
16497,EMPRESA NAC COM REDITO PART S.A.ENCORPAR,-12930000.0,-5756000.0,0.0,-17688000.0,0.0,302658000.0,1236000.0,-1270000.0,2019,5756000.0,-1236000.0,2019-12-31,2020-04-09
16497,EMPRESA NAC COM REDITO PART S.A.ENCORPAR,-46359000.0,-9375000.0,0.0,-55356000.0,0.0,282912000.0,510000.0,-840000.0,2020,9375000.0,-510000.0,2020-12-31,2021-03-31
16497,EMPRESA NAC COM REDITO PART S.A.ENCORPAR,-10016000.0,-8710000.0,0.0,-17375000.0,0.0,276335000.0,765000.0,-1864000.0,2021,8710000.0,-765000.0,2021-12-31,2022-03-30
22365,ENAUTA PARTICIPAÇÕES S.A.,125633000.0,-23284000.0,486088000.0,192242000.0,167904000.0,3039321000.0,357765000.0,376440000.0,2013,23284000.0,-189861000.0,2013-12-31,2014-02-26
22365,ENAUTA PARTICIPAÇÕES S.A.,98836000.0,-33821000.0,503232000.0,166056000.0,250915000.0,3171062000.0,117191000.0,348468000.0,2014,33821000.0,133724000.0,2014-12-31,2015-03-16
22365,ENAUTA PARTICIPAÇÕES S.A.,-196510000.0,-788000.0,496192000.0,93613000.0,369643000.0,3430263000.0,180672000.0,431472000.0,2015,788000.0,188971000.0,2015-12-31,2016-03-10
22365,ENAUTA PARTICIPAÇÕES S.A.,121306000.0,-11206000.0,476454000.0,152898000.0,359741000.0,3563420000.0,17738000.0,341772000.0,2016,11206000.0,342003000.0,2016-12-31,2017-03-15
22365,ENAUTA PARTICIPAÇÕES S.A.,342346000.0,-20586000.0,501726000.0,357375000.0,325182000.0,3931342000.0,18815000.0,428777000.0,2017,20586000.0,306367000.0,2017-12-31,2018-03-08
22365,ENAUTA PARTICIPAÇÕES S.A.,420644000.0,-42929000.0,797204000.0,425222000.0,289825000.0,3943533000.0,60038000.0,588467000.0,2018,42929000.0,229787000.0,2018-12-31,2019-03-18
22365,ENAUTA PARTICIPAÇÕES S.A.,210224000.0,-101350000.0,1111670000.0,215465000.0,251934000.0,4549170000.0,51278000.0,551472000.0,2019,101350000.0,200656000.0,2019-12-31,2020-03-11
22365,ENAUTA PARTICIPAÇÕES S.A.,320884000.0,-257255000.0,945446000.0,123953000.0,782049000.0,4347640000.0,103248000.0,827402000.0,2020,257255000.0,678801000.0,2020-12-31,2021-04-05
22365,ENAUTA PARTICIPAÇÕES S.A.,2114632000.0,-114623000.0,1804939000.0,1444565000.0,797206000.0,6688919000.0,830416000.0,1442441000.0,2021,114623000.0,-33210000.0,2021-12-31,2022-06-17
22365,ENAUTA PARTICIPAÇÕES S.A.,724527000.0,-132894000.0,2175363000.0,383375000.0,2203569000.0,8276064000.0,853938000.0,1450365000.0,2022,132894000.0,1349631000.0,2022-12-31,2023-03-01
22365,ENAUTA PARTICIPAÇÕES S.A.,14730000.0,-225128000.0,1388562000.0,-45393000.0,2764322000.0,8137085000.0,960997000.0,476628000.0,2023,225128000.0,1803325000.0,2023-12-31,2024-03-07
15253,ENERGISA S.A.,450449000.0,-373807000.0,2857772000.0,202747000.0,2821548000.0,5526980000.0,252185000.0,698171000.0,2013,373807000.0,2569363000.0,2013-12-31,2014-03-18
15253,ENERGISA S.A.,963396000.0,-1128402000.0,8279559000.0,304720000.0,7248050000.0,18601642000.0,576072000.0,739546000.0,2014,1128402000.0,6671978000.0,2014-12-31,2015-03-27
15253,ENERGISA S.A.,864667000.0,-1840249000.0,11935130000.0,351401000.0,7933996000.0,18502182000.0,1083627000.0,1058652000.0,2015,1840249000.0,6850369000.0,2015-12-31,2016-03-22
15253,ENERGISA S.A.,1116579000.0,-1506342000.0,11810695000.0,195786000.0,7603892000.0,20022820000.0,797200000.0,1765051000.0,2016,1506342000.0,6806692000.0,2016-12-31,2017-03-23
15253,ENERGISA S.A.,1244893000.0,-1421716000.0,13637154000.0,572582000.0,8890553000.0,22048356000.0,921481000.0,1249281000.0,2017,1421716000.0,7969072000.0,2017-12-31,2018-03-14
15253,ENERGISA S.A.,2867881000.0,-1485495000.0,15787581000.0,1179672000.0,15698841000.0,36418008000.0,706738000.0,-968278000.0,2018,1485495000.0,14992103000.0,2018-12-31,2019-03-21
15253,ENERGISA S.A.,2342044000.0,-2271009000.0,19903135000.0,527158000.0,17117794000.0,39319814000.0,663103000.0,2582319000.0,2019,2271009000.0,16454691000.0,2019-12-31,2020-03-18
15253,ENERGISA S.A.,2702446000.0,-1391046000.0,20330208000.0,1607474000.0,20181406000.0,45562807000.0,1062102000.0,4806513000.0,2020,1391046000.0,19119304000.0,2020-12-31,2021-04-09
15253,ENERGISA S.A.,4626584000.0,-2527789000.0,26475504000.0,2814807000.0,23148036000.0,54258000000.0,773505000.0,881740000.0,2021,2527789000.0,22374531000.0,2021-12-31,2024-01-20
15253,ENERGISA S.A.,5721758000.0,-4196378000.0,26503137000.0,2428020000.0,28212692000.0,59670668000.0,916207000.0,5685800000.0,2022,4196378000.0,27296485000.0,2022-12-31,2023-03-16
15253,ENERGISA S.A.,6047316000.0,-4164782000.0,28531858000.0,2583534000.0,32377371000.0,68068471000.0,1298424000.0,6682422000.0,2023,4164782000.0,31078947000.0,2023-12-31,2024-03-15
15253,ENERGISA S.A.,6110922000.0,-3590947000.0,33715476000.0,4636282000.0,35117561000.0,77181653000.0,899139000.0,7218141000.0,2024,3590947000.0,34218422000.0,2024-12-31,2025-03-18
15253,ENERGISA S.A.,6752947000.0,-5744112000.0,35441353000.0,3140072000.0,44562717000.0,83471647000.0,1386005000.0,6065954000.0,2025,5744112000.0,43176712000.0,2025-12-31,2026-03-13
24589,ENERGISA TRANSMISSÃO DE ENERGIA S/A,33863000.0,-1760000.0,107024000.0,20600000.0,250580000.0,566850000.0,120000.0,-16406000.0,2018,1760000.0,250460000.0,2018-12-31,2019-04-01
24589,ENERGISA TRANSMISSÃO DE ENERGIA S/A,272541000.0,-19925000.0,641798000.0,259391000.0,433232000.0,1027142000.0,23067000.0,32305000.0,2019,19925000.0,410165000.0,2019-12-31,2020-03-12
24589,ENERGISA TRANSMISSÃO DE ENERGIA S/A,215646000.0,-21129000.0,506085000.0,175533000.0,848494000.0,1701902000.0,631000.0,28366000.0,2020,21129000.0,847863000.0,2020-12-31,2021-03-11
24589,ENERGISA TRANSMISSÃO DE ENERGIA S/A,352609000.0,-96865000.0,971081000.0,181222000.0,1409664000.0,2925557000.0,161033000.0,156373000.0,2021,96865000.0,1248631000.0,2021-12-31,2022-03-17
24589,ENERGISA TRANSMISSÃO DE ENERGIA S/A,987632000.0,-381576000.0,1538044000.0,395213000.0,4464845000.0,8432297000.0,165638000.0,143275000.0,2022,381576000.0,4299207000.0,2022-12-31,2023-03-29
24589,ENERGISA TRANSMISSÃO DE ENERGIA S/A,572146000.0,-519394000.0,1264180000.0,39593000.0,4741950000.0,9447731000.0,69843000.0,411783000.0,2023,519394000.0,4672107000.0,2023-12-31,2024-03-12
24589,ENERGISA TRANSMISSÃO DE ENERGIA S/A,878136000.0,-426993000.0,1589546000.0,338834000.0,4182878000.0,10451631000.0,91492000.0,381663000.0,2024,426993000.0,4091386000.0,2024-12-31,2025-03-18
24589,ENERGISA TRANSMISSÃO DE ENERGIA S/A,798951000.0,-432991000.0,1187272000.0,347694000.0,3434345000.0,10577343000.0,35683000.0,537595000.0,2025,432991000.0,3398662000.0,2025-12-31,2026-03-12
21237,ENEVA S.A,-427173000.0,-594609000.0,1438831000.0,-944421000.0,6215871000.0,9689212000.0,277582000.0,-510869000.0,2013,594609000.0,5938289000.0,2013-12-31,2014-03-28
21237,ENEVA S.A,-483709000.0,-641769000.0,1798092000.0,-1556960000.0,5163697000.0,7044418000.0,157319000.0,590533000.0,2014,641769000.0,5006378000.0,2014-12-31,2015-03-26
21237,ENEVA S.A,129767000.0,-632385000.0,1518633000.0,137109000.0,4208883000.0,8492078000.0,247414000.0,146664000.0,2015,632385000.0,3961469000.0,2015-12-31,2016-03-24
21237,ENEVA S.A,560073000.0,-714273000.0,2160983000.0,-111139000.0,4943259000.0,10360571000.0,493997000.0,664977000.0,2016,714273000.0,4449262000.0,2016-12-31,2017-09-16
21237,ENEVA S.A,705857000.0,-635101000.0,2721773000.0,93860000.0,4355592000.0,10907381000.0,766884000.0,1009715000.0,2017,635101000.0,3588708000.0,2017-12-31,2018-03-14
21237,ENEVA S.A,1118090000.0,-691044000.0,3129107000.0,888223000.0,5163744000.0,12299682000.0,1152266000.0,1527405000.0,2018,691044000.0,4011478000.0,2018-12-31,2019-03-20
21237,ENEVA S.A,966639000.0,-588770000.0,3137369000.0,599080000.0,5556542000.0,13863144000.0,1517583000.0,1366246000.0,2019,588770000.0,4038959000.0,2019-12-31,2020-04-10
21237,ENEVA S.A,1116774000.0,-491712000.0,3243309000.0,1006536000.0,7042665000.0,16218096000.0,1384933000.0,1245953000.0,2020,491712000.0,5657732000.0,2020-12-31,2021-03-10
21237,ENEVA S.A,1591839000.0,-338405000.0,5124441000.0,1173292000.0,7747450000.0,18244555000.0,992290000.0,1232792000.0,2021,338405000.0,6755160000.0,2021-12-31,2022-03-21
21237,ENEVA S.A,1283955000.0,-1307900000.0,6128603000.0,375774000.0,18462035000.0,41713969000.0,1291295000.0,1268090000.0,2022,1307900000.0,17170740000.0,2022-12-31,2023-03-24
21237,ENEVA S.A,2672323000.0,-3512817000.0,10090895000.0,303432000.0,19700737000.0,43565879000.0,2342061000.0,2790182000.0,2023,3512817000.0,17358676000.0,2023-12-31,2024-03-14
21237,ENEVA S.A,2211909000.0,-4159427000.0,11387505000.0,549472000.0,17386439000.0,52770780000.0,3194255000.0,4155634000.0,2024,4159427000.0,14192184000.0,2024-12-31,2025-03-20
21237,ENEVA S.A,3713199000.0,-2962900000.0,18416056000.0,1691630000.0,19605800000.0,56840479000.0,2148312000.0,5135586000.0,2025,2962900000.0,17457488000.0,2025-12-31,2026-03-05
27553,ENGELHART CTP (BRASIL) S.A.,-476159000.0,-1174453000.0,19361261000.0,428848000.0,13013864000.0,30105399000.0,606435000.0,-1266656000.0,2024,1174453000.0,12407429000.0,2024-12-31,2025-03-26
17329,ENGIE BRASIL ENERGIA S.A.,2387230000.0,-568180000.0,5568658000.0,1436747000.0,3496560000.0,12654397000.0,1224276000.0,2315937000.0,2013,568180000.0,2272284000.0,2013-12-31,2014-02-20
17329,ENGIE BRASIL ENERGIA S.A.,2302948000.0,-552709000.0,6472496000.0,1383105000.0,4052732000.0,13620546000.0,1604731000.0,1676903000.0,2014,552709000.0,2448001000.0,2014-12-31,2015-03-30
17329,ENGIE BRASIL ENERGIA S.A.,2503830000.0,-751428000.0,6512037000.0,1501303000.0,4246705000.0,15300673000.0,2396854000.0,2578612000.0,2015,751428000.0,1849851000.0,2015-12-31,2016-02-23
17329,ENGIE BRASIL ENERGIA S.A.,2421617000.0,-752765000.0,6442371000.0,1548301000.0,3088732000.0,14419691000.0,1815340000.0,2524794000.0,2016,752765000.0,1273392000.0,2016-12-31,2017-02-23
17329,ENGIE BRASIL ENERGIA S.A.,2850210000.0,-450313000.0,7009957000.0,2004559000.0,6756416000.0,19568513000.0,1930070000.0,331802000.0,2017,450313000.0,4826346000.0,2017-12-31,2018-02-22
17329,ENGIE BRASIL ENERGIA S.A.,3667111000.0,-853980000.0,8794792000.0,2315407000.0,9720234000.0,23735545000.0,2415792000.0,3146706000.0,2018,853980000.0,7304442000.0,2018-12-31,2019-02-19
17329,ENGIE BRASIL ENERGIA S.A.,4294898000.0,-1354112000.0,9804478000.0,2311099000.0,14763058000.0,30135578000.0,3870261000.0,3621266000.0,2019,1354112000.0,10892797000.0,2019-12-31,2020-02-20
17329,ENGIE BRASIL ENERGIA S.A.,5569563000.0,-2137239000.0,12259159000.0,2797268000.0,16764055000.0,35186248000.0,4538946000.0,1342251000.0,2020,2137239000.0,12225109000.0,2020-12-31,2021-04-20
17329,ENGIE BRASIL ENERGIA S.A.,4898124000.0,-3359539000.0,12540673000.0,1564970000.0,20134717000.0,38115725000.0,5156406000.0,1989161000.0,2021,3359539000.0,14978311000.0,2021-12-31,2022-02-14
17329,ENGIE BRASIL ENERGIA S.A.,5800584000.0,-3100481000.0,11906605000.0,2664568000.0,17357059000.0,38186752000.0,2235887000.0,3337493000.0,2022,3100481000.0,15121172000.0,2022-12-31,2023-11-30
17329,ENGIE BRASIL ENERGIA S.A.,6360298000.0,-2411978000.0,10747784000.0,3429060000.0,20106256000.0,42224473000.0,5255767000.0,4585942000.0,2023,2411978000.0,14850489000.0,2023-12-31,2024-02-27
17329,ENGIE BRASIL ENERGIA S.A.,7682051000.0,-2598193000.0,11218635000.0,4302841000.0,23647649000.0,50112301000.0,3958758000.0,4154242000.0,2024,2598193000.0,19688891000.0,2024-12-31,2025-02-20
17329,ENGIE BRASIL ENERGIA S.A.,6268325000.0,-3371141000.0,12860075000.0,2857919000.0,28659356000.0,55312909000.0,3358552000.0,3345511000.0,2025,3371141000.0,25300804000.0,2025-12-31,2026-03-06
25259,ENJOEI S.A.,-20594000.0,-1923000.0,53677000.0,-20757000.0,675000.0,36954000.0,3104000.0,-1227000.0,2019,1923000.0,-2429000.0,2019-12-31,2020-10-06
25259,ENJOEI S.A.,-31119000.0,-2259000.0,79607000.0,-31125000.0,0.0,529067000.0,486707000.0,-7271000.0,2020,2259000.0,-486707000.0,2020-12-31,2021-03-30
25259,ENJOEI S.A.,-135078000.0,-5507000.0,106140000.0,-118785000.0,0.0,472295000.0,382542000.0,-68003000.0,2021,5507000.0,-382542000.0,2021-12-31,2022-03-24
25259,ENJOEI S.A.,-95757000.0,-11498000.0,138901000.0,-66515000.0,0.0,430696000.0,309098000.0,-33624000.0,2022,11498000.0,-309098000.0,2022-12-31,2023-03-14
25259,ENJOEI S.A.,-74993000.0,-14974000.0,194555000.0,-52971000.0,0.0,412862000.0,261693000.0,-10068000.0,2023,14974000.0,-261693000.0,2023-12-31,2024-03-13
25259,ENJOEI S.A.,-34558000.0,-14336000.0,265221000.0,-23935000.0,0.0,422174000.0,198800000.0,4924000.0,2024,14336000.0,-198800000.0,2024-12-31,2025-03-19
25259,ENJOEI S.A.,-29118000.0,-14481000.0,263964000.0,-16788000.0,0.0,455101000.0,210352000.0,23165000.0,2025,14481000.0,-210352000.0,2025-12-31,2026-03-24
26131,ENTALPIA PARTICIPAÇÕES S.A.,36481000.0,-41173000.0,533976000.0,-3658000.0,261621000.0,507355000.0,19070000.0,38955000.0,2020,41173000.0,242551000.0,2020-12-31,2021-02-17
26271,ENVIRONMENTAL ESG PARTICIPAÇÕES S.A.,90000.0,-663000.0,4086000.0,-565000.0,1094000.0,42959000.0,368000.0,-1550000.0,2020,663000.0,726000.0,2020-12-31,2021-08-18
26271,ENVIRONMENTAL ESG PARTICIPAÇÕES S.A.,152609000.0,-116715000.0,1092768000.0,30817000.0,1999962000.0,3160497000.0,397636000.0,62396000.0,2021,116715000.0,1602326000.0,2021-12-31,2022-03-23
26271,ENVIRONMENTAL ESG PARTICIPAÇÕES S.A.,374027000.0,-312246000.0,2102826000.0,73245000.0,3054048000.0,5657094000.0,2112686000.0,376006000.0,2022,312246000.0,941362000.0,2022-12-31,2023-03-28
26271,ENVIRONMENTAL ESG PARTICIPAÇÕES S.A.,538714000.0,-502882000.0,2278407000.0,301730000.0,2661065000.0,6464142000.0,1646414000.0,260182000.0,2023,502882000.0,1014651000.0,2023-12-31,2024-04-01
26271,ENVIRONMENTAL ESG PARTICIPAÇÕES S.A.,670909000.0,-651925000.0,3108856000.0,266765000.0,2002888000.0,8713789000.0,607286000.0,1424111000.0,2024,651925000.0,1395602000.0,2024-12-31,2025-03-31
27715,EPR INFRAESTRUTURA PR S.A.,413558000.0,-32952000.0,983315000.0,280075000.0,237841000.0,1006392000.0,365807000.0,320002000.0,2024,32952000.0,-127966000.0,2024-12-31,2025-04-02
27715,EPR INFRAESTRUTURA PR S.A.,612108000.0,-52605000.0,1272753000.0,429999000.0,924752000.0,2363288000.0,938053000.0,428671000.0,2025,52605000.0,-13301000.0,2025-12-31,2026-03-23
20010,EQUATORIAL ENERGIA S.A.,288565000.0,-692479000.0,4715036000.0,78517000.0,3225637000.0,9103499000.0,350885000.0,-42626000.0,2013,692479000.0,2874752000.0,2013-12-31,2014-03-11
20010,EQUATORIAL ENERGIA S.A.,922841000.0,-1113032000.0,6773453000.0,780562000.0,4374893000.0,11268636000.0,280098000.0,-374076000.0,2014,1113032000.0,4094795000.0,2014-12-31,2015-02-24
20010,EQUATORIAL ENERGIA S.A.,811783000.0,-963146000.0,7252942000.0,959848000.0,3935138000.0,12585887000.0,397866000.0,1197712000.0,2015,963146000.0,3537272000.0,2015-12-31,2017-09-23
20010,EQUATORIAL ENERGIA S.A.,1178937000.0,-991812000.0,7952181000.0,873126000.0,4834331000.0,14219520000.0,920784000.0,867699000.0,2016,991812000.0,3913547000.0,2016-12-31,2017-09-23
20010,EQUATORIAL ENERGIA S.A.,1410332000.0,-741161000.0,9071420000.0,1205083000.0,6970241000.0,17488452000.0,4172474000.0,1057111000.0,2017,741161000.0,2797767000.0,2017-12-31,2018-03-09
20010,EQUATORIAL ENERGIA S.A.,2078133000.0,-1684578000.0,11252627000.0,1161060000.0,11536180000.0,25505996000.0,4743990000.0,1839009000.0,2018,1684578000.0,6792190000.0,2018-12-31,2019-04-12
20010,EQUATORIAL ENERGIA S.A.,4307719000.0,-2389038000.0,18796346000.0,2715632000.0,16808421000.0,37530095000.0,1785203000.0,-651155000.0,2019,2389038000.0,15023218000.0,2019-12-31,2020-05-23
20010,EQUATORIAL S.A.,4782427000.0,-1550847000.0,17890069000.0,3447653000.0,17787978000.0,44124020000.0,2219546000.0,3480740000.0,2020,1550847000.0,15568432000.0,2020-12-31,2021-03-24
20010,EQUATORIAL S.A.,4987492000.0,-3057761000.0,24240886000.0,4302509000.0,25402935000.0,61714300000.0,2996589000.0,1304261000.0,2021,3057761000.0,22406346000.0,2021-12-31,2022-03-31
20010,EQUATORIAL S.A.,5277213000.0,-6082889000.0,27132507000.0,1922003000.0,41183525000.0,90617397000.0,3166362000.0,3467507000.0,2022,6082889000.0,38017163000.0,2022-12-31,2023-03-29
20010,EQUATORIAL S.A.,7647409000.0,-8008145000.0,40985077000.0,2876284000.0,46452144000.0,103643452000.0,4612248000.0,3139179000.0,2023,8008145000.0,41839896000.0,2023-12-31,2024-03-25
20010,EQUATORIAL S.A.,8636463000.0,-9142153000.0,45366675000.0,3767805000.0,55827078000.0,116412091000.0,3306364000.0,4251208000.0,2024,9142153000.0,52520714000.0,2024-12-31,2025-04-01
20010,EQUATORIAL S.A.,8136912000.0,-10458778000.0,52073804000.0,2503931000.0,54471763000.0,109603944000.0,2659827000.0,3973867000.0,2025,10458778000.0,51811936000.0,2025-12-31,2026-04-08
27642,EQUIPAV SANEAMENTO S.A.,4035385000.0,-3411732000.0,8806540000.0,1415951000.0,17623587000.0,34523345000.0,138976000.0,997703000.0,2023,3411732000.0,17484611000.0,2023-12-31,2025-11-14
27642,EQUIPAV SANEAMENTO S.A.,6163024000.0,-5179074000.0,14212394000.0,2627553000.0,26959318000.0,45998340000.0,1844263000.0,2564562000.0,2024,5179074000.0,25115055000.0,2024-12-31,2025-11-14
27642,EQUIPAV SANEAMENTO S.A.,6463463000.0,-7800348000.0,18780466000.0,1026193000.0,41667417000.0,56896717000.0,186660000.0,519671000.0,2025,7800348000.0,41480757000.0,2025-12-31,2026-04-20
26158,ESSENTIA PCHS S.A.,168815000.0,51942000.0,325191000.0,91819000.0,553045000.0,1245866000.0,33774000.0,189834000.0,2020,51942000.0,519271000.0,2020-12-31,2021-07-29
26158,ESSENTIA PCHS S.A.,250730000.0,-109640000.0,358938000.0,134094000.0,761962000.0,1047726000.0,60106000.0,-16390000.0,2021,109640000.0,701856000.0,2021-12-31,2022-03-28
26158,ESSENTIA PCHS S.A.,169982000.0,-112906000.0,301932000.0,69774000.0,712913000.0,953078000.0,83908000.0,131622000.0,2022,112906000.0,629005000.0,2022-12-31,2023-03-31
26158,ESSENTIA PCHS S.A.,203507000.0,-102231000.0,326479000.0,101647000.0,650331000.0,911235000.0,76999000.0,142411000.0,2023,102231000.0,573332000.0,2023-12-31,2024-03-01
26158,ESSENTIA PCHS S.A.,202462000.0,-87798000.0,332275000.0,111470000.0,578739000.0,880004000.0,63882000.0,166117000.0,2024,87798000.0,514857000.0,2024-12-31,2025-03-31
26158,ESSENTIA PCHS S.A.,208824000.0,-128657000.0,340436000.0,83722000.0,732127000.0,906228000.0,129535000.0,156319000.0,2025,128657000.0,602592000.0,2025-12-31,2026-03-24
5762,ETERNIT S.A.,188614000.0,-38813000.0,683423000.0,158733000.0,66388000.0,745268000.0,81175000.0,88431000.0,2020,38813000.0,-14787000.0,2020-12-31,2021-03-02
5762,ETERNIT S.A.,345649000.0,-37346000.0,1123125000.0,269446000.0,37396000.0,1011931000.0,218864000.0,118370000.0,2021,37346000.0,-181468000.0,2021-12-31,2022-02-23
5762,ETERNIT S.A.,176604000.0,-81690000.0,1187383000.0,137713000.0,84591000.0,1222267000.0,36852000.0,128451000.0,2022,81690000.0,47739000.0,2022-12-31,2023-02-14
5762,ETERNIT S.A.,74896000.0,-66511000.0,1129213000.0,127221000.0,142297000.0,1300366000.0,11131000.0,85516000.0,2023,66511000.0,131166000.0,2023-12-31,2024-02-27
5762,ETERNIT S.A.,36806000.0,-26564000.0,1161752000.0,38820000.0,126257000.0,1306516000.0,16132000.0,134667000.0,2024,26564000.0,110125000.0,2024-12-31,2025-03-18
5762,ETERNIT S.A.,61002000.0,-29270000.0,1150164000.0,48975000.0,154625000.0,1363317000.0,24850000.0,78218000.0,2025,29270000.0,129775000.0,2025-12-31,2026-03-25
5762,ETERNIT S.A. - EM RECUPERAÇÃO JUDICIAL,143247000.0,-48553000.0,957301000.0,102256000.0,82680000.0,833632000.0,13295000.0,109336000.0,2013,48553000.0,69385000.0,2013-12-31,2014-03-17
5762,ETERNIT S.A. - EM RECUPERAÇÃO JUDICIAL,127796000.0,-52674000.0,978154000.0,85160000.0,127924000.0,897864000.0,13367000.0,131905000.0,2014,52674000.0,114557000.0,2014-12-31,2015-03-12
5762,ETERNIT S.A. - EM RECUPERAÇÃO JUDICIAL,92143000.0,-108735000.0,974872000.0,29421000.0,167261000.0,933194000.0,5578000.0,57632000.0,2015,108735000.0,161683000.0,2015-12-31,2016-03-28
5762,ETERNIT S.A. - EM RECUPERAÇÃO JUDICIAL,-7234000.0,-71235000.0,827275000.0,-37682000.0,124376000.0,842448000.0,5143000.0,60823000.0,2016,71235000.0,119233000.0,2016-12-31,2017-03-17
5762,ETERNIT S.A. - EM RECUPERAÇÃO JUDICIAL,-228504000.0,-39176000.0,665739000.0,-276389000.0,97458000.0,563622000.0,6957000.0,64236000.0,2017,39176000.0,90501000.0,2017-12-31,2018-04-27
5762,ETERNIT S.A. - EM RECUPERAÇÃO JUDICIAL,-105888000.0,-58007000.0,536905000.0,-149367000.0,130925000.0,569136000.0,9181000.0,4688000.0,2018,58007000.0,121744000.0,2018-12-31,2019-03-25
5762,ETERNIT S.A. - EM RECUPERAÇÃO JUDICIAL,37401000.0,-35015000.0,488671000.0,-12626000.0,113574000.0,545587000.0,9032000.0,7136000.0,2019,35015000.0,104542000.0,2019-12-31,2020-03-25
5770,EUCATEX S.A. INDUSTRIA E COMERCIO,145182000.0,-42891000.0,1118346000.0,88862000.0,229224000.0,1905530000.0,11604000.0,119901000.0,2013,42891000.0,217620000.0,2013-12-31,2014-02-21
5770,EUCATEX S.A. INDUSTRIA E COMERCIO,103699000.0,-61445000.0,1114668000.0,27382000.0,251704000.0,1940295000.0,7459000.0,120474000.0,2014,61445000.0,244245000.0,2014-12-31,2015-03-04
5770,EUCATEX S.A. INDUSTRIA E COMERCIO,102150000.0,-114600000.0,1143261000.0,10508000.0,314127000.0,2018421000.0,3901000.0,133286000.0,2015,114600000.0,310226000.0,2015-12-31,2016-03-09
5770,EUCATEX S.A. INDUSTRIA E COMERCIO,76574000.0,-40133000.0,1144450000.0,33578000.0,343173000.0,2014448000.0,13860000.0,101364000.0,2016,40133000.0,329313000.0,2016-12-31,2017-03-29
5770,EUCATEX S.A. INDUSTRIA E COMERCIO,82455000.0,-94731000.0,1205361000.0,41937000.0,351300000.0,2039758000.0,7009000.0,145317000.0,2017,94731000.0,344291000.0,2017-12-31,2018-03-21
5770,EUCATEX S.A. INDUSTRIA E COMERCIO,109150000.0,-118347000.0,1262329000.0,28970000.0,443537000.0,2199745000.0,9048000.0,91368000.0,2018,118347000.0,434489000.0,2018-12-31,2019-03-27
5770,EUCATEX S.A. INDUSTRIA E COMERCIO,132680000.0,-142988000.0,1525780000.0,65683000.0,433154000.0,2299003000.0,8031000.0,153558000.0,2019,142988000.0,425123000.0,2019-12-31,2020-03-25
5770,EUCATEX S.A. INDUSTRIA E COMERCIO,194356000.0,-209033000.0,1797590000.0,144175000.0,506182000.0,2734249000.0,7080000.0,175338000.0,2020,209033000.0,499102000.0,2020-12-31,2021-03-29
5770,EUCATEX S.A. INDUSTRIA E COMERCIO,549721000.0,-182388000.0,2449439000.0,427971000.0,521894000.0,3474874000.0,44822000.0,517989000.0,2021,182388000.0,477072000.0,2021-12-31,2022-03-30
5770,EUCATEX S.A. INDUSTRIA E COMERCIO,386779000.0,-235947000.0,2510647000.0,257503000.0,625150000.0,3683261000.0,22762000.0,177215000.0,2022,235947000.0,602388000.0,2022-12-31,2023-03-23
5770,EUCATEX S.A. INDUSTRIA E COMERCIO,350530000.0,-207512000.0,2677586000.0,422218000.0,716829000.0,4108415000.0,33237000.0,524174000.0,2023,207512000.0,683592000.0,2023-12-31,2024-03-22
5770,EUCATEX S.A. INDUSTRIA E COMERCIO,373326000.0,-376127000.0,2857809000.0,197999000.0,805708000.0,4569192000.0,246225000.0,444228000.0,2024,376127000.0,559483000.0,2024-12-31,2025-03-14
5770,EUCATEX S.A. INDUSTRIA E COMERCIO,525658000.0,-291403000.0,3104252000.0,319096000.0,1106907000.0,4984659000.0,529114000.0,521445000.0,2025,291403000.0,577793000.0,2025-12-31,2026-03-13
26700,EUROFARMA LABORATÓRIOS S.A.,1086628000.0,-190624000.0,5723191000.0,848970000.0,1994946000.0,6312105000.0,128680000.0,750500000.0,2020,190624000.0,1866266000.0,2020-12-31,2021-12-16
26700,EUROFARMA LABORATÓRIOS S.A.,1449802000.0,-236016000.0,7067827000.0,999894000.0,2376600000.0,7900277000.0,122970000.0,1356818000.0,2021,236016000.0,2253630000.0,2021-12-31,2022-03-29
26700,EUROFARMA LABORATÓRIOS S.A.,1763860000.0,-472568000.0,8006280000.0,1001047000.0,3710583000.0,10239872000.0,107954000.0,1570090000.0,2022,472568000.0,3602629000.0,2022-12-31,2023-03-27
26700,EUROFARMA LABORATÓRIOS S.A.,1436679000.0,-1043123000.0,9120676000.0,649698000.0,8039431000.0,15313148000.0,164510000.0,835901000.0,2023,1043123000.0,7874921000.0,2023-12-31,2024-03-26
26700,EUROFARMA LABORATÓRIOS S.A.,1398427000.0,-1603243000.0,10973515000.0,273796000.0,9609638000.0,18265951000.0,177210000.0,1597371000.0,2024,1603243000.0,9432428000.0,2024-12-31,2025-08-21
26700,EUROFARMA LABORATÓRIOS S.A.,2044378000.0,-1748695000.0,12478397000.0,593544000.0,9585148000.0,18612918000.0,264439000.0,2527609000.0,2025,1748695000.0,9320709000.0,2025-12-31,2026-03-26
20524,EVEN CONSTRUTORA E INCORPORADORA S.A.,330663000.0,-38620000.0,2458987000.0,328347000.0,1883567000.0,4804693000.0,48153000.0,43058000.0,2013,38620000.0,1835414000.0,2013-12-31,2014-02-24
20524,EVEN CONSTRUTORA E INCORPORADORA S.A.,207668000.0,-34939000.0,2205895000.0,273897000.0,1870272000.0,4880080000.0,6474000.0,195278000.0,2014,34939000.0,1863798000.0,2014-12-31,2015-03-16
20524,EVEN CONSTRUTORA E INCORPORADORA S.A.,93961000.0,-41872000.0,2205111000.0,149202000.0,2007155000.0,5136789000.0,120059000.0,-60880000.0,2015,41872000.0,1887096000.0,2015-12-31,2016-03-30
20524,EVEN CONSTRUTORA E INCORPORADORA S.A.,-26748000.0,-31891000.0,1743088000.0,39892000.0,1986970000.0,5018723000.0,93834000.0,-63137000.0,2016,31891000.0,1893136000.0,2016-12-31,2017-03-22
20524,EVEN CONSTRUTORA E INCORPORADORA S.A.,-368615000.0,-29552000.0,1583950000.0,-343437000.0,1678556000.0,4729857000.0,370709000.0,471315000.0,2017,29552000.0,1307847000.0,2017-12-31,2018-03-26
20524,EVEN CONSTRUTORA E INCORPORADORA S.A.,-161685000.0,-51394000.0,1474852000.0,-140629000.0,1567034000.0,4740971000.0,390658000.0,298561000.0,2018,51394000.0,1176376000.0,2018-12-31,2019-03-28
20524,EVEN CONSTRUTORA E INCORPORADORA S.A.,170291000.0,-81097000.0,1912997000.0,142740000.0,1405755000.0,4983545000.0,496597000.0,327657000.0,2019,81097000.0,909158000.0,2019-12-31,2020-03-30
20524,EVEN CONSTRUTORA E INCORPORADORA S.A.,272061000.0,-52297000.0,1671020000.0,53349000.0,453240000.0,5176777000.0,366322000.0,840619000.0,2020,52297000.0,86918000.0,2020-12-31,2021-03-18
20524,EVEN CONSTRUTORA E INCORPORADORA S.A.,265149000.0,-38033000.0,2275744000.0,286221000.0,313533000.0,5929910000.0,42317000.0,-41370000.0,2021,38033000.0,271216000.0,2021-12-31,2022-03-22
20524,EVEN CONSTRUTORA E INCORPORADORA S.A.,125561000.0,-42784000.0,2317936000.0,195032000.0,778500000.0,6698124000.0,29698000.0,-422168000.0,2022,42784000.0,748802000.0,2022-12-31,2023-03-28
20524,EVEN CONSTRUTORA E INCORPORADORA S.A.,292627000.0,-63350000.0,2973650000.0,341294000.0,1331372000.0,7298629000.0,31072000.0,-491762000.0,2023,63350000.0,1300300000.0,2023-12-31,2024-03-21
20524,EVEN CONSTRUTORA E INCORPORADORA S.A.,105115000.0,-48186000.0,2157292000.0,131518000.0,1176821000.0,5178914000.0,18337000.0,-182028000.0,2024,48186000.0,1158484000.0,2024-12-31,2025-03-27
20524,EVEN CONSTRUTORA E INCORPORADORA S.A.,251906000.0,-41550000.0,1920257000.0,299052000.0,1490910000.0,5215835000.0,11034000.0,88842000.0,2025,41550000.0,1479876000.0,2025-12-31,2026-03-23
25380,EZ INC INCORPORAÇÕES S.A.,-2395000.0,-117000.0,9388000.0,2085000.0,0.0,863529000.0,7158000.0,-142556000.0,2020,117000.0,-7158000.0,2020-12-31,2021-03-17
25380,EZ INC INCORPORAÇÕES S.A.,-3268000.0,-240000.0,22133000.0,3759000.0,6583000.0,1058396000.0,3794000.0,-236746000.0,2021,240000.0,2789000.0,2021-12-31,2022-03-17
25380,EZ INC INCORPORAÇÕES S.A.,5763000.0,-270000.0,35361000.0,9501000.0,125647000.0,1254384000.0,3329000.0,-292360000.0,2022,270000.0,122318000.0,2022-12-31,2023-03-16
25380,EZ INC INCORPORAÇÕES S.A.,-8109000.0,-570000.0,16426000.0,-6452000.0,237756000.0,1363397000.0,1791000.0,-202072000.0,2023,570000.0,235965000.0,2023-12-31,2024-03-14
25380,EZ INC INCORPORAÇÕES S.A.,-4495000.0,-73000.0,49782000.0,-3429000.0,313155000.0,1514064000.0,4290000.0,-87021000.0,2024,73000.0,308865000.0,2024-12-31,2025-03-13
25380,EZ INC INCORPORAÇÕES S.A.,31626000.0,-148000.0,130733000.0,32397000.0,451317000.0,1751876000.0,7423000.0,-123798000.0,2025,148000.0,443894000.0,2025-12-31,2026-03-12
20770,EZ TEC EMPREEND. E PARTICIPACOES S.A.,568504000.0,-6364000.0,1138962000.0,588754000.0,292932000.0,2849400000.0,62808000.0,23603000.0,2013,6364000.0,230124000.0,2013-12-31,2014-03-19
20770,EZ TEC EMPREEND. E PARTICIPACOES S.A.,436377000.0,-3827000.0,951472000.0,473955000.0,506968000.0,3415876000.0,128411000.0,4646000.0,2014,3827000.0,378557000.0,2014-12-31,2015-03-18
20770,EZ TEC EMPREEND. E PARTICIPACOES S.A.,391311000.0,-8713000.0,814363000.0,444470000.0,227721000.0,3291023000.0,78840000.0,74057000.0,2015,8713000.0,148881000.0,2015-12-31,2016-03-29
20770,EZ TEC EMPREEND. E PARTICIPACOES S.A.,167787000.0,-17560000.0,572227000.0,232282000.0,353465000.0,3516165000.0,103875000.0,117762000.0,2016,17560000.0,249590000.0,2016-12-31,2017-03-20
20770,EZ TEC EMPREEND. E PARTICIPACOES S.A.,316712000.0,-23780000.0,980323000.0,361465000.0,235651000.0,3103748000.0,70849000.0,735306000.0,2017,23780000.0,164802000.0,2017-12-31,2018-03-16
20770,EZ TEC EMPREEND. E PARTICIPACOES S.A.,2649000.0,-18610000.0,390762000.0,102160000.0,91338000.0,2974076000.0,29357000.0,139639000.0,2018,18610000.0,61981000.0,2018-12-31,2019-03-22
20770,EZ TEC EMPREEND. E PARTICIPACOES S.A.,220107000.0,-9733000.0,804390000.0,290461000.0,41537000.0,4275916000.0,74883000.0,83760000.0,2019,9733000.0,-33346000.0,2019-12-31,2020-03-19
20770,EZ TEC EMPREEND. E PARTICIPACOES S.A.,266133000.0,-18349000.0,936628000.0,415027000.0,4562000.0,4716450000.0,77351000.0,-59681000.0,2020,18349000.0,-72789000.0,2020-12-31,2021-03-17
20770,EZ TEC EMPREEND. E PARTICIPACOES S.A.,309735000.0,-19092000.0,957866000.0,452137000.0,29359000.0,5075498000.0,62045000.0,8992000.0,2021,19092000.0,-32686000.0,2021-12-31,2022-03-17
20770,EZ TEC EMPREEND. E PARTICIPACOES S.A.,239746000.0,-37007000.0,1121260000.0,342107000.0,527526000.0,5533594000.0,49103000.0,-349661000.0,2022,37007000.0,478423000.0,2022-12-31,2023-09-18
20770,EZ TEC EMPREEND. E PARTICIPACOES S.A.,189080000.0,-50635000.0,1083172000.0,246096000.0,856171000.0,5879316000.0,84186000.0,-228599000.0,2023,50635000.0,771985000.0,2023-12-31,2024-03-18
20770,EZ TEC EMPREEND. E PARTICIPACOES S.A.,334391000.0,-44891000.0,1560541000.0,428718000.0,1136382000.0,6466534000.0,71381000.0,-28991000.0,2024,44891000.0,1065001000.0,2024-12-31,2025-03-13
20770,EZ TEC EMPREEND. E PARTICIPACOES S.A.,441857000.0,-86036000.0,1498822000.0,547595000.0,1705985000.0,7196637000.0,66575000.0,503785000.0,2025,86036000.0,1639410000.0,2025-12-31,2026-03-12
25429,FARMÁCIA E DROGARIA NISSEI S.A.,66297000.0,-96429000.0,1499474000.0,-14241000.0,525958000.0,966479000.0,80426000.0,74046000.0,2019,96429000.0,445532000.0,2019-12-31,2020-10-15
25429,FARMÁCIA E DROGARIA NISSEI S.A.,126015000.0,-147442000.0,1613151000.0,-6506000.0,596314000.0,1000009000.0,65186000.0,53499000.0,2020,147442000.0,531128000.0,2020-12-31,2021-03-26
25429,FARMÁCIA E DROGARIA NISSEI S.A.,102021000.0,-86394000.0,1860022000.0,19944000.0,611796000.0,1083363000.0,81717000.0,96884000.0,2021,86394000.0,530079000.0,2021-12-31,2022-03-16
25429,FARMÁCIA E DROGARIA NISSEI S.A.,142980000.0,-139301000.0,2207011000.0,12389000.0,728141000.0,1209106000.0,116923000.0,55982000.0,2022,139301000.0,611218000.0,2022-12-31,2023-03-20
25429,FARMÁCIA E DROGARIA NISSEI S.A.,191841000.0,-198402000.0,2549996000.0,8658000.0,971450000.0,1668841000.0,325195000.0,-27724000.0,2023,198402000.0,646255000.0,2023-12-31,2024-03-27
25429,FARMÁCIA E DROGARIA NISSEI S.A.,147153000.0,-241566000.0,3011579000.0,-39404000.0,952750000.0,1941091000.0,127426000.0,80298000.0,2024,241566000.0,825324000.0,2024-12-31,2025-03-19
25429,FARMÁCIA E DROGARIA NISSEI S.A.,196333000.0,-310825000.0,3484182000.0,-47490000.0,1041850000.0,1998951000.0,108713000.0,49965000.0,2025,310825000.0,933137000.0,2025-12-31,2026-03-19
15369,FERROVIA CENTRO-ATLANTICA S.A.,-285155000.0,0.0,1276263000.0,156449000.0,0.0,4052187000.0,15619000.0,-83659000.0,2013,0.0,-15619000.0,2013-12-31,2014-03-25
15369,FERROVIA CENTRO-ATLANTICA S.A.,-49475000.0,0.0,1500424000.0,37974000.0,0.0,4383038000.0,36103000.0,122320000.0,2014,0.0,-36103000.0,2014-12-31,2015-03-26
28010,FGR INCORPORAÇÕES S.A.,748460000.0,-233105000.0,1563023000.0,535836000.0,1767492000.0,4500413000.0,272910000.0,-344807000.0,2025,233105000.0,1494582000.0,2025-12-31,2026-03-11
5983,FIACAO E TECELAGEM SAO JOSE SA EM RECUPERACAO JUDICIAL,-11735000.0,-7446000.0,0.0,-18213000.0,25104000.0,7881000.0,29000.0,-4000.0,2013,7446000.0,25075000.0,2013-12-31,2014-03-30
5983,FIACAO E TECELAGEM SAO JOSE SA EM RECUPERACAO JUDICIAL,-4941000.0,-8884000.0,0.0,-12857000.0,25126000.0,6349000.0,29000.0,0.0,2014,8884000.0,25097000.0,2014-12-31,2015-03-31
5983,FIACAO E TECELAGEM SAO JOSE SA EM RECUPERACAO JUDICIAL,-1622000.0,-10365000.0,0.0,-10587000.0,25126000.0,5790000.0,29000.0,113000.0,2015,10365000.0,25097000.0,2015-12-31,2016-03-31
5983,FIACAO E TECELAGEM SAO JOSE SA EM RECUPERACAO JUDICIAL,-241000.0,-11349000.0,0.0,-10190000.0,24986000.0,4717000.0,31000.0,44000.0,2016,11349000.0,24955000.0,2016-12-31,2017-03-28
5983,FIACAO E TECELAGEM SAO JOSE SA EM RECUPERACAO JUDICIAL,2570000.0,-12923000.0,0.0,-6014000.0,23760000.0,4516000.0,30000.0,1270000.0,2017,12923000.0,23730000.0,2017-12-31,2018-03-29
5983,FIACAO E TECELAGEM SAO JOSE SA EM RECUPERACAO JUDICIAL,1735000.0,-10891000.0,0.0,24723000.0,21449000.0,4654000.0,29000.0,1126000.0,2018,10891000.0,21420000.0,2018-12-31,2019-03-27
5983,FIACAO E TECELAGEM SAO JOSE SA EM RECUPERACAO JUDICIAL,1860000.0,-8901000.0,0.0,-3572000.0,20165000.0,5023000.0,28000.0,,2019,8901000.0,20137000.0,2019-12-31,2020-03-30
5983,FIACAO E TECELAGEM SAO JOSE SA EM RECUPERACAO JUDICIAL,626000.0,-8635000.0,2641000.0,-3004000.0,33256000.0,3921000.0,29000.0,,2020,8635000.0,33227000.0,2020-12-31,2021-03-30
5983,FIACAO E TECELAGEM SAO JOSE SA EM RECUPERACAO JUDICIAL,1056000.0,-9486000.0,2845000.0,-4467000.0,31110000.0,4096000.0,30000.0,,2021,9486000.0,31080000.0,2021-12-31,2022-03-27
5983,FIACAO E TECELAGEM SAO JOSE SA EM RECUPERACAO JUDICIAL,1220000.0,-12324000.0,3204000.0,-6710000.0,29021000.0,4635000.0,30000.0,,2022,12324000.0,28991000.0,2022-12-31,2023-03-27
5983,FIACAO E TECELAGEM SAO JOSE SA EM RECUPERACAO JUDICIAL,-1141000.0,-13388000.0,956000.0,-9631000.0,26917000.0,3537000.0,864000.0,,2023,13388000.0,26053000.0,2023-12-31,2024-03-26
5983,FIACAO E TECELAGEM SAO JOSE SA EM RECUPERACAO JUDICIAL,-548000.0,-14807000.0,1344000.0,-9872000.0,24894000.0,3075000.0,33000.0,,2024,14807000.0,24861000.0,2024-12-31,2025-03-27
5983,FIACAO E TECELAGEM SAO JOSE SA EM RECUPERACAO JUDICIAL,1668000.0,-15606000.0,1837000.0,-7728000.0,22871000.0,3036000.0,52000.0,,2025,15606000.0,22819000.0,2025-12-31,2026-03-27
12793,FIBRIA CELULOSE S.A.,1710447000.0,-2164746000.0,6917406000.0,-697582000.0,9773097000.0,26750172000.0,1271752000.0,2163530000.0,2013,2164746000.0,8501345000.0,2013-12-31,2014-01-29
12793,FIBRIA CELULOSE S.A.,1656615000.0,-1768675000.0,7083603000.0,162552000.0,8326519000.0,25593980000.0,461067000.0,2226756000.0,2014,1768675000.0,7865452000.0,2014-12-31,2015-01-28
12793,FIBRIA CELULOSE S.A.,3524324000.0,-3906944000.0,10080667000.0,356985000.0,12743832000.0,29433978000.0,1077651000.0,4479018000.0,2015,3906944000.0,11666181000.0,2015-12-31,2016-01-27
12793,FIBRIA CELULOSE S.A.,1427450000.0,-751710000.0,9614817000.0,1663616000.0,16152511000.0,34440328000.0,2660073000.0,3924077000.0,2016,751710000.0,13492438000.0,2016-12-31,2017-02-17
12793,FIBRIA CELULOSE S.A.,2318134000.0,-1439675000.0,11739153000.0,1093344000.0,19298563000.0,38693331000.0,4051717000.0,4105761000.0,2017,1439675000.0,15246846000.0,2017-12-31,2018-01-29
12793,FIBRIA CELULOSE S.A.,6721368000.0,-3271264000.0,18264486000.0,3059621000.0,20667096000.0,40818649000.0,1794900000.0,6873691000.0,2018,3271264000.0,18872196000.0,2018-12-31,2019-02-21
20630,FICA EMPREENDIMENTOS IMOBILIÁRIOS S.A.,-4654000.0,-14464000.0,109380000.0,-8776000.0,104833000.0,583886000.0,3217000.0,92506000.0,2013,14464000.0,101616000.0,2013-12-31,2014-03-14
20630,FICA EMPREENDIMENTOS IMOBILIÁRIOS S.A.,-24191000.0,-11952000.0,19713000.0,-36899000.0,37647000.0,422054000.0,1655000.0,110387000.0,2014,11952000.0,35992000.0,2014-12-31,2015-03-16
20630,FICA EMPREENDIMENTOS IMOBILIÁRIOS S.A.,-30679000.0,-3231000.0,29446000.0,-33517000.0,1350000.0,290342000.0,1136000.0,85903000.0,2015,3231000.0,214000.0,2015-12-31,2016-03-15
20630,FICA EMPREENDIMENTOS IMOBILIÁRIOS S.A.,-34510000.0,-422000.0,17094000.0,-51180000.0,0.0,230247000.0,449000.0,13013000.0,2016,422000.0,-449000.0,2016-12-31,2017-03-16
20630,FICA EMPREENDIMENTOS IMOBILIÁRIOS S.A.,-8074000.0,-489000.0,11488000.0,-4726000.0,0.0,221893000.0,253000.0,8735000.0,2017,489000.0,-253000.0,2017-12-31,2018-03-23
20630,FICA EMPREENDIMENTOS IMOBILIÁRIOS S.A.,-18459000.0,-7774000.0,5281000.0,-21991000.0,0.0,187281000.0,614000.0,10776000.0,2018,7774000.0,-614000.0,2018-12-31,2019-03-26
20630,FICA EMPREENDIMENTOS IMOBILIÁRIOS S.A.,-6173000.0,-4480000.0,33763000.0,-9913000.0,0.0,173489000.0,280000.0,33794000.0,2019,4480000.0,-280000.0,2019-12-31,2020-04-03
20630,FICA EMPREENDIMENTOS IMOBILIÁRIOS S.A.,-14608000.0,-224000.0,2026000.0,-15439000.0,0.0,121069000.0,95000.0,-8712000.0,2020,224000.0,-95000.0,2020-12-31,2021-03-30
20630,FICA EMPREENDIMENTOS IMOBILIÁRIOS S.A.,-7608000.0,-9000.0,4904000.0,-6984000.0,576000.0,116500000.0,2113000.0,-5177000.0,2021,9000.0,-1537000.0,2021-12-31,2022-03-30
20630,FICA EMPREENDIMENTOS IMOBILIÁRIOS S.A.,-9180000.0,-34000.0,4081000.0,-7551000.0,0.0,109066000.0,320000.0,-5577000.0,2022,34000.0,-320000.0,2022-12-31,2023-03-28
20630,FICA EMPREENDIMENTOS IMOBILIÁRIOS S.A.,-13458000.0,-416000.0,2583000.0,-12845000.0,0.0,93944000.0,578000.0,-7060000.0,2023,416000.0,-578000.0,2023-12-31,2024-04-11
20630,FICA EMPREENDIMENTOS IMOBILIÁRIOS S.A.,-354000.0,-926000.0,2507000.0,-639000.0,11981000.0,105314000.0,217000.0,-11752000.0,2024,926000.0,11764000.0,2024-12-31,2025-04-11
20630,FICA EMPREENDIMENTOS IMOBILIÁRIOS S.A.,-5527000.0,-3379000.0,-29000.0,-8275000.0,23094000.0,110251000.0,80000.0,-8131000.0,2025,3379000.0,23014000.0,2025-12-31,2026-04-28
15423,FICTOR ALIMENTOS S.A.,9865000.0,2780000.0,30809000.0,12330000.0,0.0,27245000.0,14791000.0,3819000.0,2020,2780000.0,-14791000.0,2020-12-31,2021-03-17
15423,FICTOR ALIMENTOS S.A.,5638000.0,-570000.0,28143000.0,6070000.0,0.0,26735000.0,17887000.0,9703000.0,2021,570000.0,-17887000.0,2021-12-31,2022-03-11
15423,FICTOR ALIMENTOS S.A. - EM RECUPERAÇÃO JUDICIAL,9425000.0,-943000.0,35894000.0,10024000.0,0.0,35041000.0,23650000.0,7620000.0,2022,943000.0,-23650000.0,2022-12-31,2023-02-14
15423,FICTOR ALIMENTOS S.A. - EM RECUPERAÇÃO JUDICIAL,-1943000.0,-418000.0,21242000.0,-515000.0,0.0,25946000.0,19559000.0,4573000.0,2023,418000.0,-19559000.0,2023-12-31,2024-02-23
15423,FICTOR ALIMENTOS S.A. - EM RECUPERAÇÃO JUDICIAL,-23003000.0,0.0,77084000.0,-23420000.0,13250000.0,81814000.0,661000.0,-10564000.0,2025,0.0,12589000.0,2025-12-31,2026-06-24
23116,FINPAR PARTICIPAÇÕES S/A,-8140000.0,0.0,14970000.0,-8198000.0,0.0,15819000.0,628000.0,-10431000.0,2013,0.0,-628000.0,2013-12-31,2014-03-31
23116,FINPAR PARTICIPAÇÕES S/A,-2020000.0,0.0,17404000.0,-2092000.0,0.0,9097000.0,3381000.0,2816000.0,2014,0.0,-3381000.0,2014-12-31,2015-03-24
21881,FLEURY S.A.,169506000.0,-115472000.0,1656896000.0,61143000.0,984526000.0,3211167000.0,539943000.0,209585000.0,2013,115472000.0,444583000.0,2013-12-31,2014-03-13
21881,FLEURY S.A.,194135000.0,-117173000.0,1678900000.0,85802000.0,1038820000.0,3209768000.0,505274000.0,285709000.0,2014,117173000.0,533546000.0,2014-12-31,2015-03-25
21881,FLEURY S.A.,235639000.0,-147842000.0,1894960000.0,107343000.0,990027000.0,3203997000.0,624586000.0,368922000.0,2015,147842000.0,365441000.0,2015-12-31,2016-03-03
21881,FLEURY S.A.,338855000.0,-152847000.0,2096113000.0,228749000.0,832021000.0,3005820000.0,313834000.0,513870000.0,2016,152847000.0,518187000.0,2016-12-31,2017-03-09
21881,FLEURY S.A.,476872000.0,-98266000.0,2383012000.0,320618000.0,1054924000.0,3527332000.0,337544000.0,529607000.0,2017,98266000.0,717380000.0,2017-12-31,2018-03-05
21881,FLEURY S.A.,503247000.0,-102380000.0,2664463000.0,331585000.0,1259176000.0,3910448000.0,55231000.0,701485000.0,2018,102380000.0,1203945000.0,2018-12-31,2019-04-18
21881,FLEURY S.A.,560179000.0,-167791000.0,2905107000.0,312317000.0,1556410000.0,5096652000.0,8966000.0,732317000.0,2019,167791000.0,1547444000.0,2019-12-31,2020-02-19
21881,FLEURY S.A.,478669000.0,-175043000.0,2971616000.0,256961000.0,1903721000.0,5523810000.0,28184000.0,647141000.0,2020,175043000.0,1875537000.0,2020-12-31,2021-02-25
21881,FLEURY S.A.,667261000.0,-220031000.0,3872651000.0,351491000.0,2948655000.0,6073770000.0,33722000.0,1018669000.0,2021,220031000.0,2914933000.0,2021-12-31,2022-03-17
21881,FLEURY S.A.,734971000.0,-443039000.0,4463040000.0,308731000.0,3678085000.0,7791770000.0,17256000.0,987133000.0,2022,443039000.0,3660829000.0,2022-12-31,2023-03-16
21881,FLEURY S.A.,915935000.0,-604917000.0,6470850000.0,420823000.0,4241049000.0,11579968000.0,21920000.0,1439304000.0,2023,604917000.0,4219129000.0,2023-12-31,2024-03-07
21881,FLEURY S.A.,1197720000.0,-616795000.0,7684659000.0,603654000.0,5391562000.0,13062410000.0,21788000.0,1930488000.0,2024,616795000.0,5369774000.0,2024-12-31,2025-02-27
21881,FLEURY S.A.,1221148000.0,-803378000.0,8291182000.0,596671000.0,5271443000.0,13220481000.0,21772000.0,2133775000.0,2025,803378000.0,5249671000.0,2025-12-31,2026-03-05
24350,FLEX GESTÃO DE RELACIONAMENTOS S.A.-EM RECUPERAÇÃO JUDICIAL,24030000.0,-14218000.0,494843000.0,7539000.0,87867000.0,259550000.0,28886000.0,11940000.0,2016,14218000.0,58981000.0,2016-12-31,2018-03-05
24350,FLEX GESTÃO DE RELACIONAMENTOS S.A.-EM RECUPERAÇÃO JUDICIAL,21655000.0,-20291000.0,527843000.0,10010000.0,114057000.0,294750000.0,19393000.0,-2038000.0,2017,20291000.0,94664000.0,2017-12-31,2018-03-29
24350,FLEX GESTÃO DE RELACIONAMENTOS S.A.-EM RECUPERAÇÃO JUDICIAL,20690000.0,-28082000.0,532446000.0,-3731000.0,142699000.0,361393000.0,27833000.0,17891000.0,2018,28082000.0,114866000.0,2018-12-31,2019-03-29
24350,FLEX GESTÃO DE RELACIONAMENTOS S.A.-EM RECUPERAÇÃO JUDICIAL,3908000.0,-33437000.0,513535000.0,-19024000.0,170798000.0,420171000.0,34762000.0,48574000.0,2019,33437000.0,136036000.0,2019-12-31,2020-03-31
24350,FLEX GESTÃO DE RELACIONAMENTOS S.A.-EM RECUPERAÇÃO JUDICIAL,5097000.0,-41147000.0,497358000.0,-23631000.0,189997000.0,436665000.0,45136000.0,38298000.0,2020,41147000.0,144861000.0,2020-12-31,2021-03-29
24350,FLEX GESTÃO DE RELACIONAMENTOS S.A.-EM RECUPERAÇÃO JUDICIAL,16814000.0,-39849000.0,531472000.0,-44789000.0,162925000.0,404704000.0,34391000.0,67160000.0,2021,39849000.0,128534000.0,2021-12-31,2022-03-31
24350,FLEX GESTÃO DE RELACIONAMENTOS S.A.-EM RECUPERAÇÃO JUDICIAL,-245164000.0,-100111000.0,406803000.0,-350543000.0,111934000.0,154711000.0,2327000.0,41448000.0,2022,100111000.0,109607000.0,2022-12-31,2023-08-31
25488,FOCUS ENERGIA HOLDING PARTICIPAÇÕES S.A.,125563000.0,-7509000.0,1393051000.0,94142000.0,29305000.0,859571000.0,17971000.0,-14003000.0,2019,7509000.0,11334000.0,2019-12-31,2021-01-13
25488,FOCUS ENERGIA HOLDING PARTICIPAÇÕES S.A.,79355000.0,-4925000.0,1227616000.0,46552000.0,42625000.0,890129000.0,24399000.0,67967000.0,2020,4925000.0,18226000.0,2020-12-31,2021-03-25
23736,FORNO DE MINAS ALIMENTOS S.A.,27118000.0,-19657000.0,225265000.0,15582000.0,66678000.0,179746000.0,2441000.0,25835000.0,2015,19657000.0,64237000.0,2015-12-31,2016-03-30
23736,FORNO DE MINAS ALIMENTOS S.A.,34116000.0,-24916000.0,271902000.0,23121000.0,91904000.0,226854000.0,5936000.0,-6354000.0,2016,24916000.0,85968000.0,2016-12-31,2017-03-28
26697,FOZ DO RIO CLARO ENERGIA S.A.,50463000.0,-87586000.0,105599000.0,-1513000.0,947370000.0,1381112000.0,33028000.0,61985000.0,2022,87586000.0,914342000.0,2022-12-31,2023-03-01
26697,FOZ DO RIO CLARO ENERGIA S.A.,75960000.0,-106848000.0,174983000.0,-7466000.0,911183000.0,1379664000.0,14877000.0,76209000.0,2023,106848000.0,896306000.0,2023-12-31,2024-03-04
26697,FOZ DO RIO CLARO ENERGIA S.A.,98962000.0,-110290000.0,224742000.0,14871000.0,908098000.0,1368384000.0,9326000.0,137661000.0,2024,110290000.0,898772000.0,2024-12-31,2025-02-26
26697,FOZ DO RIO CLARO ENERGIA S.A.,85924000.0,-124615000.0,237913000.0,-15084000.0,868413000.0,1291720000.0,3238000.0,124738000.0,2025,124615000.0,865175000.0,2025-12-31,2026-02-25
6211,FRAS-LE S.A.,67404000.0,-102435000.0,717281000.0,40107000.0,408726000.0,934196000.0,166039000.0,196245000.0,2013,102435000.0,242687000.0,2013-12-31,2014-03-12
6211,FRAS-LE S.A.,66627000.0,-78309000.0,764677000.0,45111000.0,402150000.0,942409000.0,176237000.0,94513000.0,2014,78309000.0,225913000.0,2014-12-31,2015-03-10
6211,FRAS-LE S.A.,80868000.0,-151551000.0,875026000.0,52462000.0,382158000.0,970959000.0,161895000.0,194571000.0,2015,151551000.0,220263000.0,2015-12-31,2016-03-22
6211,FRAS-LE S.A.,83637000.0,-100089000.0,812651000.0,64477000.0,256168000.0,1202304000.0,256244000.0,-73356000.0,2016,100089000.0,-76000.0,2016-12-31,2017-03-23
6211,FRAS-LE S.A.,65239000.0,-77820000.0,832831000.0,64160000.0,220256000.0,1356465000.0,237773000.0,128706000.0,2017,77820000.0,-17517000.0,2017-12-31,2018-03-13
6211,FRAS-LE S.A.,139774000.0,-218157000.0,1141149000.0,88561000.0,371760000.0,1527213000.0,224720000.0,266154000.0,2018,218157000.0,147040000.0,2018-12-31,2019-03-19
6211,FRAS-LE S.A.,106677000.0,-199535000.0,1365509000.0,32805000.0,392526000.0,1620024000.0,178391000.0,121037000.0,2019,199535000.0,214135000.0,2019-12-31,2020-03-04
6211,FRAS-LE S.A.,239980000.0,-277836000.0,1670789000.0,182046000.0,924350000.0,2888552000.0,443243000.0,241216000.0,2020,277836000.0,481107000.0,2020-12-31,2021-03-04
6211,FRAS-LE S.A.,275184000.0,-285447000.0,2582166000.0,210622000.0,975436000.0,3082318000.0,363599000.0,245036000.0,2021,285447000.0,611837000.0,2021-12-31,2022-02-23
6211,FRASLE MOBILITY S.A.,333040000.0,-462837000.0,3058171000.0,203329000.0,921870000.0,3765876000.0,567855000.0,-105071000.0,2022,462837000.0,354015000.0,2022-12-31,2023-02-28
6211,FRASLE MOBILITY S.A.,542553000.0,-434203000.0,3388657000.0,388732000.0,878142000.0,3911999000.0,1050412000.0,1037516000.0,2023,434203000.0,-172270000.0,2023-12-31,2024-03-11
6211,FRASLE MOBILITY S.A.,519171000.0,-664229000.0,3965776000.0,374703000.0,1111178000.0,4869614000.0,844881000.0,113984000.0,2024,664229000.0,266297000.0,2024-12-31,2025-03-18
6211,FRASLE MOBILITY S.A.,724106000.0,-679050000.0,5490878000.0,283166000.0,2748800000.0,7222660000.0,1316248000.0,1530042000.0,2025,679050000.0,1432552000.0,2025-12-31,2026-03-11
26336,FULWOOD S.A.,101884.0,-1539.0,72340.0,97160.0,39982.0,189269.0,140687.0,31541.0,2020,1539.0,-100705.0,2020-12-31,2021-08-31
26336,FULWOOD S.A.,47662000.0,-3934000.0,148772000.0,42324000.0,35042000.0,218056000.0,31134000.0,-78376000.0,2021,3934000.0,3908000.0,2021-12-31,2022-03-29
26336,FULWOOD S.A.,28252000.0,-5586000.0,104824000.0,21537000.0,54608000.0,243681000.0,10445000.0,-9949000.0,2022,5586000.0,44163000.0,2022-12-31,2023-03-31
80195,"G2D INVESTMENTS, LTD.",92232000.0,-1308000.0,104971000.0,91200000.0,105225000.0,485366000.0,1720000.0,-12399000.0,2020,1308000.0,103505000.0,2020-12-31,2021-03-12
80195,"G2D INVESTMENTS, LTD.",-235219000.0,-4830000.0,-217697000.0,-239977000.0,106269000.0,1003118000.0,91273000.0,-133701000.0,2022,4830000.0,14996000.0,2022-12-31,2023-03-31
16101,GAFISA S.A.,401871000.0,-243586000.0,2481211000.0,867678000.0,3059528000.0,8183030000.0,215194000.0,297652000.0,2013,243586000.0,2844334000.0,2013-12-31,2014-02-26
16101,GAFISA S.A.,-19532000.0,-165712000.0,2150998000.0,-43725000.0,2586524000.0,7205852000.0,109895000.0,41893000.0,2014,165712000.0,2476629000.0,2014-12-31,2015-02-27
16101,GAFISA S.A.,116286000.0,-162258000.0,2294319000.0,70979000.0,2150793000.0,6760332000.0,82640000.0,91748000.0,2015,162258000.0,2068153000.0,2015-12-31,2016-03-03
16101,GAFISA S.A.,-476262000.0,-84118000.0,915698000.0,-1161725000.0,1637568000.0,5210089000.0,29534000.0,269666000.0,2016,84118000.0,1608034000.0,2016-12-31,2017-05-09
16101,GAFISA S.A.,-362506000.0,-100074000.0,960891000.0,-421276000.0,889413000.0,2526280000.0,32304000.0,31450000.0,2018,100074000.0,857109000.0,2018-12-31,2019-04-03
16101,GAFISA S.A.,10246000.0,-76306000.0,400465000.0,-14103000.0,730678000.0,2551887000.0,12435000.0,44019000.0,2019,76306000.0,718243000.0,2019-12-31,2020-03-26
16101,GAFISA S.A.,3603000.0,-101532000.0,884045000.0,-77000000.0,940924000.0,3749999000.0,29038000.0,-452895000.0,2020,101532000.0,911886000.0,2020-12-31,2021-03-16
16101,GAFISA S.A.,210620000.0,-110447000.0,818308000.0,81050000.0,1569224000.0,4722224000.0,35424000.0,-114313000.0,2021,110447000.0,1533800000.0,2021-12-31,2022-03-19
16101,GAFISA S.A.,-131129000.0,-140584000.0,1135997000.0,-83192000.0,1990137000.0,5486674000.0,23005000.0,-90613000.0,2022,140584000.0,1967132000.0,2022-12-31,2023-03-29
16101,GAFISA S.A.,-37031000.0,-167092000.0,1103532000.0,-195470000.0,1833545000.0,5126365000.0,12323000.0,132602000.0,2023,167092000.0,1821222000.0,2023-12-31,2024-03-26
16101,GAFISA S.A.,-59570000.0,-158394000.0,1012352000.0,-40723000.0,1883618000.0,5302367000.0,8951000.0,160711000.0,2024,158394000.0,1874667000.0,2024-12-31,2025-03-27
16101,GAFISA S.A.,-414570000.0,-219689000.0,619692000.0,-544550000.0,1603911000.0,4727891000.0,17650000.0,-185330000.0,2025,219689000.0,1586261000.0,2025-12-31,2026-03-26
21008,GENERAL SHOPPING E OUTLETS DO BRASIL BRASIL S.A.,161553000.0,-414450000.0,219567000.0,-117601000.0,1198057000.0,2236197000.0,171461000.0,149682000.0,2013,414450000.0,1026596000.0,2013-12-31,2014-03-28
21008,GENERAL SHOPPING E OUTLETS DO BRASIL BRASIL S.A.,92272000.0,-486335000.0,251095000.0,-246339000.0,1343630000.0,3645948000.0,178048000.0,-89971000.0,2014,486335000.0,1165582000.0,2014-12-31,2015-03-30
21008,GENERAL SHOPPING E OUTLETS DO BRASIL BRASIL S.A.,44124000.0,-1088287000.0,262831000.0,-551955000.0,1519676000.0,3235583000.0,111240000.0,5154000.0,2015,1088287000.0,1408436000.0,2015-12-31,2016-04-06
21008,GENERAL SHOPPING E OUTLETS DO BRASIL BRASIL S.A.,197687000.0,-487836000.0,259227000.0,183379000.0,1216094000.0,3300170000.0,59771000.0,115983000.0,2016,487836000.0,1156323000.0,2016-12-31,2017-03-13
21008,GENERAL SHOPPING E OUTLETS DO BRASIL BRASIL S.A.,428460000.0,-390455000.0,252290000.0,251461000.0,1306183000.0,3560307000.0,108647000.0,97773000.0,2017,390455000.0,1197536000.0,2017-12-31,2018-02-21
21008,GENERAL SHOPPING E OUTLETS DO BRASIL BRASIL S.A.,53298000.0,-743467000.0,215625000.0,-357047000.0,1238522000.0,2972760000.0,383959000.0,-90503000.0,2018,743467000.0,854563000.0,2018-12-31,2019-03-29
21008,GENERAL SHOPPING E OUTLETS DO BRASIL BRASIL S.A.,117101000.0,-534948000.0,139215000.0,-34312000.0,1286337000.0,1699421000.0,197654000.0,-68912000.0,2019,534948000.0,1088683000.0,2019-12-31,2020-03-30
21008,GENERAL SHOPPING E OUTLETS DO BRASIL BRASIL S.A.,16234000.0,-952197000.0,91781000.0,-472942000.0,1728821000.0,1693377000.0,113487000.0,40179000.0,2020,952197000.0,1615334000.0,2020-12-31,2021-03-25
21008,GENERAL SHOPPING E OUTLETS DO BRASIL BRASIL S.A.,50343000.0,-706650000.0,130584000.0,-256470000.0,1939670000.0,1726089000.0,269294000.0,-39652000.0,2021,706650000.0,1670376000.0,2021-12-31,2022-03-29
21008,GENERAL SHOPPING E OUTLETS DO BRASIL BRASIL S.A.,47995000.0,-703087000.0,154115000.0,-86772000.0,1802492000.0,1496797000.0,127042000.0,-125887000.0,2022,703087000.0,1675450000.0,2022-12-31,2023-03-06
21008,GENERAL SHOPPING E OUTLETS DO BRASIL BRASIL S.A.,51895000.0,-418934000.0,160707000.0,93165000.0,1818056000.0,1527137000.0,92525000.0,-62889000.0,2023,418934000.0,1725531000.0,2023-12-31,2024-03-28
21008,GENERAL SHOPPING E OUTLETS DO BRASIL BRASIL S.A.,-99775000.0,-821046000.0,180492000.0,-815268000.0,2403319000.0,1219757000.0,144988000.0,-8572000.0,2024,821046000.0,2258331000.0,2024-12-31,2025-03-26
21008,GENERAL SHOPPING E OUTLETS DO BRASIL BRASIL S.A.,-11602000.0,-463148000.0,190189000.0,22170000.0,2227854000.0,1058223000.0,79359000.0,-39839000.0,2025,463148000.0,2148495000.0,2025-12-31,2026-03-30
3980,GERDAU S.A.,2754423000.0,-1597541000.0,39863037000.0,1693702000.0,16706775000.0,58215040000.0,2099224000.0,4098412000.0,2013,1597541000.0,14607551000.0,2013-12-31,2014-02-21
3980,GERDAU S.A.,2898986000.0,-1397375000.0,42546339000.0,1488373000.0,19521485000.0,63042330000.0,3049971000.0,2570861000.0,2014,1397375000.0,16471514000.0,2014-12-31,2015-03-05
3980,GERDAU S.A.,-3215512000.0,-1780366000.0,43581241000.0,-4595986000.0,26460857000.0,70094709000.0,5648080000.0,7162318000.0,2015,1780366000.0,20812777000.0,2015-12-31,2016-03-15
3980,GERDAU S.A.,-1636360000.0,-2048935000.0,37651667000.0,-2885929000.0,20583233000.0,54635141000.0,5063383000.0,3516366000.0,2016,2048935000.0,15519850000.0,2016-12-31,2017-02-22
3980,GERDAU S.A.,1100072000.0,-1739782000.0,36917619000.0,-338667000.0,16509584000.0,50301761000.0,2555338000.0,2076128000.0,2017,1739782000.0,13954246000.0,2017-12-31,2018-02-28
3980,GERDAU S.A.,4047226000.0,-2125887000.0,46159478000.0,2326382000.0,14906714000.0,51281029000.0,2890144000.0,1999683000.0,2018,2125887000.0,12016570000.0,2018-12-31,2019-02-21
3980,GERDAU S.A.,3183934000.0,-1732427000.0,39644010000.0,1216887000.0,16049867000.0,54002970000.0,2641652000.0,1642792000.0,2019,1732427000.0,13408215000.0,2019-12-31,2020-02-19
3980,GERDAU S.A.,5194385000.0,-1892799000.0,43814661000.0,2388054000.0,17515351000.0,63123009000.0,4617204000.0,6407906000.0,2020,1892799000.0,12898147000.0,2020-12-31,2021-02-24
3980,GERDAU S.A.,21023022000.0,-1433087000.0,78345081000.0,15558938000.0,14039693000.0,73814613000.0,4160654000.0,12516933000.0,2021,1433087000.0,9879039000.0,2021-12-31,2022-02-23
3980,GERDAU S.A.,17751453000.0,-2537867000.0,82412210000.0,11479552000.0,12607390000.0,73798652000.0,2475863000.0,11150338000.0,2022,2537867000.0,10131527000.0,2022-12-31,2023-03-01
3980,GERDAU S.A.,10452727000.0,-2262143000.0,68916447000.0,7536983000.0,10893308000.0,74885144000.0,3005645000.0,11138710000.0,2023,2262143000.0,7887663000.0,2023-12-31,2024-02-20
3980,GERDAU S.A.,7487202000.0,-2749641000.0,67026656000.0,4599062000.0,13636484000.0,86814493000.0,7767813000.0,11381243000.0,2024,2749641000.0,5868671000.0,2024-12-31,2025-02-24
3980,GERDAU S.A.,3739068000.0,-2118998000.0,69858532000.0,1418438000.0,14182151000.0,81688175000.0,5929170000.0,7987454000.0,2025,2118998000.0,8252981000.0,2025-12-31,2026-02-23
26140,GETNET ADQ E SERV PARA MEIOS DE PAGTO S.A. - INST PAGTO,489994000.0,0.0,2320495000.0,361013000.0,1091157000.0,43021698000.0,265096000.0,428022000.0,2020,0.0,826061000.0,2020-12-31,2021-09-17
26140,GETNET ADQ E SERV PARA MEIOS DE PAGTO S.A. - INST PAGTO,554479000.0,0.0,2853141000.0,475924000.0,3489858000.0,59034821000.0,670441000.0,-991020000.0,2021,0.0,2819417000.0,2021-12-31,2022-03-10
27502,GIGA MAIS FIBRA TELECOMUNICAÇÕES S.A.,249203000.0,-241507000.0,1141196000.0,63117000.0,2065677000.0,4015758000.0,305861000.0,449558000.0,2023,241507000.0,1759816000.0,2023-12-31,2024-04-08
27502,GIGA MAIS FIBRA TELECOMUNICAÇÕES S.A.,331753000.0,-400240000.0,1683211000.0,44871000.0,3059243000.0,5156916000.0,995910000.0,598576000.0,2024,400240000.0,2063333000.0,2024-12-31,2025-03-17
27502,GIGA MAIS FIBRA TELECOMUNICAÇÕES S.A.,253189000.0,-546105000.0,1715774000.0,-128516000.0,2782085000.0,4656883000.0,406304000.0,717744000.0,2025,546105000.0,2375781000.0,2025-12-31,2026-03-05
19569,GOL LINHAS AEREAS INTELIGENTES S.A.,265989000.0,-1521740000.0,8956212000.0,-724590000.0,5589385000.0,10638448000.0,1635647000.0,403881000.0,2013,1521740000.0,3953738000.0,2013-12-31,2014-03-25
19569,GOL LINHAS AEREAS INTELIGENTES S.A.,504942000.0,-1865338000.0,10066214000.0,-1117281000.0,6235239000.0,9976647000.0,1898773000.0,968682000.0,2014,1865338000.0,4336466000.0,2014-12-31,2015-03-30
19569,GOL LINHAS AEREAS INTELIGENTES S.A.,-183777000.0,-1328891000.0,9778007000.0,-4291240000.0,9304926000.0,10368397000.0,1072332000.0,-599467000.0,2015,1328891000.0,8232594000.0,2015-12-31,2016-03-29
19569,GOL LINHAS AEREAS INTELIGENTES S.A.,696545000.0,-1271564000.0,9867335000.0,1102364000.0,6379220000.0,8404355000.0,562207000.0,-21067000.0,2016,1271564000.0,5817013000.0,2016-12-31,2017-02-17
19569,GOL LINHAS AEREAS INTELIGENTES S.A.,989755000.0,-1132205000.0,10576022000.0,378209000.0,7105667000.0,10004748000.0,1026862000.0,672753000.0,2017,1132205000.0,6078805000.0,2017-12-31,2018-03-07
19569,GOL LINHAS AEREAS INTELIGENTES S.A.,1399962000.0,-2142286000.0,11411354000.0,-779724000.0,7084467000.0,10378266000.0,826187000.0,2081869000.0,2018,2142286000.0,6258280000.0,2018-12-31,2019-02-28
19569,GOL LINHAS AEREAS INTELIGENTES S.A.,2132739000.0,-1748265000.0,13864704000.0,179338000.0,8409841000.0,15298446000.0,1645425000.0,2461076000.0,2019,1748265000.0,6764416000.0,2019-12-31,2020-02-28
19569,GOL LINHAS AEREAS INTELIGENTES S.A.,-951844000.0,-5602418000.0,6371817000.0,-5895251000.0,9976966000.0,12814136000.0,662830000.0,753936000.0,2020,5602418000.0,9314136000.0,2020-12-31,2021-03-18
19569,GOL LINHAS AEREAS INTELIGENTES S.A.,-3834595000.0,-2201045000.0,7433384000.0,-7183804000.0,11900030000.0,14402343000.0,486258000.0,705562000.0,2021,2201045000.0,11413772000.0,2021-12-31,2022-03-14
19569,GOL LINHAS AEREAS INTELIGENTES S.A.,557114000.0,-2188680000.0,15198725000.0,-1561473000.0,11984891000.0,16970285000.0,169035000.0,2168772000.0,2022,2188680000.0,11815856000.0,2022-12-31,2023-03-21
19569,GOL LINHAS AEREAS INTELIGENTES S.A.,3338978000.0,-3067690000.0,18774024000.0,-1222259000.0,10583589000.0,16726194000.0,323928000.0,1821748000.0,2023,3067690000.0,10259661000.0,2023-12-31,2024-03-28
19569,GOL LINHAS AEREAS INTELIGENTES S.A.,-196648000.0,-12541605000.0,19129573000.0,-6067103000.0,22624890000.0,23986261000.0,2061443000.0,1163709000.0,2024,12541605000.0,20563447000.0,2024-12-31,2025-03-28
19569,GOL LINHAS AEREAS INTELIGENTES S.A.,1841108000.0,-1636300000.0,22103281000.0,-1304930000.0,15988859000.0,26682569000.0,3007088000.0,3038502000.0,2025,1636300000.0,12981771000.0,2025-12-31,2026-03-31
80020,"GP INVESTMENTS, LTD.",-308439000.0,-86447000.0,-131113000.0,-366900000.0,289997000.0,3204833000.0,301725000.0,-115754000.0,2013,86447000.0,-11728000.0,2013-12-31,2014-03-31
80020,"GP INVESTMENTS, LTD.",153860000.0,-151526000.0,380540000.0,13143000.0,289999000.0,3068576000.0,598548000.0,-172465000.0,2014,151526000.0,-308549000.0,2014-12-31,2015-03-31
80020,"GP INVESTMENTS, LTD.",-600462000.0,-180096000.0,-472086000.0,-695918000.0,191886000.0,3049375000.0,278217000.0,-254895000.0,2015,180096000.0,-86331000.0,2015-12-31,2016-03-29
80020,"GP INVESTMENTS, LTD.",396453000.0,-249680000.0,574321000.0,194836000.0,145001000.0,2986065000.0,513660000.0,-65020000.0,2016,249680000.0,-368659000.0,2016-12-31,2017-03-29
80020,"GP INVESTMENTS, LTD.",338618000.0,-94204000.0,474753000.0,264133000.0,0.0,3161897000.0,797116000.0,-94575000.0,2017,94204000.0,-797116000.0,2017-12-31,2018-03-26
80020,"GP INVESTMENTS, LTD.",-550196000.0,-83906000.0,-417879000.0,-608080000.0,0.0,3086920000.0,391731000.0,-144381000.0,2018,83906000.0,-391731000.0,2018-12-31,2019-03-28
80020,"GP INVESTMENTS, LTD.",573499000.0,-48413000.0,851396000.0,547519000.0,0.0,3325940000.0,267993000.0,-62220000.0,2019,48413000.0,-267993000.0,2019-12-31,2020-03-31
80020,"GP INVESTMENTS, LTD.",-759221000.0,-95742000.0,-669960000.0,-830547000.0,105226000.0,3116471000.0,217976000.0,-67205000.0,2020,95742000.0,-112750000.0,2020-12-31,2021-04-01
80020,"GP INVESTMENTS, LTD.",642719000.0,-45190000.0,775499000.0,611190000.0,113017000.0,3974857000.0,671870000.0,492564000.0,2021,45190000.0,-558853000.0,2021-12-31,2023-03-31
80020,"GP INVESTMENTS, LTD.",-789686000.0,-73455000.0,-666692000.0,-848239000.0,158451000.0,2765873000.0,213227000.0,-401747000.0,2022,73455000.0,-54776000.0,2022-12-31,2023-03-31
80020,"GP INVESTMENTS, LTD.",-4804000.0,-103839000.0,156672000.0,-70614000.0,96056000.0,2477597000.0,94217000.0,-120600000.0,2023,103839000.0,1839000.0,2023-12-31,2024-03-28
80020,"GP INVESTMENTS, LTD.",-326139000.0,-60190000.0,-132019000.0,-360228000.0,48127000.0,2848174000.0,227691000.0,199590000.0,2024,60190000.0,-179564000.0,2024-12-31,2025-03-31
25712,GPS PARTICIPAÇÕES E EMPREENDIMENTOS S.A.,464831000.0,-175670000.0,4942186000.0,282646000.0,1447427000.0,4482367000.0,731669000.0,208849000.0,2020,175670000.0,715758000.0,2020-12-31,2021-03-27
25712,GPS PARTICIPAÇÕES E EMPREENDIMENTOS S.A.,609362000.0,-191103000.0,6615255000.0,399748000.0,2064905000.0,6602913000.0,652434000.0,367354000.0,2021,191103000.0,1412471000.0,2021-12-31,2022-03-08
25712,GPS PARTICIPAÇÕES E EMPREENDIMENTOS S.A.,931066000.0,-425998000.0,9218683000.0,517032000.0,3296124000.0,8996499000.0,889159000.0,403541000.0,2022,425998000.0,2406965000.0,2022-12-31,2023-09-14
25712,GPS PARTICIPAÇÕES E EMPREENDIMENTOS S.A.,1138232000.0,-670488000.0,10631154000.0,646347000.0,3030491000.0,10019062000.0,989728000.0,423857000.0,2023,670488000.0,2040763000.0,2023-12-31,2024-03-05
25712,GPS PARTICIPAÇÕES E EMPREENDIMENTOS S.A.,1278736000.0,-900117000.0,14774369000.0,666434000.0,5207292000.0,14370413000.0,1468264000.0,752529000.0,2024,900117000.0,3739028000.0,2024-12-31,2025-02-27
25712,GPS PARTICIPAÇÕES E EMPREENDIMENTOS S.A.,1433774000.0,-1254327000.0,17283159000.0,694143000.0,6220989000.0,15621244000.0,3892614000.0,786118000.0,2025,1254327000.0,2328375000.0,2025-12-31,2026-03-05
25321,GRANBIO INVESTIMENTOS S.A.,134669000.0,-59786000.0,33537000.0,78565000.0,622585000.0,1667270000.0,1289000.0,-13734000.0,2019,59786000.0,621296000.0,2019-12-31,2020-10-05
25321,GRANBIO INVESTIMENTOS S.A.,-99020000.0,-88307000.0,39975000.0,-170164000.0,765551000.0,1775205000.0,397000.0,-12429000.0,2020,88307000.0,765154000.0,2020-12-31,2021-12-17
25321,GRANBIO INVESTIMENTOS S.A.,-98835000.0,-79702000.0,33617000.0,-171192000.0,832028000.0,1650176000.0,274000.0,-86077000.0,2021,79702000.0,831754000.0,2021-12-31,2022-03-30
25321,GRANBIO INVESTIMENTOS S.A.,66406000.0,-85086000.0,22970000.0,26420000.0,342253000.0,1430253000.0,64723000.0,-94643000.0,2022,85086000.0,277530000.0,2022-12-31,2023-03-14
25321,GRANBIO INVESTIMENTOS S.A.,-103736000.0,-55831000.0,5504000.0,-47334000.0,278007000.0,1261212000.0,200000.0,-51154000.0,2023,55831000.0,277807000.0,2023-12-31,2024-03-26
25321,GRANBIO INVESTIMENTOS S.A.,-104024000.0,-53005000.0,6097000.0,-3166000.0,397081000.0,1619809000.0,590000.0,-43340000.0,2024,53005000.0,396491000.0,2024-12-31,2025-05-23
27219,GRANJA FARIA S.A.,337536000.0,-101912000.0,1187781000.0,170540000.0,561889000.0,1160902000.0,65825000.0,332214000.0,2022,101912000.0,496064000.0,2022-12-31,2023-03-13
27219,GRANJA FARIA S.A.,419419000.0,-145271000.0,1858241000.0,204563000.0,1014283000.0,2229776000.0,200535000.0,636859000.0,2023,145271000.0,813748000.0,2023-12-31,2024-03-28
27219,GRANJA FARIA S.A.,401234000.0,-129496000.0,2059397000.0,230479000.0,1145820000.0,2465342000.0,178039000.0,495548000.0,2024,129496000.0,967781000.0,2024-12-31,2025-03-31
27219,GRANJA FARIA S.A.,496403000.0,-176138000.0,2536575000.0,239844000.0,963476000.0,2545475000.0,91722000.0,839818000.0,2025,176138000.0,871754000.0,2025-12-31,2026-03-30
4537,GRAZZIOTIN S.A.,53334519.0,-7158365.0,358394616.0,50433205.0,0.0,517831031.0,11315530.0,44458303.0,2013,7158365.0,-11315530.0,2013-12-31,2014-02-27
4537,GRAZZIOTIN S.A.,60569867.0,-10319092.0,419722428.0,59463240.0,0.0,589826413.0,8124760.0,27697931.0,2014,10319092.0,-8124760.0,2014-12-31,2015-03-06
4537,GRAZZIOTIN S.A.,35566656.0,-1747979.0,387748549.0,46618175.0,0.0,598400633.0,13432141.0,83124392.0,2015,1747979.0,-13432141.0,2015-12-31,2016-02-26
4537,GRAZZIOTIN S.A.,40555128.0,-723007.0,390440014.0,64011732.0,0.0,643833163.0,10394781.0,81210914.0,2016,723007.0,-10394781.0,2016-12-31,2017-02-24
4537,GRAZZIOTIN S.A.,48402841.0,-11479095.0,428278248.0,61400438.0,0.0,681187102.0,8143908.0,43017700.0,2017,11479095.0,-8143908.0,2017-12-31,2018-02-16
4537,GRAZZIOTIN S.A.,46170382.0,-10484954.0,463172949.0,53766098.0,0.0,706364238.0,12314420.0,43971355.0,2018,10484954.0,-12314420.0,2018-12-31,2019-03-18
4537,GRAZZIOTIN S.A.,97593758.0,-10873905.0,480470342.0,129450031.0,0.0,864568325.0,12886461.0,66932261.0,2019,10873905.0,-12886461.0,2019-12-31,2020-03-16
4537,GRAZZIOTIN S.A.,75894551.0,-10553185.0,449964875.0,70997257.0,0.0,896783260.0,10056943.0,196757081.0,2020,10553185.0,-10056943.0,2020-12-31,2021-04-05
4537,GRAZZIOTIN S.A.,180129000.0,-15730000.0,613658000.0,174776000.0,0.0,1084724000.0,4744000.0,-36029000.0,2021,15730000.0,-4744000.0,2021-12-31,2022-03-18
4537,GRAZZIOTIN S.A.,95492000.0,-31931000.0,682351000.0,119071000.0,0.0,1171754000.0,125350000.0,229308000.0,2022,31931000.0,-125350000.0,2022-12-31,2023-03-21
4537,GRAZZIOTIN S.A.,56799000.0,-37044000.0,676829000.0,95652000.0,0.0,1274618000.0,168715000.0,152965000.0,2023,37044000.0,-168715000.0,2023-12-31,2024-03-25
4537,GRAZZIOTIN S.A.,81330000.0,-45072000.0,728592000.0,104649000.0,0.0,1353420000.0,207188000.0,155134000.0,2024,45072000.0,-207188000.0,2024-12-31,2025-03-14
4537,GRAZZIOTIN S.A.,55814000.0,-47977000.0,744815000.0,83855000.0,0.0,1263495000.0,147062000.0,148073000.0,2025,47977000.0,-147062000.0,2025-12-31,2026-03-13
19615,GRENDENE S.A.,399233000.0,-79484000.0,2187264000.0,434005000.0,117736000.0,2369342000.0,39360000.0,303305000.0,2013,79484000.0,78376000.0,2013-12-31,2014-02-13
19615,GRENDENE S.A.,389413000.0,-84895000.0,2233298000.0,485259000.0,171357000.0,2682013000.0,26324000.0,484959000.0,2014,84895000.0,145033000.0,2014-12-31,2015-02-12
19615,GRENDENE S.A.,400732000.0,-238992000.0,2202796000.0,539311000.0,212825000.0,3045642000.0,21285000.0,442718000.0,2015,238992000.0,191540000.0,2015-12-31,2016-02-25
19615,GRENDENE S.A.,399594000.0,-128180000.0,2045115000.0,633955000.0,125372000.0,3253820000.0,20663000.0,551471000.0,2016,128180000.0,104709000.0,2016-12-31,2017-02-16
19615,GRENDENE S.A.,465590000.0,-74026000.0,2251972000.0,660903000.0,123627000.0,3576008000.0,30119000.0,525726000.0,2017,74026000.0,93508000.0,2017-12-31,2018-02-22
19615,GRENDENE S.A.,456963000.0,-177327000.0,2333452000.0,585530000.0,152927000.0,3860756000.0,16562000.0,483835000.0,2018,177327000.0,136365000.0,2018-12-31,2019-02-14
19615,GRENDENE S.A.,353528000.0,-122714000.0,2071034000.0,494954000.0,175165000.0,4064447000.0,18072000.0,426826000.0,2019,122714000.0,157093000.0,2019-12-31,2020-02-14
19615,GRENDENE S.A.,301199000.0,-241065000.0,1896785000.0,405206000.0,100777000.0,4675706000.0,19162000.0,108886000.0,2020,241065000.0,81615000.0,2020-12-31,2021-03-04
19615,GRENDENE S.A.,393522000.0,-110824000.0,2342546000.0,601005000.0,202665000.0,4554495000.0,22146000.0,556396000.0,2021,110824000.0,180519000.0,2021-12-31,2022-02-24
19615,GRENDENE S.A.,239120000.0,-124664000.0,2512656000.0,568027000.0,150546000.0,4821920000.0,127409000.0,536078000.0,2022,124664000.0,23137000.0,2022-12-31,2023-03-02
19615,GRENDENE S.A.,274928000.0,-84287000.0,2433607000.0,557671000.0,116427000.0,4075361000.0,73735000.0,736725000.0,2023,84287000.0,42692000.0,2023-12-31,2024-02-29
19615,GRENDENE S.A.,557564000.0,-141653000.0,2628580000.0,735236000.0,88824000.0,4500059000.0,76109000.0,702738000.0,2024,141653000.0,12715000.0,2024-12-31,2025-02-27
19615,GRENDENE S.A.,324895000.0,-101635000.0,2584341000.0,644808000.0,70567000.0,4501382000.0,70158000.0,557697000.0,2025,101635000.0,409000.0,2025-12-31,2026-03-05
6505,GRUPO CASAS BAHIA S.A.,2237365000.0,-814630000.0,21755945000.0,1144519000.0,3962539000.0,13457823000.0,3508878000.0,2238488000.0,2013,814630000.0,453661000.0,2013-12-31,2014-02-13
6505,GRUPO CASAS BAHIA S.A.,2091000000.0,-1036000000.0,22674000000.0,938000000.0,3706000000.0,16004000000.0,4448000000.0,2256000000.0,2014,1036000000.0,-742000000.0,2014-12-31,2015-02-12
6505,GRUPO CASAS BAHIA S.A.,707000000.0,0.0,19268000000.0,14000000.0,3259000000.0,16288000000.0,5580000000.0,2585000000.0,2015,0.0,-2321000000.0,2015-12-31,2016-07-27
6505,GRUPO CASAS BAHIA S.A.,713000000.0,0.0,19819000000.0,-95000000.0,3939000000.0,17527000000.0,4030000000.0,-269000000.0,2016,0.0,-91000000.0,2016-12-31,2017-02-23
6505,GRUPO CASAS BAHIA S.A.,1042000000.0,0.0,25690000000.0,195000000.0,4199000000.0,19931000000.0,3559000000.0,70000000.0,2017,0.0,640000000.0,2017-12-31,2018-02-19
6505,GRUPO CASAS BAHIA S.A.,353000000.0,0.0,26928000000.0,-267000000.0,4399000000.0,21056000000.0,3711000000.0,841000000.0,2018,0.0,688000000.0,2018-12-31,2019-02-20
6505,GRUPO CASAS BAHIA S.A.,-1042000000.0,0.0,25655000000.0,-1433000000.0,5901000000.0,24424000000.0,1364000000.0,-2196000000.0,2019,0.0,4537000000.0,2019-12-31,2020-03-26
6505,GRUPO CASAS BAHIA S.A.,1619000000.0,0.0,28901000000.0,1004000000.0,9096000000.0,33056000000.0,2984000000.0,-4221000000.0,2020,0.0,6112000000.0,2020-12-31,2021-03-02
6505,GRUPO CASAS BAHIA S.A.,-343000000.0,0.0,30899000000.0,-297000000.0,9422000000.0,35340000000.0,1781000000.0,1118000000.0,2021,0.0,7641000000.0,2021-12-31,2022-03-09
6505,GRUPO CASAS BAHIA S.A.,1161000000.0,0.0,30898000000.0,-342000000.0,9378000000.0,35574000000.0,2019000000.0,3079000000.0,2022,0.0,7359000000.0,2022-12-31,2023-03-09
6505,GRUPO CASAS BAHIA S.A.,-1161000000.0,0.0,28847000000.0,-2625000000.0,8959000000.0,31996000000.0,2573000000.0,4024000000.0,2023,0.0,6386000000.0,2023-12-31,2024-03-25
6505,GRUPO CASAS BAHIA S.A.,510000000.0,-2658000000.0,27206000000.0,-1045000000.0,9446000000.0,33889000000.0,2131000000.0,10643000000.0,2024,2658000000.0,7315000000.0,2024-12-31,2025-03-12
6505,GRUPO CASAS BAHIA S.A.,1343000000.0,-4226000000.0,29197000000.0,-2988000000.0,6298000000.0,33638000000.0,1225000000.0,15129000000.0,2025,4226000000.0,5073000000.0,2025-12-31,2026-03-12
25011,GRUPO DE MODA SOMA S.A.,149339000.0,-61482000.0,1304114000.0,126835000.0,362902000.0,1255854000.0,27831000.0,108008000.0,2019,61482000.0,335071000.0,2019-12-31,2020-07-08
25011,GRUPO DE MODA SOMA S.A.,-84764000.0,-143265000.0,1243767000.0,-69716000.0,422798000.0,2302486000.0,706771000.0,-115393000.0,2020,143265000.0,-283973000.0,2020-12-31,2021-04-06
25011,GRUPO DE MODA SOMA S.A.,199714000.0,-86634000.0,2791678000.0,299790000.0,1060001000.0,10008414000.0,224061000.0,-25932000.0,2021,86634000.0,835940000.0,2021-12-31,2022-03-17
25011,GRUPO DE MODA SOMA S.A.,446799000.0,-246237000.0,4870520000.0,335188000.0,1204276000.0,10638039000.0,337557000.0,423376000.0,2022,246237000.0,866719000.0,2022-12-31,2023-03-07
25011,GRUPO DE MODA SOMA S.A.,-2486218000.0,-329100000.0,5360547000.0,-1617129000.0,1759247000.0,9374458000.0,605740000.0,211261000.0,2023,329100000.0,1153507000.0,2023-12-31,2024-03-25
26166,GRUPO FARTURA DE HORTIFRUT S.A.,67035000.0,-39525000.0,1330781000.0,21693000.0,409389000.0,731581000.0,64187000.0,32782000.0,2019,39525000.0,345202000.0,2019-12-31,2020-10-21
26166,GRUPO FARTURA DE HORTIFRUT S.A.,101857000.0,-41588000.0,1779705000.0,43929000.0,643123000.0,1099351000.0,144843000.0,100223000.0,2020,41588000.0,498280000.0,2020-12-31,2021-05-07
26166,GRUPO FARTURA DE HORTIFRUT S.A.,79401000.0,-57545000.0,2016525000.0,20623000.0,1041186000.0,1505231000.0,276640000.0,86317000.0,2021,57545000.0,764546000.0,2021-12-31,2022-03-29
26166,GRUPO FARTURA DE HORTIFRUT S.A.,125129000.0,-183839000.0,2331187000.0,34452000.0,931271000.0,1463235000.0,52083000.0,123725000.0,2022,183839000.0,879188000.0,2022-12-31,2023-03-24
26166,GRUPO FARTURA DE HORTIFRUT S.A.,141914000.0,-144918000.0,2647090000.0,346025000.0,920145000.0,1845341000.0,94843000.0,247799000.0,2023,144918000.0,825302000.0,2023-12-31,2024-04-10
26166,GRUPO FARTURA DE HORTIFRUT S.A.,217810000.0,-245421000.0,2903190000.0,83043000.0,1431742000.0,2444107000.0,241419000.0,211017000.0,2024,245421000.0,1190323000.0,2024-12-31,2025-03-24
26166,GRUPO FARTURA DE HORTIFRUT S.A.,211060000.0,-257972000.0,3192356000.0,79117000.0,1257500000.0,2381160000.0,82213000.0,195378000.0,2025,257972000.0,1175287000.0,2025-12-31,2026-03-30
25186,GRUPO MATEUS S.A.,461424000.0,-183156000.0,8035545000.0,337695000.0,1290463000.0,4121336000.0,398263000.0,325750000.0,2019,183156000.0,892200000.0,2019-12-31,2020-09-18
25186,GRUPO MATEUS S.A.,869685000.0,-228623000.0,12397038000.0,726269000.0,1182967000.0,8198711000.0,2112385000.0,-234159000.0,2020,228623000.0,-929418000.0,2020-12-31,2021-03-24
25186,GRUPO MATEUS S.A.,916167000.0,-269880000.0,15876857000.0,768791000.0,1994042000.0,9954991000.0,877255000.0,-104260000.0,2021,269880000.0,1116787000.0,2021-12-31,2022-03-10
25186,GRUPO MATEUS S.A.,1365284000.0,-460636000.0,21768477000.0,1064795000.0,3168388000.0,13263938000.0,1795647000.0,977778000.0,2022,460636000.0,1372741000.0,2022-12-31,2023-11-10
25186,GRUPO MATEUS S.A.,1682611000.0,-647320000.0,26773586000.0,1234638000.0,3742552000.0,16357296000.0,1289138000.0,954378000.0,2023,647320000.0,2453414000.0,2023-12-31,2024-03-06
25186,GRUPO MATEUS S.A.,2090814000.0,-839256000.0,32085428000.0,1334894000.0,2273858000.0,18959322000.0,1664167000.0,1460996000.0,2024,839256000.0,609691000.0,2024-12-31,2026-01-23
25186,GRUPO MATEUS S.A.,2260989000.0,-1227579000.0,38424403000.0,1857293000.0,2861105000.0,24352014000.0,1801712000.0,1959633000.0,2025,1227579000.0,1059393000.0,2025-12-31,2026-03-18
26034,GRUPO MULTI S.A.,524842000.0,-135627000.0,3077116000.0,444302000.0,705746000.0,4687365000.0,452453000.0,-14612000.0,2020,135627000.0,253293000.0,2020-12-31,2021-07-15
26034,GRUPO MULTI S.A.,778478000.0,-300017000.0,4846652000.0,774715000.0,997313000.0,6679387000.0,1359722000.0,-855744000.0,2021,300017000.0,-362409000.0,2021-12-31,2022-03-24
26034,GRUPO MULTILASER S.A.,185335000.0,-351070000.0,4383845000.0,89967000.0,1210001000.0,6877963000.0,663125000.0,-552902000.0,2022,351070000.0,546876000.0,2022-12-31,2023-03-28
26034,GRUPO MULTILASER S.A.,-726392000.0,-380537000.0,3499079000.0,-836178000.0,820232000.0,5458038000.0,1045987000.0,909247000.0,2023,380537000.0,-225755000.0,2023-12-31,2024-03-27
26034,GRUPO MULTILASER S.A.,-20506000.0,-555425000.0,3388498000.0,-321233000.0,647803000.0,5308700000.0,744553000.0,65845000.0,2024,555425000.0,-96750000.0,2024-12-31,2025-03-26
26034,GRUPO MULTILASER S.A.,106488000.0,-63801000.0,3923762000.0,121899000.0,490034000.0,5253490000.0,656538000.0,75272000.0,2025,63801000.0,-166504000.0,2025-12-31,2026-03-25
27820,GRUPO SALTA EDUCAÇÃO S.A.,335935000.0,-440355000.0,2204231000.0,76384000.0,1530620000.0,4282186000.0,176168000.0,278423000.0,2024,440355000.0,1354452000.0,2024-12-31,2025-02-26
27820,GRUPO SALTA EDUCAÇÃO S.A.,469888000.0,-492054000.0,2791597000.0,121025000.0,2033606000.0,5107724000.0,94696000.0,417542000.0,2025,492054000.0,1938910000.0,2025-12-31,2026-02-24
24694,GRUPO SBF S.A.,179947000.0,-152722000.0,2275057000.0,148748000.0,358625000.0,1798300000.0,23118000.0,198304000.0,2018,152722000.0,335507000.0,2018-12-31,2019-03-25
24694,GRUPO SBF S.A.,468691000.0,-279176000.0,2545422000.0,309727000.0,34590000.0,3933727000.0,105308000.0,-123368000.0,2019,279176000.0,-70718000.0,2019-12-31,2020-03-27
24694,GRUPO SBF S.A.,-72779000.0,-231505000.0,2406863000.0,-112805000.0,1800456000.0,6193860000.0,514295000.0,-508831000.0,2020,231505000.0,1286161000.0,2020-12-31,2021-03-30
24694,GRUPO SBF S.A.,402375000.0,-377145000.0,5110462000.0,497831000.0,2118878000.0,7146492000.0,549347000.0,407081000.0,2021,377145000.0,1569531000.0,2021-12-31,2022-03-29
24694,GRUPO SBF S.A.,401836000.0,-438064000.0,6260707000.0,204602000.0,2491732000.0,8470247000.0,418311000.0,138103000.0,2022,438064000.0,2073421000.0,2022-12-31,2023-03-02
24694,GRUPO SBF S.A.,530827000.0,-590365000.0,6988671000.0,168812000.0,3008466000.0,8614447000.0,875914000.0,625410000.0,2023,590365000.0,2132552000.0,2023-12-31,2024-03-18
24694,GRUPO SBF S.A.,612094000.0,-285555000.0,7151714000.0,535834000.0,2917310000.0,8945967000.0,996713000.0,1069935000.0,2024,285555000.0,1920597000.0,2024-12-31,2025-03-19
24694,GRUPO SBF S.A.,528561000.0,-517259000.0,7736413000.0,327970000.0,2937837000.0,9522546000.0,679969000.0,641706000.0,2025,517259000.0,2257868000.0,2025-12-31,2026-03-09
25461,GRUPO TOKY S.A.,-77603000.0,-31928000.0,721391000.0,-84809000.0,190621000.0,999039000.0,271532000.0,-339592000.0,2021,31928000.0,-80911000.0,2021-12-31,2022-03-30
25461,GRUPO TOKY S.A. - EM RECUPERAÇÃO JUDICIAL,-96115000.0,-40750000.0,637059000.0,-89838000.0,175835000.0,906980000.0,236323000.0,13135000.0,2022,40750000.0,-60488000.0,2022-12-31,2023-03-28
25461,GRUPO TOKY S.A. - EM RECUPERAÇÃO JUDICIAL,-86496000.0,-48866000.0,541944000.0,-85145000.0,36042000.0,798796000.0,152632000.0,-82653000.0,2023,48866000.0,-116590000.0,2023-12-31,2024-03-25
25461,GRUPO TOKY S.A. - EM RECUPERAÇÃO JUDICIAL,-117951000.0,-75194000.0,811197000.0,-164081000.0,357833000.0,2031024000.0,23036000.0,-51005000.0,2024,75194000.0,334797000.0,2024-12-31,2025-03-31
25461,GRUPO TOKY S.A. - EM RECUPERAÇÃO JUDICIAL,6158000.0,-242045000.0,1445029000.0,-146886000.0,507358000.0,1834292000.0,30718000.0,119940000.0,2025,242045000.0,476640000.0,2025-12-31,2026-06-01
26603,GSH CORP PARTICIPAÇÕES S.A.,31117000.0,-65000.0,63015000.0,29257000.0,0.0,33471000.0,2699000.0,23697000.0,2020,65000.0,-2699000.0,2020-12-31,2021-11-17
26603,GSH CORP PARTICIPAÇÕES S.A.,38933000.0,-11931000.0,182997000.0,23401000.0,437316000.0,646329000.0,91252000.0,25738000.0,2021,11931000.0,346064000.0,2021-12-31,2022-03-28
26603,GSH CORP PARTICIPAÇÕES S.A.,77188000.0,-73136000.0,476358000.0,10398000.0,514641000.0,732673000.0,123006000.0,6448000.0,2022,73136000.0,391635000.0,2022-12-31,2023-03-16
26603,GSH CORP PARTICIPAÇÕES S.A.,95670000.0,-94747000.0,531340000.0,13263000.0,619448000.0,902026000.0,168568000.0,12976000.0,2023,94747000.0,450880000.0,2023-12-31,2024-03-14
26603,GSH CORP PARTICIPAÇÕES S.A.,95565000.0,-108198000.0,674538000.0,12059000.0,792150000.0,1175054000.0,273672000.0,20213000.0,2024,108198000.0,518478000.0,2024-12-31,2025-03-18
26603,GSH CORP PARTICIPAÇÕES S.A.,77258000.0,-147655000.0,719786000.0,-29997000.0,829691000.0,1149586000.0,190977000.0,30017000.0,2025,147655000.0,638714000.0,2025-12-31,2026-03-26
4669,GUARARAPES CONFECCOES S.A.,571803000.0,-77648000.0,4069090000.0,420584000.0,577330000.0,4758289000.0,232914000.0,456347000.0,2013,77648000.0,344416000.0,2013-12-31,2014-02-17
4669,GUARARAPES CONFECCOES S.A.,632634000.0,-100274000.0,4728129000.0,480110000.0,1002858000.0,5941264000.0,358993000.0,190438000.0,2014,100274000.0,643865000.0,2014-12-31,2015-03-02
4669,GUARARAPES CONFECCOES S.A.,474053000.0,-307047000.0,5507306000.0,350215000.0,1418077000.0,7032835000.0,367355000.0,345864000.0,2015,307047000.0,1050722000.0,2015-12-31,2016-02-24
4669,GUARARAPES CONFECCOES S.A.,403633000.0,-359226000.0,5921650000.0,317551000.0,1590642000.0,7720762000.0,616363000.0,417426000.0,2016,359226000.0,974279000.0,2016-12-31,2017-03-15
4669,GUARARAPES CONFECCOES S.A.,888624000.0,-237064000.0,6444659000.0,570327000.0,1299686000.0,7981777000.0,410287000.0,451498000.0,2017,237064000.0,889399000.0,2017-12-31,2018-02-26
4669,GUARARAPES CONFECCOES S.A.,1410090000.0,-167245000.0,7192596000.0,1235674000.0,2142984000.0,10472148000.0,766719000.0,278743000.0,2018,167245000.0,1376265000.0,2018-12-31,2019-03-26
4669,GUARARAPES CONFECCOES S.A.,807543000.0,-289589000.0,7808044000.0,592651000.0,2825498000.0,12602523000.0,943009000.0,595765000.0,2019,289589000.0,1882489000.0,2019-12-31,2020-02-17
4669,GUARARAPES CONFECCOES S.A.,-31417000.0,-279361000.0,6245372000.0,-27154000.0,4085296000.0,13826592000.0,2921946000.0,1390431000.0,2020,279361000.0,1163350000.0,2020-12-31,2021-03-15
4669,GUARARAPES CONFECCOES S.A.,411571000.0,-358863000.0,7221181000.0,453128000.0,3576867000.0,14478421000.0,1725775000.0,30439000.0,2021,358863000.0,1851092000.0,2021-12-31,2022-03-10
4669,GUARARAPES CONFECCOES S.A.,362542000.0,-660575000.0,8458663000.0,51980000.0,4083946000.0,15221939000.0,2044149000.0,1107540000.0,2022,660575000.0,2039797000.0,2022-12-31,2023-03-08
4669,GUARARAPES CONFECCOES S.A.,428035000.0,-738597000.0,8795386000.0,-34260000.0,3508856000.0,14272668000.0,1285983000.0,1327995000.0,2023,738597000.0,2222873000.0,2023-12-31,2024-03-06
4669,GUARARAPES CONFECCOES S.A.,761835000.0,-608029000.0,9634207000.0,235138000.0,1970996000.0,13633267000.0,1158206000.0,1505901000.0,2024,608029000.0,812790000.0,2024-12-31,2025-03-19
4669,GUARARAPES CONFECCOES S.A.,2375728000.0,-777707000.0,10497046000.0,1475168000.0,2463246000.0,14872670000.0,1415443000.0,922562000.0,2025,777707000.0,1047803000.0,2025-12-31,2026-02-11
26115,GUARARAPES PAINÉIS S.A.,300536000.0,-102688000.0,1601648000.0,163762000.0,1316548000.0,3455714000.0,589199000.0,,2022,102688000.0,727349000.0,2022-12-31,2023-03-21
13366,HAGA S.A. INDUSTRIA E COMERCIO,8539943.0,-4026949.0,30557202.0,2980352.0,52315939.0,41558683.0,9316.0,,2013,4026949.0,52306623.0,2013-12-31,2014-03-18
13366,HAGA S.A. INDUSTRIA E COMERCIO,6516622.0,-2904982.0,35906523.0,4980786.0,52450378.0,47457148.0,60511.0,,2014,2904982.0,52389867.0,2014-12-31,2015-03-24
13366,HAGA S.A. INDUSTRIA E COMERCIO,3566702.0,-2897018.0,29639628.0,3146460.0,52163549.0,51759369.0,108929.0,,2015,2897018.0,52054620.0,2015-12-31,2016-03-28
13366,HAGA S.A. INDUSTRIA E COMERCIO,2848916.0,-3518264.0,26475364.0,3270468.0,52369468.0,57554674.0,16096.0,,2016,3518264.0,52353372.0,2016-12-31,2017-03-22
13366,HAGA S.A. INDUSTRIA E COMERCIO,-928389.0,-3415453.0,24410448.0,-1405676.0,52619684.0,59214809.0,49137.0,,2017,3415453.0,52570547.0,2017-12-31,2018-03-19
13366,HAGA S.A. INDUSTRIA E COMERCIO,6876692.0,-3674737.0,22911397.0,5965588.0,43892958.0,58734878.0,24374.0,,2018,3674737.0,43868584.0,2018-12-31,2019-03-22
13366,HAGA S.A. INDUSTRIA E COMERCIO,4286861.0,-3196578.0,23551592.0,2504245.0,38494430.0,56244926.0,6883.0,,2019,3196578.0,38487547.0,2019-12-31,2020-03-20
13366,HAGA S.A. INDUSTRIA E COMERCIO,7522592.0,-2166827.0,29814860.0,5577962.0,32809998.0,59702003.0,30657.0,,2020,2166827.0,32779341.0,2020-12-31,2021-03-22
13366,HAGA S.A. INDUSTRIA E COMERCIO,9084296.0,-1774713.0,41634000.0,8022131.0,26745976.0,60349453.0,612906.0,,2021,1774713.0,26133070.0,2021-12-31,2022-03-23
13366,HAGA S.A. INDUSTRIA E COMERCIO,4433995.0,-2412794.0,28178330.0,5545845.0,20754086.0,59270565.0,3605.0,,2022,2412794.0,20750481.0,2022-12-31,2023-03-23
13366,HAGA S.A. INDUSTRIA E COMERCIO,1092051.0,-2462398.0,28764252.0,2484364.0,20754086.0,61698275.0,22722.0,,2023,2462398.0,20731364.0,2023-12-31,2024-03-18
13366,HAGA S.A. INDUSTRIA E COMERCIO,-786210.0,-2390140.0,29529985.0,2563841.0,20754086.0,65364391.0,28104.0,,2024,2390140.0,20725982.0,2024-12-31,2025-03-19
13366,HAGA S.A. INDUSTRIA E COMERCIO,-974903.0,-2954289.0,28473425.0,2144306.0,20754086.0,70200033.0,17413.0,,2025,2954289.0,20736673.0,2025-12-31,2026-03-25
24392,HAPVIDA PARTICIPAÇÕES E INVESTIMENTOS S.A.,783452000.0,-27767000.0,3847981000.0,650598000.0,0.0,2614945000.0,104209000.0,618548000.0,2017,27767000.0,-104209000.0,2017-12-31,2018-04-24
24392,HAPVIDA PARTICIPAÇÕES E INVESTIMENTOS S.A.,870515000.0,-41269000.0,4575898000.0,788334000.0,0.0,4876674000.0,185484000.0,516696000.0,2018,41269000.0,-185484000.0,2018-12-31,2019-03-14
24392,HAPVIDA PARTICIPAÇÕES E INVESTIMENTOS S.A.,1033476000.0,-214585000.0,5634383000.0,851846000.0,2111993000.0,12453686000.0,224229000.0,656779000.0,2019,214585000.0,1887764000.0,2019-12-31,2020-03-26
24392,HAPVIDA PARTICIPAÇÕES E INVESTIMENTOS S.A.,1267137000.0,-286702000.0,8554961000.0,785299000.0,2077227000.0,13519719000.0,143212000.0,1325635000.0,2020,286702000.0,1934015000.0,2020-12-31,2021-03-23
24392,HAPVIDA PARTICIPAÇÕES E INVESTIMENTOS S.A.,543270000.0,-358005000.0,9883385000.0,500336000.0,5595931000.0,21034389000.0,347256000.0,212410000.0,2021,358005000.0,5248675000.0,2021-12-31,2022-03-23
24392,HAPVIDA PARTICIPAÇÕES E INVESTIMENTOS S.A.,-155867000.0,-2219479000.0,23748803000.0,-775839000.0,11717681000.0,73213730000.0,1267915000.0,971907000.0,2022,2219479000.0,10449766000.0,2022-12-31,2023-02-28
24392,HAPVIDA PARTICIPAÇÕES E INVESTIMENTOS S.A.,1171657000.0,-2902641000.0,27769790000.0,-757409000.0,11526414000.0,73186145000.0,1430144000.0,2334666000.0,2023,2902641000.0,10096270000.0,2023-12-31,2024-05-13
24392,HAPVIDA PARTICIPAÇÕES E INVESTIMENTOS S.A.,740991000.0,-2354964000.0,28914698000.0,-649376000.0,12754691000.0,73499646000.0,596753000.0,2726232000.0,2024,2354964000.0,12157938000.0,2024-12-31,2025-03-19
24392,HAPVIDA PARTICIPAÇÕES E INVESTIMENTOS S.A.,1456626000.0,-3420209000.0,31577240000.0,-142169000.0,12868220000.0,72289824000.0,875444000.0,2063160000.0,2025,3420209000.0,11992776000.0,2025-12-31,2026-03-18
25402,HBR REALTY EMPREENDIMENTOS IMOBILIÁRIOS S.A.,324213000.0,-54183000.0,67950000.0,278495000.0,729128000.0,2354425000.0,59765000.0,202433000.0,2019,54183000.0,669363000.0,2019-12-31,2020-12-15
25402,HBR REALTY EMPREENDIMENTOS IMOBILIÁRIOS S.A.,87438000.0,-75043000.0,77333000.0,-27397000.0,884348000.0,2613689000.0,99051000.0,114730000.0,2020,75043000.0,785297000.0,2020-12-31,2021-03-29
25402,HBR REALTY EMPREENDIMENTOS IMOBILIÁRIOS S.A.,309540000.0,-123436000.0,87902000.0,180479000.0,1067774000.0,3768362000.0,50645000.0,236323000.0,2021,123436000.0,1017129000.0,2021-12-31,2022-03-28
25402,HBR REALTY EMPREENDIMENTOS IMOBILIÁRIOS S.A.,224579000.0,-121745000.0,140866000.0,120484000.0,1169849000.0,4281969000.0,43307000.0,164480000.0,2022,121745000.0,1126542000.0,2022-12-31,2023-03-29
25402,HBR REALTY EMPREENDIMENTOS IMOBILIÁRIOS S.A.,433657000.0,-127192000.0,153382000.0,267216000.0,1246193000.0,4689030000.0,20876000.0,-166673000.0,2023,127192000.0,1225317000.0,2023-12-31,2024-02-29
25402,HBR REALTY EMPREENDIMENTOS IMOBILIÁRIOS S.A.,281927000.0,-149648000.0,162982000.0,135524000.0,1526458000.0,5090774000.0,27239000.0,-105125000.0,2024,149648000.0,1499219000.0,2024-12-31,2025-03-11
25402,HBR REALTY EMPREENDIMENTOS IMOBILIÁRIOS S.A.,337664000.0,-205012000.0,532608000.0,96823000.0,1683435000.0,5089275000.0,19580000.0,119770000.0,2025,205012000.0,1663855000.0,2025-12-31,2026-03-05
20877,HELBOR EMPREENDIMENTOS S.A.,456041000.0,-33683000.0,1944809000.0,304121000.0,1335510000.0,4903990000.0,326961000.0,-15913000.0,2013,33683000.0,1008549000.0,2013-12-31,2014-03-18
20877,HELBOR EMPREENDIMENTOS S.A.,312230000.0,-47949000.0,1845730000.0,210757000.0,1453836000.0,5052055000.0,235917000.0,128375000.0,2014,47949000.0,1217919000.0,2014-12-31,2015-03-24
20877,HELBOR EMPREENDIMENTOS S.A.,110704000.0,-65132000.0,1307399000.0,68873000.0,1967678000.0,5083155000.0,136404000.0,-369654000.0,2015,65132000.0,1831274000.0,2015-12-31,2016-03-30
20877,HELBOR EMPREENDIMENTOS S.A.,-65857000.0,-103765000.0,901954000.0,-103207000.0,2171221000.0,5359180000.0,78535000.0,-224514000.0,2016,103765000.0,2092686000.0,2016-12-31,2017-04-06
20877,HELBOR EMPREENDIMENTOS S.A.,-248799000.0,-148130000.0,518142000.0,-309123000.0,2050969000.0,4968060000.0,151440000.0,8119000.0,2017,148130000.0,1899529000.0,2017-12-31,2018-03-28
20877,HELBOR EMPREENDIMENTOS S.A.,-309069000.0,-174025000.0,633604000.0,-340931000.0,1819327000.0,4138007000.0,60337000.0,203025000.0,2018,174025000.0,1758990000.0,2018-12-31,2019-03-29
20877,HELBOR EMPREENDIMENTOS S.A.,13011000.0,-129835000.0,1290899000.0,-104194000.0,1501888000.0,4627984000.0,194196000.0,127001000.0,2019,129835000.0,1307692000.0,2019-12-31,2020-03-31
20877,HELBOR EMPREENDIMENTOS S.A.,53140000.0,-54706000.0,973821000.0,61954000.0,1429171000.0,4354640000.0,115886000.0,-69711000.0,2020,54706000.0,1313285000.0,2020-12-31,2021-04-08
20877,HELBOR EMPREENDIMENTOS S.A.,150708000.0,-63440000.0,948003000.0,144899000.0,1294765000.0,4306710000.0,136313000.0,207043000.0,2021,63440000.0,1158452000.0,2021-12-31,2022-03-29
20877,HELBOR EMPREENDIMENTOS S.A.,147284000.0,-80667000.0,906437000.0,107741000.0,1815950000.0,5197531000.0,153144000.0,-570969000.0,2022,80667000.0,1662806000.0,2022-12-31,2023-03-28
20877,HELBOR EMPREENDIMENTOS S.A.,227405000.0,-70566000.0,1276089000.0,172841000.0,1923308000.0,6080884000.0,128866000.0,98514000.0,2023,70566000.0,1794442000.0,2023-12-31,2024-03-28
20877,HELBOR EMPREENDIMENTOS S.A.,240003000.0,-99894000.0,1270376000.0,163020000.0,1991678000.0,6697413000.0,226566000.0,526896000.0,2024,99894000.0,1765112000.0,2024-12-31,2025-03-20
20877,HELBOR EMPREENDIMENTOS S.A.,124951000.0,-66511000.0,1128462000.0,92028000.0,1864811000.0,6568047000.0,110290000.0,30739000.0,2025,66511000.0,1754521000.0,2025-12-31,2026-03-24
22675,HIDROVIAS DO BRASIL S.A.,-31119000.0,0.0,3088000.0,-28963000.0,199533000.0,731645000.0,83070000.0,9019000.0,2013,0.0,116463000.0,2013-12-31,2014-03-07
22675,HIDROVIAS DO BRASIL S.A.,-26708000.0,-20902000.0,75429000.0,-16293000.0,637028000.0,1450754000.0,97767000.0,-43406000.0,2014,20902000.0,539261000.0,2014-12-31,2015-03-24
22675,HIDROVIAS DO BRASIL S.A.,-28645000.0,-104551000.0,196223000.0,-60064000.0,1566489000.0,2906031000.0,108037000.0,-24930000.0,2015,104551000.0,1458452000.0,2015-12-31,2016-03-28
22675,HIDROVIAS DO BRASIL S.A.,70275000.0,-185490000.0,392599000.0,-88901000.0,2052598000.0,3680118000.0,95182000.0,-32197000.0,2016,185490000.0,1957416000.0,2016-12-31,2017-12-22
22675,HIDROVIAS DO BRASIL S.A.,249232000.0,-286972000.0,790572000.0,11693000.0,2135022000.0,3686204000.0,83868000.0,261815000.0,2017,286972000.0,2051154000.0,2017-12-31,2018-04-02
22675,HIDROVIAS DO BRASIL S.A.,569783000.0,-454995000.0,1258130000.0,162116000.0,2941146000.0,4771546000.0,135667000.0,203658000.0,2018,454995000.0,2805479000.0,2018-12-31,2019-04-13
22675,HIDROVIAS DO BRASIL S.A.,264683000.0,-203637000.0,937945000.0,58609000.0,3023284000.0,4717665000.0,45166000.0,126689000.0,2019,203637000.0,2978118000.0,2019-12-31,2020-02-19
22675,HIDROVIAS DO BRASIL S.A.,202661000.0,-305447000.0,1462103000.0,-105545000.0,3961654000.0,5714497000.0,214848000.0,238432000.0,2020,305447000.0,3746806000.0,2020-12-31,2021-03-15
22675,HIDROVIAS DO BRASIL S.A.,85624000.0,-423411000.0,1115417000.0,-343132000.0,4937257000.0,6517530000.0,76454000.0,47731000.0,2021,423411000.0,4860803000.0,2021-12-31,2022-03-23
22675,HIDROVIAS DO BRASIL S.A.,317192000.0,-407117000.0,1767900000.0,-8163000.0,4550256000.0,6363529000.0,401545000.0,514575000.0,2022,407117000.0,4148711000.0,2022-12-31,2023-03-21
22675,HIDROVIAS DO BRASIL S.A.,390301000.0,-706425000.0,1924350000.0,17599000.0,4296315000.0,6249047000.0,663919000.0,441616000.0,2023,706425000.0,3632396000.0,2023-12-31,2024-03-20
22675,HIDROVIAS DO BRASIL S.A.,-369475000.0,-754069000.0,1352406000.0,-621699000.0,5119667000.0,7166688000.0,988450000.0,121882000.0,2024,754069000.0,4131217000.0,2024-12-31,2025-02-24
22675,HIDROVIAS DO BRASIL S.A.,570343000.0,-800235000.0,2241099000.0,-140918000.0,3728137000.0,6487308000.0,1083247000.0,1055645000.0,2025,800235000.0,2644890000.0,2025-12-31,2026-03-02
27880,HIGHLINE BRASIL II INFRAESTRUTURA DE TELECOMUNICAÇÕES S.A.,195071000.0,-504115000.0,588420000.0,-221636000.0,3482742000.0,5687315000.0,5556000.0,,2024,504115000.0,3477186000.0,2024-12-31,2025-05-14
27880,HIGHLINE BRASIL II INFRAESTRUTURA DE TELECOMUNICAÇÕES S.A.,213053000.0,-706394000.0,639075000.0,-280300000.0,3606676000.0,5594376000.0,81120000.0,,2025,706394000.0,3525556000.0,2025-12-31,2026-04-06
25674,HMOBI PARTICIPAÇÕES S.A.,127500000.0,-61079000.0,141222000.0,75937000.0,2134327000.0,4331261000.0,47503000.0,48861000.0,2021,61079000.0,2086824000.0,2021-12-31,2023-11-21
25674,HMOBI PARTICIPAÇÕES S.A.,552441000.0,-307005000.0,980573000.0,336335000.0,2191193000.0,5039228000.0,216053000.0,731488000.0,2022,307005000.0,1975140000.0,2022-12-31,2023-11-13
25674,HMOBI PARTICIPAÇÕES S.A.,342153000.0,-300383000.0,1178733000.0,88520000.0,2278711000.0,5015241000.0,276950000.0,633450000.0,2023,300383000.0,2001761000.0,2023-12-31,2024-08-13
25674,HMOBI PARTICIPAÇÕES S.A.,572198000.0,-293851000.0,1171317000.0,377582000.0,2148816000.0,5193841000.0,361914000.0,560006000.0,2024,293851000.0,1786902000.0,2024-12-31,2025-03-28
25674,HMOBI PARTICIPAÇÕES S.A.,427233000.0,-425300000.0,1254247000.0,-23103000.0,2606543000.0,5582746000.0,808661000.0,720526000.0,2025,425300000.0,1797882000.0,2025-12-31,2026-03-26
26565,HOLDING DO ARAGUAIA S.A.,-12546000.0,-14778000.0,19493000.0,-13658000.0,1390070000.0,3092672000.0,403630000.0,11582000.0,2021,14778000.0,986440000.0,2021-12-31,2022-03-14
26565,HOLDING DO ARAGUAIA S.A.,2415000.0,-74125000.0,880689000.0,-33247000.0,2175992000.0,4031200000.0,165404000.0,81478000.0,2022,74125000.0,2010588000.0,2022-12-31,2023-03-16
26565,HOLDING DO ARAGUAIA S.A.,286190000.0,-155832000.0,888044000.0,77337000.0,2742540000.0,4942893000.0,345771000.0,333526000.0,2023,155832000.0,2396769000.0,2023-12-31,2024-03-13
26565,HOLDING DO ARAGUAIA S.A.,293087000.0,-253259000.0,937565000.0,26726000.0,3124521000.0,5553337000.0,186038000.0,310774000.0,2024,253259000.0,2938483000.0,2024-12-31,2025-03-18
26565,HOLDING DO ARAGUAIA S.A.,268671000.0,-330097000.0,816591000.0,-54379000.0,3481409000.0,6205521000.0,85660000.0,388638000.0,2025,330097000.0,3395749000.0,2025-12-31,2026-03-17
26689,HOLDING VERZANI E SANDRINI S.A.,37276000.0,-69014000.0,1754265000.0,3729000.0,331469000.0,990693000.0,212417000.0,24723000.0,2020,69014000.0,119052000.0,2020-12-31,2021-10-18
26689,HOLDING VERZANI E SANDRINI S.A.,35824000.0,-64638000.0,2249611000.0,-5534000.0,727840000.0,1680960000.0,474028000.0,55754000.0,2021,64638000.0,253812000.0,2021-12-31,2022-03-31
26468,HOSPITAL ANCHIETA S.A.,109456000.0,-194256000.0,562022000.0,-51106000.0,741391000.0,2100256000.0,23319000.0,339075000.0,2022,194256000.0,718072000.0,2022-12-31,2023-03-28
26468,HOSPITAL ANCHIETA S.A.,81105000.0,-164925000.0,560733000.0,-75431000.0,786712000.0,2109713000.0,43868000.0,-9000000.0,2023,164925000.0,742844000.0,2023-12-31,2024-03-20
26468,HOSPITAL ANCHIETA S.A.,50787000.0,-170517000.0,544840000.0,-87206000.0,69920000.0,2045973000.0,31255000.0,701379000.0,2024,170517000.0,38665000.0,2024-12-31,2025-03-31
26468,HOSPITAL ANCHIETA S.A.,51477000.0,-245169000.0,579693000.0,-90992000.0,91743000.0,2179953000.0,49703000.0,42262000.0,2025,245169000.0,42040000.0,2025-12-31,2026-04-13
25771,HOSPITAL CARE CALEDONIA S.A.,69555000.0,-33271000.0,983750000.0,12097000.0,400328000.0,1537691000.0,114713000.0,-22926000.0,2020,33271000.0,285615000.0,2020-12-31,2021-02-18
25771,HOSPITAL CARE CALEDONIA S.A.,126050000.0,-76907000.0,1616710000.0,79694000.0,769012000.0,2045146000.0,136898000.0,1883000.0,2021,76907000.0,632114000.0,2021-12-31,2022-06-07
25771,HOSPITAL CARE CALEDONIA S.A.,129992000.0,-168264000.0,2045924000.0,-41876000.0,1335370000.0,2636309000.0,300580000.0,-76056000.0,2022,168264000.0,1034790000.0,2022-12-31,2023-04-06
25771,HOSPITAL CARE CALEDONIA S.A.,65922000.0,-278753000.0,1975854000.0,-250826000.0,1311004000.0,2660274000.0,139944000.0,-222622000.0,2023,278753000.0,1171060000.0,2023-12-31,2024-04-22
25771,HOSPITAL CARE CALEDONIA S.A.,137338000.0,-289335000.0,2097792000.0,-179712000.0,1432719000.0,2798383000.0,266052000.0,53335000.0,2024,289335000.0,1166667000.0,2024-12-31,2025-08-09
25771,HOSPITAL CARE CALEDONIA S.A.,103575000.0,-386105000.0,2023545000.0,-258074000.0,1417050000.0,2940640000.0,96668000.0,-27477000.0,2025,386105000.0,1320382000.0,2025-12-31,2026-06-19
25690,HOSPITAL MATER DEI S.A.,242268000.0,-88662000.0,1024313000.0,146846000.0,1111308000.0,4090778000.0,1000200000.0,153207000.0,2021,88662000.0,111108000.0,2021-12-31,2022-03-29
25690,HOSPITAL MATER DEI S.A.,337902000.0,-242494000.0,1763132000.0,122687000.0,1203180000.0,4933164000.0,246414000.0,98322000.0,2022,242494000.0,956766000.0,2022-12-31,2023-03-24
25690,HOSPITAL MATER DEI S.A.,423609000.0,-274275000.0,2187665000.0,141247000.0,1254865000.0,5171451000.0,227302000.0,157209000.0,2023,274275000.0,1027563000.0,2023-12-31,2024-03-28
25690,HOSPITAL MATER DEI S.A.,-335847000.0,-252379000.0,2226001000.0,-323904000.0,1422921000.0,4340852000.0,622581000.0,132434000.0,2024,252379000.0,800340000.0,2024-12-31,2025-03-19
25690,HOSPITAL MATER DEI S.A.,353725000.0,-302268000.0,2175285000.0,111916000.0,1402454000.0,4312889000.0,599130000.0,224333000.0,2025,302268000.0,803324000.0,2025-12-31,2026-03-23
6700,HOTEIS OTHON S.A. - EM RECUPERAÇÃO JUDICIAL,117336000.0,-33777000.0,174236000.0,112193000.0,8264000.0,537959000.0,3845000.0,16998000.0,2013,33777000.0,4419000.0,2013-12-31,2014-03-28
6700,HOTEIS OTHON S.A. - EM RECUPERAÇÃO JUDICIAL,24438000.0,-37471000.0,169704000.0,-832000.0,12903000.0,549646000.0,4248000.0,13029000.0,2014,37471000.0,8655000.0,2014-12-31,2015-03-31
6700,HOTEIS OTHON S.A. - EM RECUPERAÇÃO JUDICIAL,675000.0,-46446000.0,144730000.0,-23818000.0,13583000.0,572730000.0,4490000.0,12866000.0,2015,46446000.0,9093000.0,2015-12-31,2016-03-30
6700,HOTEIS OTHON S.A. - EM RECUPERAÇÃO JUDICIAL,27984000.0,-47862000.0,143684000.0,-4223000.0,11712000.0,576959000.0,140000.0,8322000.0,2016,47862000.0,11572000.0,2016-12-31,2017-03-28
6700,HOTEIS OTHON S.A. - EM RECUPERAÇÃO JUDICIAL,-15609000.0,-36169000.0,117447000.0,-40115000.0,7688000.0,540448000.0,213000.0,9006000.0,2017,36169000.0,7475000.0,2017-12-31,2018-03-28
6700,HOTEIS OTHON S.A. - EM RECUPERAÇÃO JUDICIAL,-35686000.0,-61301000.0,78537000.0,-94476000.0,4915000.0,482489000.0,674000.0,648000.0,2018,61301000.0,4241000.0,2018-12-31,2019-03-29
6700,HOTEIS OTHON S.A. - EM RECUPERAÇÃO JUDICIAL,-106619000.0,-53692000.0,90970000.0,-136631000.0,2043000.0,477632000.0,2837000.0,6897000.0,2019,53692000.0,-794000.0,2019-12-31,2020-03-24
6700,HOTEIS OTHON S.A. - EM RECUPERAÇÃO JUDICIAL,-68705000.0,-34474000.0,36157000.0,-90774000.0,1217000.0,461966000.0,1706000.0,-11817000.0,2020,34474000.0,-489000.0,2020-12-31,2021-03-31
6700,HOTEIS OTHON S.A. - EM RECUPERAÇÃO JUDICIAL,-29334000.0,-45382000.0,46123000.0,-39939000.0,1215000.0,455378000.0,7082000.0,-45719000.0,2021,45382000.0,-5867000.0,2021-12-31,2022-03-29
6700,HOTEIS OTHON S.A. - EM RECUPERAÇÃO JUDICIAL,226286000.0,-69549000.0,100439000.0,197694000.0,1005000.0,498056000.0,9864000.0,9112000.0,2022,69549000.0,-8859000.0,2022-12-31,2023-03-29
6700,HOTEIS OTHON S.A. - EM RECUPERAÇÃO JUDICIAL,180012000.0,-76405000.0,147768000.0,123511000.0,939000.0,512093000.0,6506000.0,-39793000.0,2023,76405000.0,-5567000.0,2023-12-31,2024-03-28
6700,HOTEIS OTHON S.A. - EM RECUPERAÇÃO JUDICIAL,132461000.0,-61959000.0,162733000.0,81134000.0,1022000.0,498883000.0,14453000.0,55940000.0,2024,61959000.0,-13431000.0,2024-12-31,2025-03-28
6700,HOTEIS OTHON S.A. - EM RECUPERAÇÃO JUDICIAL,76811000.0,-46721000.0,193088000.0,30596000.0,5000.0,528929000.0,45094000.0,80978000.0,2025,46721000.0,-45089000.0,2025-12-31,2026-03-24
25313,HOUSI S.A.,677000.0,-25000.0,1042000.0,1158000.0,3600000.0,55127000.0,60000.0,-44974000.0,2020,25000.0,3540000.0,2020-12-31,2021-03-31
25313,HOUSI S.A.,3021000.0,-736000.0,20864000.0,2285000.0,0.0,31480000.0,46000.0,-16086000.0,2021,736000.0,-46000.0,2021-12-31,2022-10-19
25933,HUMBERG AGRIBRASIL COMÉRCIO E EXPORTAÇÃO DE GRÃOS S.A.,47481000.0,-14308000.0,1368190000.0,23177000.0,63232000.0,263720000.0,104573000.0,60475000.0,2020,14308000.0,-41341000.0,2020-12-31,2021-08-18
25933,HUMBERG AGRIBRASIL COMÉRCIO E EXPORTAÇÃO DE GRÃOS S.A.,26014000.0,-13343000.0,2184137000.0,9121000.0,488969000.0,964182000.0,280230000.0,-237858000.0,2021,13343000.0,208739000.0,2021-12-31,2022-03-15
25933,HUMBERG AGRIBRASIL COMÉRCIO E EXPORTAÇÃO DE GRÃOS S.A.,146982000.0,-26217000.0,3993829000.0,118480000.0,454418000.0,1065410000.0,141603000.0,41036000.0,2022,26217000.0,312815000.0,2022-12-31,2023-04-13
25933,HUMBERG AGRIBRASIL COMÉRCIO E EXPORTAÇÃO DE GRÃOS S.A.,40503000.0,-59193000.0,2092686000.0,1206000.0,254856000.0,805059000.0,58725000.0,158428000.0,2023,59193000.0,196131000.0,2023-12-31,2024-03-26
25933,HUMBERG AGRIBRASIL COMÉRCIO E EXPORTAÇÃO DE GRÃOS S.A.,140400000.0,-107430000.0,2191955000.0,27342000.0,254428000.0,983320000.0,187310000.0,186153000.0,2024,107430000.0,67118000.0,2024-12-31,2025-03-31
21431,HYPERA S.A.,896556000.0,-740024000.0,4258740000.0,256722000.0,3908852000.0,12501987000.0,1158833000.0,665785000.0,2013,740024000.0,2750019000.0,2013-12-31,2014-03-19
21431,HYPERA S.A.,910087000.0,-596525000.0,4680348000.0,402695000.0,4804899000.0,13887691000.0,1829905000.0,664001000.0,2014,596525000.0,2974994000.0,2014-12-31,2015-02-06
21431,HYPERA S.A.,883861000.0,-715022000.0,2956649000.0,559872000.0,4921145000.0,15823430000.0,2756138000.0,323692000.0,2015,715022000.0,2165007000.0,2015-12-31,2016-02-26
21431,HYPERA S.A.,1068981000.0,-453814000.0,3288747000.0,1174574000.0,860158000.0,11485416000.0,1348008000.0,881756000.0,2016,453814000.0,-487850000.0,2016-12-31,2017-02-17
21431,HYPERA S.A.,1159996000.0,-113740000.0,3638458000.0,964942000.0,656329000.0,10130437000.0,1522135000.0,932612000.0,2017,113740000.0,-865806000.0,2017-12-31,2018-02-23
21431,HYPERA S.A.,1229774000.0,-85758000.0,3724309000.0,1129601000.0,564309000.0,10556983000.0,14573000.0,1066494000.0,2018,85758000.0,549736000.0,2018-12-31,2019-02-21
21431,HYPERA S.A.,1085674000.0,-81752000.0,3294749000.0,1164040000.0,1402605000.0,11919475000.0,2246436000.0,823882000.0,2019,81752000.0,-843831000.0,2019-12-31,2020-03-06
21431,HYPERA S.A.,1318884000.0,-221942000.0,4088871000.0,1295116000.0,5513049000.0,17249810000.0,4743298000.0,1183054000.0,2020,221942000.0,769751000.0,2020-12-31,2021-02-26
21431,HYPERA S.A.,1968001000.0,-445106000.0,5937373000.0,1330305000.0,7360987000.0,19817962000.0,2287062000.0,1399131000.0,2021,445106000.0,5073925000.0,2021-12-31,2022-02-24
21431,HYPERA S.A.,2482751000.0,-1122687000.0,7546355000.0,1698399000.0,9607559000.0,23755633000.0,2862473000.0,2038793000.0,2022,1122687000.0,6745086000.0,2022-12-31,2023-02-16
21431,HYPERA S.A.,2517811000.0,-1255941000.0,7914658000.0,1650550000.0,9937779000.0,24508751000.0,2580893000.0,2395993000.0,2023,1255941000.0,7356886000.0,2023-12-31,2024-03-13
21431,HYPERA S.A.,1819950000.0,-1112295000.0,7442466000.0,1330875000.0,9380041000.0,24559083000.0,1739327000.0,2539599000.0,2024,1112295000.0,7640714000.0,2024-12-31,2025-03-20
21431,HYPERA S.A.,1764276000.0,-1101540000.0,7699157000.0,1190132000.0,9311463000.0,25158004000.0,1645541000.0,2574431000.0,2025,1101540000.0,7665922000.0,2025-12-31,2026-03-12
27332,HÉLIO VALGAS SOLAR PARTICIPAÇÕES S.A.,31830000.0,-392973000.0,104006000.0,-30761000.0,1469004000.0,2920669000.0,5857000.0,56792000.0,2023,392973000.0,1463147000.0,2023-12-31,2024-03-26
27332,HÉLIO VALGAS SOLAR PARTICIPAÇÕES S.A.,90691000.0,-706420000.0,267762000.0,566366000.0,1485289000.0,3091125000.0,8614000.0,35295000.0,2024,706420000.0,1476675000.0,2024-12-31,2025-02-24
27332,HÉLIO VALGAS SOLAR PARTICIPAÇÕES S.A.,69502000.0,-788983000.0,329672000.0,-551996000.0,1486728000.0,2464749000.0,25160000.0,39379000.0,2025,788983000.0,1461568000.0,2025-12-31,2026-03-11
6815,IGB ELETRONICA S.A - EM RECUPERACAO JUDICIAL,-52111000.0,-45058000.0,3361000.0,-43551000.0,680412000.0,817903000.0,213000.0,-1000.0,2013,45058000.0,680199000.0,2013-12-31,2014-04-29
6815,IGB ELETRONICA S.A - EM RECUPERACAO JUDICIAL,34230000.0,-97417000.0,8342000.0,-55211000.0,709212000.0,207418000.0,222000.0,9000.0,2014,97417000.0,708990000.0,2014-12-31,2015-11-21
6815,IGB ELETRONICA S.A - EM RECUPERACAO JUDICIAL,-10935000.0,-72987000.0,8563000.0,-77405000.0,783520000.0,219172000.0,220000.0,-2000.0,2015,72987000.0,783300000.0,2015-12-31,2016-05-19
6815,IGB ELETRONICA S.A - EM RECUPERACAO JUDICIAL,-8397000.0,-105600000.0,8337000.0,-97456000.0,881215000.0,229278000.0,6024000.0,5804000.0,2016,105600000.0,875191000.0,2016-12-31,2017-03-30
6815,IGB ELETRONICA S.A - EM RECUPERACAO JUDICIAL,143961000.0,-107735000.0,4522000.0,44003000.0,807114000.0,243166000.0,11000.0,612000.0,2017,107735000.0,807103000.0,2017-12-31,2018-04-03
6815,IGB ELETRONICA S.A - EM RECUPERACAO JUDICIAL,-8947000.0,-73902000.0,4530000.0,-72113000.0,897242000.0,259368000.0,13000.0,1091000.0,2018,73902000.0,897229000.0,2018-12-31,2019-04-08
6815,IGB ELETRONICA S.A - EM RECUPERACAO JUDICIAL,-5856000.0,-49929000.0,5278000.0,-64510000.0,940086000.0,248981000.0,98000.0,-15000.0,2019,49929000.0,939988000.0,2019-12-31,2020-03-31
6815,IGB ELETRONICA S.A - EM RECUPERACAO JUDICIAL,-45965000.0,-29696000.0,5241000.0,-84814000.0,529092000.0,79697000.0,11708000.0,5490000.0,2020,29696000.0,517384000.0,2020-12-31,2021-07-05
6815,IGB ELETRONICA S.A - EM RECUPERACAO JUDICIAL,-41627000.0,-15156000.0,5501000.0,-54161000.0,352135000.0,115863000.0,2626000.0,-64849000.0,2021,15156000.0,349509000.0,2021-12-31,2022-05-20
23175,IGUA SANEAMENTO S.A.,48018000.0,-85781000.0,487104000.0,19624000.0,879804000.0,1366415000.0,17986000.0,-25213000.0,2013,85781000.0,861818000.0,2013-12-31,2014-03-31
23175,IGUA SANEAMENTO S.A.,131394000.0,-125565000.0,564568000.0,16954000.0,1151452000.0,1637121000.0,21239000.0,-112342000.0,2014,125565000.0,1130213000.0,2014-12-31,2015-03-27
23175,IGUA SANEAMENTO S.A.,74075000.0,-162905000.0,469874000.0,-66994000.0,1186518000.0,1605965000.0,39161000.0,48895000.0,2015,162905000.0,1147357000.0,2015-12-31,2016-03-29
23175,IGUA SANEAMENTO S.A.,48619000.0,-183631000.0,485009000.0,-83854000.0,1277395000.0,1628572000.0,52906000.0,95387000.0,2016,183631000.0,1224489000.0,2016-12-31,2017-09-05
23175,IGUA SANEAMENTO S.A.,191252000.0,-145472000.0,574184000.0,30253000.0,1111687000.0,1808290000.0,27830000.0,64270000.0,2017,145472000.0,1083857000.0,2017-12-31,2018-03-12
23175,IGUA SANEAMENTO S.A.,161613000.0,-142116000.0,744954000.0,17769000.0,1195974000.0,2190204000.0,124248000.0,153777000.0,2018,142116000.0,1071726000.0,2018-12-31,2019-04-17
23175,IGUA SANEAMENTO S.A.,192478000.0,-146671000.0,898502000.0,44724000.0,1338160000.0,2522778000.0,176790000.0,21877000.0,2019,146671000.0,1161370000.0,2019-12-31,2020-03-09
23175,IGUA SANEAMENTO S.A.,166892000.0,-174355000.0,757661000.0,-4705000.0,1773794000.0,2933780000.0,475012000.0,96768000.0,2020,174355000.0,1298782000.0,2020-12-31,2021-03-24
23175,IGUA SANEAMENTO S.A.,107291000.0,-400507000.0,1058152000.0,-47800000.0,5011158000.0,10833858000.0,557935000.0,58766000.0,2021,400507000.0,4453223000.0,2021-12-31,2022-03-31
23175,IGUA SANEAMENTO S.A.,217741000.0,-1154432000.0,2072156000.0,-611082000.0,6470985000.0,11607124000.0,769131000.0,272656000.0,2022,1154432000.0,5701854000.0,2022-12-31,2023-09-25
23175,IGUA SANEAMENTO S.A.,384282000.0,-1112232000.0,2343954000.0,-381658000.0,7147509000.0,12115071000.0,204575000.0,-670221000.0,2023,1112232000.0,6942934000.0,2023-12-31,2024-03-22
23175,IGUA SANEAMENTO S.A.,615368000.0,-1355380000.0,2623120000.0,-317312000.0,10920781000.0,19236755000.0,972657000.0,533488000.0,2024,1355380000.0,9948124000.0,2024-12-31,2025-03-26
23175,IGUA SANEAMENTO S.A.,631689000.0,-1783631000.0,3457971000.0,-625901000.0,12897928000.0,18000634000.0,241703000.0,-2311144000.0,2025,1783631000.0,12656225000.0,2025-12-31,2026-03-25
20494,IGUATEMI EMPRESA DE SHOPPING CENTERS S.A,288968000.0,-175876000.0,418869000.0,184285000.0,1972837000.0,4618823000.0,278236000.0,-27719000.0,2013,175876000.0,1694601000.0,2013-12-31,2014-04-03
20494,IGUATEMI EMPRESA DE SHOPPING CENTERS S.A,365571000.0,-221715000.0,577166000.0,230709000.0,2076366000.0,4910968000.0,238905000.0,181795000.0,2014,221715000.0,1837461000.0,2014-12-31,2015-03-19
20494,IGUATEMI EMPRESA DE SHOPPING CENTERS S.A,400958000.0,-255844000.0,636254000.0,193657000.0,2083200000.0,5057018000.0,130069000.0,325895000.0,2015,255844000.0,1953131000.0,2015-12-31,2016-03-08
20494,IGUATEMI EMPRESA DE SHOPPING CENTERS S.A,412975000.0,-293551000.0,668147000.0,164195000.0,2240046000.0,5230634000.0,184755000.0,358602000.0,2016,293551000.0,2055291000.0,2016-12-31,2017-02-21
20494,IGUATEMI EMPRESA DE SHOPPING CENTERS S.A,434226000.0,-225855000.0,692156000.0,218873000.0,2092436000.0,5062802000.0,50819000.0,341992000.0,2017,225855000.0,2041617000.0,2017-12-31,2018-02-27
20494,IGUATEMI EMPRESA DE SHOPPING CENTERS S.A,448883000.0,-168899000.0,721526000.0,260326000.0,2241319000.0,5290203000.0,24199000.0,407709000.0,2018,168899000.0,2217120000.0,2018-12-31,2019-02-26
20494,IGUATEMI EMPRESA DE SHOPPING CENTERS S.A,507773000.0,-165621000.0,754270000.0,314301000.0,2378812000.0,5628893000.0,46924000.0,402441000.0,2019,165621000.0,2331888000.0,2019-12-31,2020-02-18
20494,IGUATEMI EMPRESA DE SHOPPING CENTERS S.A,359034000.0,-153536000.0,675576000.0,202324000.0,3454530000.0,6860690000.0,27526000.0,138333000.0,2020,153536000.0,3427004000.0,2020-12-31,2021-03-04
20494,IGUATEMI EMPRESA DE SHOPPING CENTERS S.A,387218000.0,-271333000.0,856637000.0,344083000.0,3253794000.0,7137812000.0,38611000.0,244588000.0,2021,271333000.0,3215183000.0,2021-12-31,2022-04-14
20494,IGUATEMI EMPRESA DE SHOPPING CENTERS S.A,487516000.0,-762304000.0,996137000.0,-19216000.0,3065350000.0,6312386000.0,33863000.0,225608000.0,2022,762304000.0,3031487000.0,2022-12-31,2023-03-06
20494,IGUATEMI EMPRESA DE SHOPPING CENTERS S.A,596991000.0,-393033000.0,1039215000.0,310946000.0,2204017000.0,6144507000.0,48944000.0,407583000.0,2023,393033000.0,2155073000.0,2023-12-31,2024-02-20
20494,IGUATEMI EMPRESA DE SHOPPING CENTERS S.A,608661000.0,-307448000.0,1064876000.0,370706000.0,2287928000.0,6466894000.0,38535000.0,426583000.0,2024,307448000.0,2249393000.0,2024-12-31,2025-02-21
20494,IGUATEMI EMPRESA DE SHOPPING CENTERS S.A,879823000.0,-411680000.0,1188409000.0,569684000.0,2838745000.0,7628423000.0,30947000.0,325442000.0,2025,411680000.0,2807798000.0,2025-12-31,2026-02-24
8672,IGUATEMI S.A.,178652000.0,-202995000.0,419288000.0,78491000.0,2220498000.0,5768722000.0,279392000.0,-8595000.0,2013,202995000.0,1941106000.0,2013-12-31,2014-03-26
8672,IGUATEMI S.A.,-144778000.0,-318461000.0,577568000.0,-348168000.0,2335079000.0,5831708000.0,259126000.0,100231000.0,2014,318461000.0,2075953000.0,2014-12-31,2015-03-30
8672,IGUATEMI S.A.,-291172000.0,-347394000.0,636659000.0,-568545000.0,2364035000.0,5441706000.0,132883000.0,242945000.0,2015,347394000.0,2231152000.0,2015-12-31,2016-03-23
8672,IGUATEMI S.A.,361714000.0,-326798000.0,668710000.0,90501000.0,2364805000.0,5403744000.0,186472000.0,283641000.0,2016,326798000.0,2178333000.0,2016-12-31,2017-03-10
8672,IGUATEMI S.A.,403648000.0,-243534000.0,693235000.0,185306000.0,2185048000.0,5177295000.0,52785000.0,308111000.0,2017,243534000.0,2132263000.0,2017-12-31,2018-03-14
8672,IGUATEMI S.A.,435070000.0,-179649000.0,722606000.0,239664000.0,2329216000.0,5394908000.0,24301000.0,389229000.0,2018,179649000.0,2304915000.0,2018-12-31,2019-03-14
8672,IGUATEMI S.A.,482907000.0,-173297000.0,755353000.0,285588000.0,2466811000.0,5748047000.0,46977000.0,403155000.0,2019,173297000.0,2419834000.0,2019-12-31,2020-03-12
8672,IGUATEMI S.A.,334278000.0,-162501000.0,676664000.0,176080000.0,3574985000.0,7013831000.0,28613000.0,123548000.0,2020,162501000.0,3546372000.0,2020-12-31,2021-03-11
8672,IGUATEMI S.A.,341384000.0,-292268000.0,858064000.0,346205000.0,3423926000.0,7372804000.0,38930000.0,174439000.0,2021,292268000.0,3384996000.0,2021-12-31,2022-04-18
8672,IGUATEMI S.A.,494770000.0,-812530000.0,1016341000.0,12821000.0,3100412000.0,8048137000.0,52164000.0,192739000.0,2022,812530000.0,3048248000.0,2022-12-31,2023-02-28
8672,IGUATEMI S.A.,622131000.0,-473014000.0,1157163000.0,308934000.0,3367008000.0,7791679000.0,59473000.0,378103000.0,2023,473014000.0,3307535000.0,2023-12-31,2024-02-20
8672,IGUATEMI S.A.,720864000.0,-487811000.0,1236345000.0,399876000.0,3436199000.0,8503874000.0,49040000.0,447107000.0,2024,487811000.0,3387159000.0,2024-12-31,2025-02-18
8672,IGUATEMI S.A.,1122829000.0,-711840000.0,1486833000.0,582576000.0,3964050000.0,9497101000.0,36013000.0,328860000.0,2025,711840000.0,3928037000.0,2025-12-31,2026-02-24
22560,INBRANDS S.A.,109184000.0,-80558000.0,905939000.0,36925000.0,413382000.0,1064545000.0,42666000.0,-3907000.0,2013,80558000.0,370716000.0,2013-12-31,2014-02-21
22560,INBRANDS S.A.,125009000.0,-99430000.0,928535000.0,33916000.0,508049000.0,1216348000.0,92112000.0,49368000.0,2014,99430000.0,415937000.0,2014-12-31,2015-08-14
22560,INBRANDS S.A.,93261000.0,-123843000.0,913203000.0,13311000.0,552433000.0,1257854000.0,93696000.0,146291000.0,2015,123843000.0,458737000.0,2015-12-31,2016-03-22
22560,INBRANDS S.A.,2350000.0,-151720000.0,825695000.0,-96635000.0,567838000.0,1244417000.0,65827000.0,26992000.0,2016,151720000.0,502011000.0,2016-12-31,2017-03-27
22560,INBRANDS S.A.,-27713000.0,-119379000.0,714173000.0,-90408000.0,509806000.0,1059022000.0,19263000.0,81687000.0,2017,119379000.0,490543000.0,2017-12-31,2018-04-03
22560,INBRANDS S.A.,18910000.0,-86501000.0,669841000.0,-27071000.0,524285000.0,1057219000.0,26157000.0,21121000.0,2018,86501000.0,498128000.0,2018-12-31,2019-03-29
22560,INBRANDS S.A.,61380000.0,-78766000.0,572239000.0,23990000.0,532684000.0,1292543000.0,21410000.0,113049000.0,2019,78766000.0,511274000.0,2019-12-31,2020-03-27
22560,INBRANDS S.A.,-67912000.0,-60528000.0,300708000.0,-111030000.0,529557000.0,1143834000.0,17475000.0,86984000.0,2020,60528000.0,512082000.0,2020-12-31,2021-03-30
22560,INBRANDS S.A.,24555000.0,-63375000.0,424212000.0,1763000.0,545730000.0,1153988000.0,10411000.0,77577000.0,2021,63375000.0,535319000.0,2021-12-31,2022-04-05
22560,INBRANDS S.A.,79689000.0,-230954000.0,530328000.0,-125028000.0,605623000.0,1195911000.0,4320000.0,92468000.0,2022,230954000.0,601303000.0,2022-12-31,2023-03-31
22560,INBRANDS S.A.,54627000.0,-126124000.0,518679000.0,-26206000.0,597530000.0,1120262000.0,3563000.0,177039000.0,2023,126124000.0,593967000.0,2023-12-31,2024-03-28
22560,INBRANDS S.A.,4120000.0,-106475000.0,449802000.0,-46840000.0,613609000.0,1099940000.0,3195000.0,144835000.0,2024,106475000.0,610414000.0,2024-12-31,2025-03-31
22560,INBRANDS S.A.,-25028000.0,-151750000.0,430115000.0,-119379000.0,670932000.0,1029207000.0,1967000.0,128440000.0,2025,151750000.0,668965000.0,2025-12-31,2026-03-31
24279,INC EMPREENDIMENTOS IMOBILIÁRIOS S.A.,52496000.0,-12322000.0,194003000.0,47304000.0,101112000.0,364198000.0,30363000.0,19408000.0,2018,12322000.0,70749000.0,2018-12-31,2020-04-14
24279,INC EMPREENDIMENTOS IMOBILIÁRIOS S.A.,50676000.0,-13385000.0,281026000.0,46567000.0,192827000.0,675412000.0,64550000.0,-58020000.0,2019,13385000.0,128277000.0,2019-12-31,2020-04-27
24279,INC EMPREENDIMENTOS IMOBILIÁRIOS S.A.,-25475000.0,-12526000.0,223966000.0,-40035000.0,254659000.0,820057000.0,97754000.0,-22007000.0,2020,12526000.0,156905000.0,2020-12-31,2021-03-31
24279,INC EMPREENDIMENTOS IMOBILIÁRIOS S.A.,33869000.0,-19243000.0,439732000.0,15384000.0,209259000.0,787332000.0,26681000.0,24485000.0,2021,19243000.0,182578000.0,2021-12-31,2024-03-19
24279,INC EMPREENDIMENTOS IMOBILIÁRIOS S.A.,74970000.0,-19650000.0,461568000.0,63790000.0,239988000.0,942093000.0,23174000.0,-30005000.0,2022,19650000.0,216814000.0,2022-12-31,2024-03-21
24279,INC EMPREENDIMENTOS IMOBILIÁRIOS S.A.,70787000.0,-29601000.0,485985000.0,46001000.0,291276000.0,1000821000.0,20637000.0,-51640000.0,2023,29601000.0,270639000.0,2023-12-31,2024-03-19
24279,INC EMPREENDIMENTOS IMOBILIÁRIOS S.A.,75999000.0,-31058000.0,462103000.0,58480000.0,357565000.0,1292673000.0,15049000.0,-57803000.0,2024,31058000.0,342516000.0,2024-12-31,2025-03-25
24279,INC EMPREENDIMENTOS IMOBILIÁRIOS S.A.,76768000.0,-59249000.0,560645000.0,75863000.0,409234000.0,1583023000.0,20937000.0,-42586000.0,2025,59249000.0,388297000.0,2025-12-31,2026-02-06
12866,INDÚSTRIA VEROLME S.A. - IVESA,-163487000.0,-125303000.0,34816000.0,-221567000.0,0.0,644184000.0,0.0,-3000.0,2013,125303000.0,0.0,2013-12-31,2014-03-28
12866,INDÚSTRIA VEROLME S.A. - IVESA,413632000.0,-109193000.0,34415000.0,334090000.0,0.0,591391000.0,1000.0,1000.0,2014,109193000.0,-1000.0,2014-12-31,2015-03-30
17868,INEPAR EQUIPAMENTOS E MONTAGENS S/A - EM RECUPERACAO JUDICIA,186326000.0,-2686000.0,0.0,184793000.0,0.0,240599000.0,0.0,17721000.0,2021,2686000.0,0.0,2021-12-31,2022-03-30
17868,INEPAR EQUIPAMENTOS E MONTAGENS S/A - EM RECUPERACAO JUDICIA,-1043000.0,-8290000.0,323000.0,-9133000.0,0.0,236282000.0,0.0,-3920000.0,2022,8290000.0,0.0,2022-12-31,2023-03-31
17868,INEPAR EQUIPAMENTOS E MONTAGENS S/A - EM RECUPERACAO JUDICIA,2041000.0,-560000.0,1077000.0,123440000.0,0.0,298423000.0,0.0,61320000.0,2023,560000.0,0.0,2023-12-31,2024-04-01
17868,INEPAR EQUIPAMENTOS E MONTAGENS S/A - EM RECUPERACAO JUDICIA,-1729000.0,-1836000.0,1877000.0,-1531000.0,43000.0,296343000.0,0.0,-183000.0,2024,1836000.0,43000.0,2024-12-31,2025-04-04
17868,INEPAR EQUIPAMENTOS E MONTAGENS S/A - EM RECUPERACAO JUDICIA,-7494000.0,-2247000.0,4256000.0,-6756000.0,0.0,289683000.0,0.0,4481000.0,2025,2247000.0,0.0,2025-12-31,2026-03-31
7595,INEPAR S.A. INDUSTRIA E CONSTRUCOES EM RECUPERACAO JUDICIAL,-96121000.0,-306934000.0,1069064000.0,-187618000.0,1403528000.0,3269834000.0,56938000.0,300419000.0,2013,306934000.0,1346590000.0,2013-12-31,2014-03-28
7595,INEPAR S.A. INDUSTRIA E CONSTRUCOES EM RECUPERACAO JUDICIAL,-634736000.0,-340915000.0,619331000.0,-743777000.0,1713311000.0,2670504000.0,1994000.0,96248000.0,2014,340915000.0,1711317000.0,2014-12-31,2015-05-12
7595,INEPAR S.A. INDUSTRIA E CONSTRUCOES EM RECUPERACAO JUDICIAL,-229787000.0,-271112000.0,451017000.0,-201097000.0,585345000.0,2285555000.0,4762000.0,207231000.0,2015,271112000.0,580583000.0,2015-12-31,2016-06-16
7595,INEPAR S.A. INDUSTRIA E CONSTRUCOES EM RECUPERACAO JUDICIAL,-404830000.0,-220808000.0,68850000.0,-622963000.0,585588000.0,1949395000.0,1369000.0,-235685000.0,2016,220808000.0,584219000.0,2016-12-31,2018-01-30
7595,INEPAR S.A. INDUSTRIA E CONSTRUCOES EM RECUPERACAO JUDICIAL,-144234000.0,-179477000.0,39803000.0,-316170000.0,650533000.0,1808994000.0,3281000.0,-13065000.0,2017,179477000.0,647252000.0,2017-12-31,2018-07-09
7595,INEPAR S.A. INDUSTRIA E CONSTRUCOES EM RECUPERACAO JUDICIAL,-241794000.0,-353670000.0,48867000.0,-311886000.0,618109000.0,1473029000.0,2293000.0,-2188000.0,2018,353670000.0,615816000.0,2018-12-31,2019-06-26
7595,INEPAR S.A. INDUSTRIA E CONSTRUCOES EM RECUPERACAO JUDICIAL,-319536000.0,-139071000.0,13143000.0,-451099000.0,658050000.0,1408179000.0,407000.0,-21371000.0,2019,139071000.0,657643000.0,2019-12-31,2020-07-15
7595,INEPAR S.A. INDUSTRIA E CONSTRUCOES EM RECUPERACAO JUDICIAL,-322235000.0,-237658000.0,7681000.0,-542786000.0,877473000.0,1629781000.0,128000.0,-110303000.0,2020,237658000.0,877345000.0,2020-12-31,2021-07-15
7595,INEPAR S.A. INDUSTRIA E CONSTRUCOES EM RECUPERACAO JUDICIAL,1416787000.0,-171931000.0,24385000.0,1301954000.0,846618000.0,1506981000.0,10201000.0,107687000.0,2021,171931000.0,836417000.0,2021-12-31,2022-03-29
7595,INEPAR S.A. INDUSTRIA E CONSTRUCOES EM RECUPERACAO JUDICIAL,-81901000.0,-294770000.0,10722000.0,-366566000.0,876603000.0,1320033000.0,1722000.0,67023000.0,2022,294770000.0,874881000.0,2022-12-31,2023-03-30
7595,INEPAR S.A. INDUSTRIA E CONSTRUCOES EM RECUPERACAO JUDICIAL,-80914000.0,-187718000.0,6483000.0,477425000.0,876092000.0,1166605000.0,1874000.0,-25240000.0,2023,187718000.0,874218000.0,2023-12-31,2024-04-16
7595,INEPAR S.A. INDUSTRIA E CONSTRUCOES EM RECUPERACAO JUDICIAL,-88454000.0,-150014000.0,4402000.0,-236773000.0,927512000.0,932845000.0,126000.0,-235000.0,2024,150014000.0,927386000.0,2024-12-31,2026-02-13
7595,INEPAR S.A. INDUSTRIA E CONSTRUCOES EM RECUPERACAO JUDICIAL,-395318000.0,-222927000.0,6503000.0,-513225000.0,828752000.0,370591000.0,85000.0,46912000.0,2025,222927000.0,828667000.0,2025-12-31,2026-04-09
25747,INFRACOMMERCE CXAAS S.A.,5818000.0,-12371000.0,235933000.0,-6534000.0,103646000.0,420902000.0,67250000.0,38097000.0,2020,12371000.0,36396000.0,2020-12-31,2021-04-06
25747,INFRACOMMERCE CXAAS S.A.,-28324000.0,-39736000.0,422560000.0,-39068000.0,364692000.0,2761538000.0,210042000.0,-86388000.0,2021,39736000.0,154650000.0,2021-12-31,2022-05-27
25747,INFRACOMMERCE CXAAS S.A.,-84380000.0,-219769000.0,891301000.0,-264939000.0,631857000.0,3209582000.0,293119000.0,160887000.0,2022,219769000.0,338738000.0,2022-12-31,2023-03-28
25747,INFRACOMMERCE CXAAS S.A.,-18717000.0,-334428000.0,1072489000.0,-294872000.0,762147000.0,3443461000.0,414148000.0,281757000.0,2023,334428000.0,347999000.0,2023-12-31,2024-03-20
25747,INFRACOMMERCE CXAAS S.A.,-1586887000.0,-234128000.0,1065320000.0,-1756143000.0,805528000.0,1517558000.0,104731000.0,-147324000.0,2024,234128000.0,700797000.0,2024-12-31,2025-04-04
25747,INFRACOMMERCE CXAAS S.A.,-111155000.0,-260671000.0,709955000.0,-341892000.0,458138000.0,1309190000.0,77595000.0,29933000.0,2025,260671000.0,380543000.0,2025-12-31,2026-04-30
17558,INNCORP S.A.,-300224.0,-37143.0,0.0,-312571.0,0.0,178667.0,149160.0,-275487.0,2013,37143.0,-149160.0,2013-12-31,2014-03-28
17558,INNCORP S.A.,-314140.0,-34727.0,0.0,-341853.0,0.0,36626.0,5508.0,-143652.0,2014,34727.0,-5508.0,2014-12-31,2015-03-30
17558,INNCORP S.A.,-332225.0,-39496.0,0.0,-368899.0,0.0,33097.0,4438.0,-475551.0,2015,39496.0,-4438.0,2015-12-31,2016-03-30
17558,INNCORP S.A.,-371402.0,-51747.0,0.0,-420636.0,0.0,24928.0,971.0,-395967.0,2016,51747.0,-971.0,2016-12-31,2017-03-29
17558,INNCORP S.A.,-410234.0,-74017.0,0.0,-482823.0,0.0,19057.0,4453.0,-551518.0,2017,74017.0,-4453.0,2017-12-31,2019-01-18
27251,INSPIRALI EDUCAÇÃO S.A.,401585000.0,-472832000.0,2823543000.0,490499000.0,3203403000.0,8368213000.0,215453000.0,,2022,472832000.0,2987950000.0,2022-12-31,2023-05-12
27251,INSPIRALI EDUCAÇÃO S.A.,600804000.0,-529404000.0,3013823000.0,220435000.0,3006765000.0,7781200000.0,139617000.0,,2023,529404000.0,2867148000.0,2023-12-31,2024-03-25
27251,INSPIRALI EDUCAÇÃO S.A.,817659000.0,-495883000.0,3153185000.0,467458000.0,2880069000.0,7619495000.0,94324000.0,,2024,495883000.0,2785745000.0,2024-12-31,2025-03-27
27251,INSPIRALI EDUCAÇÃO S.A.,974919000.0,-568124000.0,3381232000.0,613712000.0,2868506000.0,7851870000.0,110412000.0,,2025,568124000.0,2758094000.0,2025-12-31,2026-04-14
24090,INSTITUTO HERMES PARDINI S.A.,151847000.0,-31382000.0,899414000.0,102944000.0,183537000.0,1016582000.0,124402000.0,102844000.0,2016,31382000.0,59135000.0,2016-12-31,2017-03-27
24090,INSTITUTO HERMES PARDINI S.A.,192159000.0,-42266000.0,1117038000.0,129673000.0,279376000.0,1152628000.0,159857000.0,141571000.0,2017,42266000.0,119519000.0,2017-12-31,2018-03-22
24090,INSTITUTO HERMES PARDINI S.A.,170949000.0,-32802000.0,1204709000.0,123353000.0,239084000.0,1245637000.0,140586000.0,166396000.0,2018,32802000.0,98498000.0,2018-12-31,2019-03-15
24090,INSTITUTO HERMES PARDINI S.A.,235098000.0,-48069000.0,1353634000.0,158404000.0,231214000.0,1625791000.0,129469000.0,261648000.0,2019,48069000.0,101745000.0,2019-12-31,2020-03-31
24090,INSTITUTO HERMES PARDINI S.A.,200259000.0,-63077000.0,1494012000.0,126611000.0,428769000.0,1969262000.0,132306000.0,237682000.0,2020,63077000.0,296463000.0,2020-12-31,2021-03-24
24090,INSTITUTO HERMES PARDINI S.A.,359094000.0,-83711000.0,1985798000.0,213993000.0,326231000.0,2310217000.0,261953000.0,443094000.0,2021,83711000.0,64278000.0,2021-12-31,2022-02-10
24090,INSTITUTO HERMES PARDINI S.A.,308428000.0,-112072000.0,2098683000.0,173012000.0,524255000.0,2553981000.0,331950000.0,296172000.0,2022,112072000.0,192305000.0,2022-12-31,2023-03-14
25453,INTELBRAS S.A. IND. DE TELECOMUNICAÇÃO ELETRÔNICA BRASILEIRA,183929000.0,-49695000.0,1697956000.0,189393000.0,266709000.0,1601525000.0,401628000.0,198106000.0,2019,49695000.0,-134919000.0,2019-12-31,2020-11-26
25453,INTELBRAS S.A. IND. DE TELECOMUNICAÇÃO ELETRÔNICA BRASILEIRA,386374000.0,-170553000.0,2134376000.0,327956000.0,501527000.0,2442150000.0,752981000.0,238330000.0,2020,170553000.0,-251454000.0,2020-12-31,2021-04-07
25453,INTELBRAS S.A. IND. DE TELECOMUNICAÇÃO ELETRÔNICA BRASILEIRA,362608000.0,-235371000.0,3087172000.0,363509000.0,453987000.0,3555796000.0,940858000.0,-42124000.0,2021,235371000.0,-486871000.0,2021-12-31,2022-11-01
25453,INTELBRAS S.A. IND. DE TELECOMUNICAÇÃO ELETRÔNICA BRASILEIRA,463374000.0,-346365000.0,4232623000.0,479248000.0,1097474000.0,4987382000.0,1556826000.0,626016000.0,2022,346365000.0,-459352000.0,2022-12-31,2023-03-01
25453,INTELBRAS S.A. IND. DE TELECOMUNICAÇÃO ELETRÔNICA BRASILEIRA,521325000.0,-376804000.0,4103676000.0,545558000.0,927327000.0,4888285000.0,1303169000.0,548888000.0,2023,376804000.0,-375842000.0,2023-12-31,2024-02-28
25453,INTELBRAS S.A. IND. DE TELECOMUNICAÇÃO ELETRÔNICA BRASILEIRA,544317000.0,-519685000.0,4756146000.0,528412000.0,941730000.0,5569521000.0,887969000.0,105173000.0,2024,519685000.0,53761000.0,2024-12-31,2025-02-26
25453,INTELBRAS S.A. IND. DE TELECOMUNICAÇÃO ELETRÔNICA BRASILEIRA,425152000.0,-187737000.0,4460379000.0,483733000.0,889227000.0,5325682000.0,1070774000.0,920024000.0,2025,187737000.0,-181547000.0,2025-12-31,2026-02-25
57886,"INTER & CO, INC.",-1123248000.0,-543242000.0,542569000.0,-55068000.0,5366535000.0,36626337000.0,500446000.0,,2021,543242000.0,4866089000.0,2021-12-31,2022-04-20
80217,"INTER & CO, INC.",-1123248000.0,-543242000.0,542569000.0,-55068000.0,5366535000.0,36626337000.0,500446000.0,,2021,543242000.0,4866089000.0,2021-12-31,2022-04-26
80217,"INTER & CO, INC.",-1008381000.0,-1972850000.0,968039000.0,-14079000.0,7943345000.0,46343100000.0,1331648000.0,2240239000.0,2022,1972850000.0,6611697000.0,2022-12-31,2023-04-25
80217,"INTER & CO, INC.",-1222413000.0,-2887573000.0,1304382000.0,352260000.0,9629881000.0,60351797000.0,4259379000.0,7545050000.0,2023,2887573000.0,5370502000.0,2023-12-31,2024-05-16
25992,INTERCEMENT BRASIL S.A. - EM RECUPERAÇÃO JUDICIAL,186174000.0,-243513000.0,2402608000.0,-24161000.0,2003577000.0,3889785000.0,425096000.0,634558000.0,2020,243513000.0,1578481000.0,2020-12-31,2021-06-24
25992,INTERCEMENT BRASIL S.A. - EM RECUPERAÇÃO JUDICIAL,653439000.0,-260085000.0,3152677000.0,1314271000.0,2911526000.0,4816696000.0,459813000.0,686052000.0,2021,260085000.0,2451713000.0,2021-12-31,2022-03-18
25992,INTERCEMENT BRASIL S.A. - EM RECUPERAÇÃO JUDICIAL,478335000.0,-555013000.0,3728387000.0,64713000.0,2949832000.0,5060411000.0,597239000.0,731052000.0,2022,555013000.0,2352593000.0,2022-12-31,2023-03-17
25992,INTERCEMENT BRASIL S.A. - EM RECUPERAÇÃO JUDICIAL,302095000.0,-678199000.0,3507397000.0,-393902000.0,3569043000.0,5008231000.0,459194000.0,435154000.0,2023,678199000.0,3109849000.0,2023-12-31,2024-07-16
25992,INTERCEMENT BRASIL S.A. - EM RECUPERAÇÃO JUDICIAL,424464000.0,-921303000.0,3277374000.0,-288854000.0,4253793000.0,5651917000.0,1048706000.0,841345000.0,2024,921303000.0,3205087000.0,2024-12-31,2025-03-18
25992,INTERCEMENT BRASIL S.A. - EM RECUPERAÇÃO JUDICIAL,259514000.0,-46751000.0,3305864000.0,777621000.0,4103686000.0,6449094000.0,1431082000.0,979356000.0,2025,46751000.0,2672604000.0,2025-12-31,2026-03-16
23574,INTERNATIONAL MEAL COMPANY ALIMENTACAO S.A.,44641000.0,0.0,294470000.0,26246000.0,73951000.0,392543000.0,35230000.0,34384000.0,2013,0.0,38721000.0,2013-12-31,2015-03-24
23574,INTERNATIONAL MEAL COMPANY ALIMENTACAO S.A.,4916000.0,0.0,469540000.0,-8217000.0,479434000.0,1885673000.0,84820000.0,63454000.0,2014,0.0,394614000.0,2014-12-31,2015-03-30
23574,INTERNATIONAL MEAL COMPANY ALIMENTACAO S.A.,-68835000.0,0.0,1615058000.0,-98901000.0,360321000.0,2226023000.0,289390000.0,41463000.0,2015,0.0,70931000.0,2015-12-31,2016-03-22
23574,INTERNATIONAL MEAL COMPANY ALIMENTACAO S.A.,-49074000.0,0.0,1540638000.0,-76430000.0,129279000.0,1503408000.0,190108000.0,75554000.0,2016,0.0,-60829000.0,2016-12-31,2017-03-28
23574,INTERNATIONAL MEAL COMPANY ALIMENTACAO S.A.,28804000.0,0.0,1494511000.0,3666000.0,171220000.0,1512424000.0,183588000.0,69758000.0,2017,0.0,-12368000.0,2017-12-31,2018-03-27
23574,INTERNATIONAL MEAL COMPANY ALIMENTACAO S.A.,25165000.0,0.0,1582081000.0,7894000.0,297708000.0,1638482000.0,268561000.0,76309000.0,2018,0.0,29147000.0,2018-12-31,2019-03-29
23574,INTERNATIONAL MEAL COMPANY ALIMENTACAO S.A.,49419000.0,0.0,1603262000.0,-15842000.0,561672000.0,2685650000.0,332806000.0,170864000.0,2019,0.0,228866000.0,2019-12-31,2020-03-30
23574,INTERNATIONAL MEAL COMPANY ALIMENTACAO S.A.,-556904000.0,0.0,1153670000.0,-473578000.0,673785000.0,2752978000.0,537581000.0,-87134000.0,2020,0.0,136204000.0,2020-12-31,2021-03-30
23574,INTERNATIONAL MEAL COMPANY ALIMENTACAO S.A.,-3232000.0,0.0,1852245000.0,-80449000.0,736198000.0,2951198000.0,461280000.0,125300000.0,2021,0.0,274918000.0,2021-12-31,2022-03-30
23574,INTERNATIONAL MEAL COMPANY ALIMENTACAO S.A.,263659000.0,0.0,2240696000.0,72669000.0,664721000.0,2954544000.0,285255000.0,-73039000.0,2022,0.0,379466000.0,2022-12-31,2023-03-28
23574,INTERNATIONAL MEAL COMPANY ALIMENTACAO S.A.,79059000.0,0.0,2226345000.0,-81997000.0,529750000.0,2740000000.0,229159000.0,105633000.0,2023,0.0,300591000.0,2023-12-31,2024-03-26
23574,INTERNATIONAL MEAL COMPANY ALIMENTACAO S.A.,30217000.0,0.0,2224984000.0,-76278000.0,579021000.0,2796869000.0,217796000.0,66633000.0,2024,0.0,361225000.0,2024-12-31,2025-03-26
23574,INTERNATIONAL MEAL COMPANY ALIMENTACAO S.A.,40578000.0,0.0,1729658000.0,-148968000.0,469991000.0,2305789000.0,171189000.0,69682000.0,2025,0.0,298802000.0,2025-12-31,2026-03-30
22438,INTERNATIONAL MEAL COMPANY HOLDINGS S/A,50418000.0,-29759000.0,1367622000.0,4179000.0,326021000.0,1637624000.0,81575000.0,96774000.0,2013,29759000.0,244446000.0,2013-12-31,2014-02-27
26387,INTERPLAYERS SOLUÇÕES INTEGRADAS S.A.,17448000.0,-3011000.0,151022000.0,10000000.0,5083000.0,145860000.0,5266000.0,22406000.0,2021,3011000.0,-183000.0,2021-12-31,2022-03-31
26387,INTERPLAYERS SOLUÇÕES INTEGRADAS S.A.,31494000.0,-7400000.0,203386000.0,24500000.0,16525000.0,260086000.0,16728000.0,27918000.0,2022,7400000.0,-203000.0,2022-12-31,2023-04-10
26387,INTERPLAYERS SOLUÇÕES INTEGRADAS S.A.,31403000.0,-8005000.0,250075000.0,21463000.0,38580000.0,286092000.0,19507000.0,17412000.0,2023,8005000.0,19073000.0,2023-12-31,2024-03-28
18775,INVESTIMENTOS E PARTICIP. EM INFRA S.A. - INVEPAR,522797000.0,-435948000.0,4856925000.0,165237000.0,6147636000.0,23679390000.0,1410591000.0,1222865000.0,2013,435948000.0,4737045000.0,2013-12-31,2014-05-26
18775,INVESTIMENTOS E PARTICIP. EM INFRA S.A. - INVEPAR,622545000.0,-1135320000.0,5731119000.0,-477024000.0,8990300000.0,26399953000.0,341489000.0,1200589000.0,2014,1135320000.0,8648811000.0,2014-12-31,2015-03-30
18775,INVESTIMENTOS E PARTICIP. EM INFRA S.A. - INVEPAR,612052000.0,-2412073000.0,5631971000.0,-1715551000.0,11686095000.0,29253907000.0,212804000.0,1175047000.0,2015,2412073000.0,11473291000.0,2015-12-31,2016-04-27
18775,INVESTIMENTOS E PARTICIP. EM INFRA S.A. - INVEPAR,3036225000.0,-2597159000.0,4039474000.0,-222545000.0,8554347000.0,25581884000.0,196372000.0,2175778000.0,2016,2597159000.0,8357975000.0,2016-12-31,2018-03-08
18775,INVESTIMENTOS E PARTICIP. EM INFRA S.A. - INVEPAR,853557000.0,-1688238000.0,4067524000.0,-858497000.0,9489988000.0,25489174000.0,835099000.0,2259354000.0,2017,1688238000.0,8654889000.0,2017-12-31,2018-03-20
18775,INVESTIMENTOS E PARTICIP. EM INFRA S.A. - INVEPAR,925533000.0,-1917421000.0,4169606000.0,-434202000.0,9296146000.0,25518144000.0,1109210000.0,2316116000.0,2018,1917421000.0,8186936000.0,2018-12-31,2019-03-28
18775,INVESTIMENTOS E PARTICIP. EM INFRA S.A. - INVEPAR,496303000.0,-2287777000.0,3560693000.0,-2070932000.0,7447985000.0,23821042000.0,663754000.0,1468207000.0,2019,2287777000.0,6784231000.0,2019-12-31,2020-03-24
18775,INVESTIMENTOS E PARTICIP. EM INFRA S.A. - INVEPAR,377648000.0,-2073172000.0,1475759000.0,-1414600000.0,5611026000.0,21256354000.0,629490000.0,440375000.0,2020,2073172000.0,4981536000.0,2020-12-31,2021-03-29
18775,INVESTIMENTOS E PARTICIP. EM INFRA S.A. - INVEPAR,1703799000.0,-2644463000.0,1634799000.0,-1135112000.0,3911335000.0,17820331000.0,358366000.0,2512576000.0,2021,2644463000.0,3552969000.0,2021-12-31,2022-03-29
18775,INVESTIMENTOS E PARTICIP. EM INFRA S.A. - INVEPAR,1210539000.0,-1822764000.0,2461896000.0,-235902000.0,3676938000.0,17550457000.0,784916000.0,2282328000.0,2022,1822764000.0,2892022000.0,2022-12-31,2023-03-24
18775,INVESTIMENTOS E PARTICIP. EM INFRA S.A. - INVEPAR,1053415000.0,-1856360000.0,2931053000.0,-277065000.0,3170882000.0,16795787000.0,806764000.0,2419100000.0,2023,1856360000.0,2364118000.0,2023-12-31,2024-03-27
18775,INVESTIMENTOS E PARTICIP. EM INFRA S.A. - INVEPAR,1191585000.0,-1758494000.0,3331291000.0,-872550000.0,3321195000.0,15862329000.0,892784000.0,1814413000.0,2024,1758494000.0,2428411000.0,2024-12-31,2025-03-27
18775,INVESTIMENTOS E PARTICIP. EM INFRA S.A. - INVEPAR,2044995000.0,-1753767000.0,3818051000.0,741462000.0,2501304000.0,16313322000.0,976213000.0,2805154000.0,2025,1753767000.0,1525091000.0,2025-12-31,2026-03-27
11932,IOCHPE MAXION S.A.,453559000.0,-237633000.0,6126493000.0,211300000.0,2773484000.0,6035705000.0,662230000.0,496458000.0,2013,237633000.0,2111254000.0,2013-12-31,2014-04-11
11932,IOCHPE MAXION S.A.,417703000.0,-291490000.0,5911677000.0,118032000.0,2892406000.0,6289024000.0,717079000.0,462824000.0,2014,291490000.0,2175327000.0,2014-12-31,2015-02-25
11932,IOCHPE MAXION S.A.,449602000.0,-354354000.0,6846456000.0,119849000.0,3414855000.0,7990379000.0,739255000.0,149954000.0,2015,354354000.0,2675600000.0,2015-12-31,2016-02-25
11932,IOCHPE MAXION S.A.,479322000.0,-382253000.0,6816454000.0,89130000.0,3060085000.0,7057115000.0,431599000.0,253963000.0,2016,382253000.0,2628486000.0,2016-12-31,2017-03-27
11932,IOCHPE MAXION S.A.,496556000.0,-402368000.0,7487940000.0,80209000.0,2843276000.0,7922248000.0,543331000.0,303396000.0,2017,402368000.0,2299945000.0,2017-12-31,2018-02-20
11932,IOCHPE MAXION S.A.,701493000.0,-235657000.0,9616299000.0,306142000.0,2813705000.0,9019190000.0,486903000.0,614720000.0,2018,235657000.0,2326802000.0,2018-12-31,2019-03-11
11932,IOCHPE MAXION S.A.,676255000.0,-235248000.0,10016395000.0,421415000.0,3061583000.0,9375411000.0,646137000.0,657683000.0,2019,235248000.0,2415446000.0,2019-12-31,2020-03-05
11932,IOCHPE MAXION S.A.,-184721000.0,-266352000.0,8760568000.0,-419914000.0,5120389000.0,12411803000.0,1605439000.0,113169000.0,2020,266352000.0,3514950000.0,2020-12-31,2021-03-03
11932,IOCHPE MAXION S.A.,1281485000.0,-389416000.0,13688367000.0,626938000.0,5532210000.0,14519530000.0,1088114000.0,-73694000.0,2021,389416000.0,4444096000.0,2021-12-31,2022-03-09
11932,IOCHPE MAXION S.A.,1245684000.0,-732119000.0,16947869000.0,404172000.0,6476988000.0,15195455000.0,2287054000.0,1878665000.0,2022,732119000.0,4189934000.0,2022-12-31,2023-03-20
11932,IOCHPE MAXION S.A.,782576000.0,-734027000.0,14955220000.0,105891000.0,6765533000.0,14534116000.0,2962366000.0,1993295000.0,2023,734027000.0,3803167000.0,2023-12-31,2024-03-06
11932,IOCHPE MAXION S.A.,1021036000.0,-859965000.0,15331813000.0,380084000.0,6388759000.0,15961371000.0,2463475000.0,2196997000.0,2024,859965000.0,3925284000.0,2024-12-31,2025-02-26
11932,IOCHPE MAXION S.A.,941914000.0,-1451798000.0,15366537000.0,217134000.0,5631546000.0,14392484000.0,1599733000.0,326114000.0,2025,1451798000.0,4031813000.0,2025-12-31,2026-02-25
2429,IRANI PAPEL E EMBALAGEM S.A.,109037000.0,-72619000.0,604241000.0,67410000.0,633486000.0,1631521000.0,135005000.0,51838000.0,2013,72619000.0,498481000.0,2013-12-31,2014-02-28
2429,IRANI PAPEL E EMBALAGEM S.A.,99715000.0,-96498000.0,738499000.0,56579000.0,776845000.0,1678837000.0,165985000.0,45131000.0,2014,96498000.0,610860000.0,2014-12-31,2015-02-27
2429,IRANI PAPEL E EMBALAGEM S.A.,93535000.0,-127801000.0,758758000.0,495000.0,922420000.0,1658591000.0,125732000.0,89909000.0,2015,127801000.0,796688000.0,2015-12-31,2016-02-29
2429,IRANI PAPEL E EMBALAGEM S.A.,71934000.0,-146978000.0,776795000.0,-10782000.0,917375000.0,1679951000.0,103885000.0,40184000.0,2016,146978000.0,813490000.0,2016-12-31,2017-02-24
2429,IRANI PAPEL E EMBALAGEM S.A.,5735000.0,-128248000.0,859169000.0,-108173000.0,772096000.0,1501839000.0,76949000.0,77919000.0,2017,128248000.0,695147000.0,2017-12-31,2018-04-27
2429,IRANI PAPEL E EMBALAGEM S.A.,117835000.0,-128457000.0,932817000.0,3011000.0,824966000.0,1526664000.0,132219000.0,132207000.0,2018,128457000.0,692747000.0,2018-12-31,2019-03-01
2429,IRANI PAPEL E EMBALAGEM S.A.,205122000.0,-311932000.0,898779000.0,-79592000.0,838310000.0,1579546000.0,80822000.0,107829000.0,2019,311932000.0,757488000.0,2019-12-31,2020-03-13
2429,IRANI PAPEL E EMBALAGEM S.A.,165515000.0,-83854000.0,1029605000.0,92761000.0,588247000.0,1814117000.0,54260000.0,196291000.0,2020,83854000.0,533987000.0,2020-12-31,2021-02-26
2429,IRANI PAPEL E EMBALAGEM S.A.,435824000.0,-98872000.0,1605834000.0,285313000.0,892321000.0,2365300000.0,30410000.0,383711000.0,2021,98872000.0,861911000.0,2021-12-31,2022-02-24
2429,IRANI PAPEL E EMBALAGEM S.A.,579863000.0,-164328000.0,1686666000.0,378210000.0,1792175000.0,3515338000.0,735194000.0,375692000.0,2022,164328000.0,1056981000.0,2022-12-31,2023-02-24
2429,IRANI PAPEL E EMBALAGEM S.A.,551413000.0,-238687000.0,1594245000.0,383434000.0,1626153000.0,3467066000.0,484152000.0,269711000.0,2023,238687000.0,1142001000.0,2023-12-31,2024-02-23
2429,IRANI PAPEL E EMBALAGEM S.A.,317934000.0,-216448000.0,1627470000.0,304519000.0,1686114000.0,3620637000.0,604232000.0,395588000.0,2024,216448000.0,1081882000.0,2024-12-31,2025-02-21
2429,IRANI PAPEL E EMBALAGEM S.A.,447806000.0,-257554000.0,1686311000.0,242050000.0,1909711000.0,3949686000.0,839834000.0,504071000.0,2025,257554000.0,1069877000.0,2025-12-31,2026-02-23
24180,IRB - BRASIL RESSEGUROS S.A.,422990000.0,-433861000.0,,849874000.0,8777633000.0,13585195000.0,217575000.0,,2016,433861000.0,8560058000.0,2016-12-31,2017-07-31
24180,IRB - BRASIL RESSEGUROS S.A.,584701000.0,0.0,,925050000.0,9104634000.0,14343210000.0,25771000.0,,2017,0.0,9078863000.0,2017-12-31,2018-02-08
24180,IRB - BRASIL RESSEGUROS S.A.,1024356000.0,0.0,,1218796000.0,9727709000.0,15940434000.0,43131000.0,,2018,0.0,9684578000.0,2018-12-31,2019-03-08
24180,IRB - BRASIL RESSEGUROS S.A.,717233000.0,0.0,,1210120000.0,11418933000.0,17501252000.0,35864000.0,,2019,0.0,11383069000.0,2019-12-31,2021-02-18
24180,IRB - BRASIL RESSEGUROS S.A.,-1816559000.0,-615009000.0,,-1521263000.0,14887314000.0,22720962000.0,14563000.0,,2020,615009000.0,14872751000.0,2020-12-31,2021-02-18
24180,IRB - BRASIL RESSEGUROS S.A.,-2005554000.0,-1428611000.0,,-682701000.0,16724466000.0,22674441000.0,38774000.0,,2021,1428611000.0,16685692000.0,2021-12-31,2022-02-24
24180,IRB - BRASIL RESSEGUROS S.A.,-1795222000.0,-1720247000.0,,-630341000.0,15785269000.0,22977562000.0,17793000.0,,2022,1720247000.0,15767476000.0,2022-12-31,2023-03-21
24180,IRB - BRASIL RESSEGUROS S.A.,-378817000.0,-291758000.0,,-123853000.0,6801339000.0,15486432000.0,20335000.0,490809000.0,2023,291758000.0,6781004000.0,2023-12-31,2024-03-28
24180,IRB - BRASIL RESSEGUROS S.A.,790363000.0,-1376956000.0,,805740000.0,6741827000.0,16446866000.0,18861000.0,149311000.0,2024,1376956000.0,6722966000.0,2024-12-31,2025-02-26
24180,IRB - BRASIL RESSEGUROS S.A.,559916000.0,-425608000.0,,390945000.0,6041447000.0,15644036000.0,11232000.0,250920000.0,2025,425608000.0,6030215000.0,2025-12-31,2026-03-31
18376,ISA ENERGIA BRASIL,4427242000.0,-580524000.0,3696428000.0,3382650000.0,4535732000.0,24592358000.0,2067337000.0,1376437000.0,2020,580524000.0,2468395000.0,2020-12-31,2021-02-22
18376,ISA ENERGIA BRASIL,4437217000.0,-718523000.0,5534129000.0,3037808000.0,7416547000.0,28976739000.0,282632000.0,898925000.0,2021,718523000.0,7133915000.0,2021-12-31,2022-02-23
18376,ISA ENERGIA BRASIL,3490312000.0,-981399000.0,5450570000.0,2319791000.0,8041697000.0,32243550000.0,336523000.0,599693000.0,2022,981399000.0,7705174000.0,2022-12-31,2023-02-23
18376,ISA ENERGIA BRASIL,3942557000.0,-1043648000.0,6215521000.0,2892362000.0,9268665000.0,35911156000.0,245819000.0,589848000.0,2023,1043648000.0,9022846000.0,2023-12-31,2024-02-20
18376,ISA ENERGIA BRASIL,5131278000.0,-1246454000.0,7966581000.0,3552731000.0,13273804000.0,43304632000.0,2914747000.0,-181477000.0,2024,1246454000.0,10359057000.0,2024-12-31,2025-02-24
18376,ISA ENERGIA BRASIL,4131906000.0,-1797455000.0,9411153000.0,2511015000.0,16007349000.0,47201372000.0,1356062000.0,-1215500000.0,2025,1797455000.0,14651287000.0,2025-12-31,2026-02-24
12530,ITAUTEC S.A. - GRUPO ITAUTEC,-221538000.0,-24930000.0,439305000.0,-388676000.0,205963000.0,750578000.0,855000.0,-177298000.0,2013,24930000.0,205108000.0,2013-12-31,2014-02-11
12530,ITAUTEC S.A. - GRUPO ITAUTEC,-52197000.0,-19041000.0,101639000.0,-38672000.0,86541000.0,289621000.0,640000.0,14602000.0,2014,19041000.0,85901000.0,2014-12-31,2015-01-27
12530,ITAUTEC S.A. - GRUPO ITAUTEC,-35051000.0,-20149000.0,28418000.0,-19295000.0,77898000.0,219069000.0,424000.0,93060000.0,2015,20149000.0,77474000.0,2015-12-31,2016-02-05
12530,ITAUTEC S.A. - GRUPO ITAUTEC,-31943000.0,-5796000.0,7877000.0,-14775000.0,34155000.0,136495000.0,146000.0,-28974000.0,2016,5796000.0,34009000.0,2016-12-31,2017-01-31
12530,ITAUTEC S.A. - GRUPO ITAUTEC,-95384000.0,-3709000.0,1799000.0,-22631000.0,3710000.0,73683000.0,227000.0,-26942000.0,2017,3709000.0,3483000.0,2017-12-31,2018-02-09
12530,ITAUTEC S.A. - GRUPO ITAUTEC,-29297000.0,-5060000.0,405000.0,-7076000.0,0.0,56439000.0,69000.0,-13981000.0,2018,5060000.0,-69000.0,2018-12-31,2019-02-12
7617,ITAÚSA S.A.,6484000000.0,-449000000.0,5289000000.0,6011000000.0,2764000000.0,41929000000.0,1199000000.0,518000000.0,2013,449000000.0,1565000000.0,2013-12-31,2014-02-19
7617,ITAÚSA S.A.,8323000000.0,-60000000.0,5021000000.0,8161000000.0,3025000000.0,48594000000.0,1897000000.0,805000000.0,2014,60000000.0,1128000000.0,2014-12-31,2015-02-10
7617,ITAÚSA S.A.,9068000000.0,-92000000.0,4885000000.0,8994000000.0,3098000000.0,54830000000.0,2174000000.0,986000000.0,2015,92000000.0,924000000.0,2015-12-31,2016-02-19
7617,ITAÚSA S.A.,8229000000.0,-191000000.0,4687000000.0,8216000000.0,3712000000.0,59020000000.0,2434000000.0,475000000.0,2016,191000000.0,1278000000.0,2016-12-31,2017-02-14
7617,ITAÚSA S.A.,8590000000.0,-601000000.0,4969000000.0,8522000000.0,4756000000.0,65580000000.0,1218000000.0,669000000.0,2017,601000000.0,3538000000.0,2017-12-31,2018-02-19
7617,ITAÚSA S.A.,9927000000.0,-549000000.0,5375000000.0,9710000000.0,4071000000.0,66206000000.0,2421000000.0,-662000000.0,2018,549000000.0,1650000000.0,2018-12-31,2019-02-19
7617,ITAÚSA S.A.,10994000000.0,-760000000.0,5008000000.0,10569000000.0,4155000000.0,67476000000.0,2369000000.0,802000000.0,2019,760000000.0,1786000000.0,2019-12-31,2020-02-17
7617,ITAÚSA S.A.,7724000000.0,-805000000.0,5880000000.0,7344000000.0,5701000000.0,72600000000.0,2887000000.0,1346000000.0,2020,805000000.0,2814000000.0,2020-12-31,2021-02-22
7617,ITAÚSA S.A.,13097000000.0,-1085000000.0,8170000000.0,13291000000.0,8884000000.0,85981000000.0,3876000000.0,1380000000.0,2021,1085000000.0,5008000000.0,2021-12-31,2022-02-14
7617,ITAÚSA S.A.,15569000000.0,-2343000000.0,8486000000.0,14154000000.0,12047000000.0,96637000000.0,4472000000.0,-134000000.0,2022,2343000000.0,7575000000.0,2022-12-31,2023-03-20
7617,ITAÚSA S.A.,14110000000.0,-2523000000.0,7383000000.0,13978000000.0,10772000000.0,105348000000.0,5977000000.0,298000000.0,2023,2523000000.0,4795000000.0,2023-12-31,2024-03-18
7617,ITAÚSA S.A.,16388000000.0,-2343000000.0,8235000000.0,14887000000.0,11112000000.0,114625000000.0,4852000000.0,613000000.0,2024,2343000000.0,6260000000.0,2024-12-31,2025-06-03
7617,ITAÚSA S.A.,18119000000.0,-2642000000.0,8249000000.0,16550000000.0,10785000000.0,111187000000.0,4039000000.0,166000000.0,2025,2642000000.0,6746000000.0,2025-12-31,2026-03-16
21156,J. MACEDO S.A.,77621000.0,-60820000.0,1354911000.0,51057000.0,289156000.0,865258000.0,100658000.0,45026000.0,2013,60820000.0,188498000.0,2013-12-31,2014-02-27
21156,J. MACEDO S.A.,122778000.0,-88581000.0,1508942000.0,79509000.0,387659000.0,1022591000.0,139668000.0,89559000.0,2014,88581000.0,247991000.0,2014-12-31,2015-03-02
21156,J. MACEDO S.A.,111132000.0,-218003000.0,1465949000.0,87432000.0,510707000.0,1232958000.0,103773000.0,136470000.0,2015,218003000.0,406934000.0,2015-12-31,2016-03-29
21156,J. MACEDO S.A.,128765000.0,-205299000.0,1648100000.0,69341000.0,326469000.0,1112777000.0,66538000.0,172589000.0,2016,205299000.0,259931000.0,2016-12-31,2017-03-22
21156,J. MACEDO S.A.,64639000.0,-76541000.0,1505091000.0,29233000.0,592277000.0,1509340000.0,322644000.0,211052000.0,2017,76541000.0,269633000.0,2017-12-31,2018-03-24
21156,J. MACEDO S.A.,62577000.0,-130797000.0,1732496000.0,55168000.0,551249000.0,1688946000.0,119068000.0,80592000.0,2018,130797000.0,432181000.0,2018-12-31,2019-03-26
21156,J. MACEDO S.A.,3820000.0,-117870000.0,1797647000.0,-69443000.0,793714000.0,1711262000.0,67217000.0,-164515000.0,2019,117870000.0,726497000.0,2019-12-31,2021-09-23
21156,J. MACEDO S.A.,147337000.0,-104436000.0,1919209000.0,102462000.0,670425000.0,1527003000.0,82471000.0,169707000.0,2020,104436000.0,587954000.0,2020-12-31,2021-09-23
21156,J. MACEDO S.A.,202124000.0,-92693000.0,2365296000.0,134302000.0,591129000.0,1626757000.0,140836000.0,237377000.0,2021,92693000.0,450293000.0,2021-12-31,2022-03-18
21156,J. MACEDO S.A.,387333000.0,-119351000.0,2913974000.0,317857000.0,463048000.0,1749223000.0,170843000.0,268657000.0,2022,119351000.0,292205000.0,2022-12-31,2023-03-20
21156,J. MACEDO S.A.,470287000.0,-92610000.0,3220533000.0,423568000.0,549225000.0,2046088000.0,357651000.0,360574000.0,2023,92610000.0,191574000.0,2023-12-31,2024-02-29
21156,J. MACEDO S.A.,461215000.0,-88041000.0,3104919000.0,352248000.0,685240000.0,2390348000.0,362991000.0,438562000.0,2024,88041000.0,322249000.0,2024-12-31,2025-03-06
21156,J. MACEDO S.A.,447873000.0,-98387000.0,3241934000.0,347709000.0,1155706000.0,2970058000.0,401441000.0,333479000.0,2025,98387000.0,754265000.0,2025-12-31,2026-02-25
80233,JBS N.V.,-312.0,-32.0,0.0,-337.0,0.0,10747888.0,11.0,-231.0,2023,32.0,-11.0,2023-12-31,2024-12-27
80233,JBS N.V.,2383631000.0,-18000.0,0.0,2383616000.0,0.0,11652446000.0,181000.0,-492000.0,2024,18000.0,-181000.0,2024-12-31,2025-04-25
80233,JBS N.V.,23295180000.0,-11789350000.0,480583047000.0,12474103000.0,116048728000.0,248469019000.0,25119203000.0,15764290000.0,2025,11789350000.0,90929525000.0,2025-12-31,2026-03-25
20575,JBS S.A.,4155326000.0,-6648040000.0,92902798000.0,1118325000.0,32761341000.0,68670221000.0,4713369000.0,2541047000.0,2013,6648040000.0,28047972000.0,2013-12-31,2014-03-24
20575,JBS S.A.,7829443000.0,-5175896000.0,120469719000.0,2406427000.0,40079140000.0,82315588000.0,8368528000.0,6798092000.0,2014,5175896000.0,31710612000.0,2014-12-31,2016-08-05
20575,JBS S.A.,9179297000.0,-12874595000.0,162914526000.0,5128647000.0,65882726000.0,122502967000.0,10776155000.0,7384785000.0,2015,12874595000.0,55106571000.0,2015-12-31,2017-04-07
20575,JBS S.A.,6747689000.0,-10788437000.0,170380526000.0,707498000.0,56260414000.0,102815763000.0,5608922000.0,3667395000.0,2016,10788437000.0,50651492000.0,2016-12-31,2017-04-07
20575,JBS S.A.,6747082000.0,-7582183000.0,163169981000.0,1025469000.0,57024651000.0,108695951000.0,5884806000.0,5203974000.0,2017,7582183000.0,51139845000.0,2017-12-31,2018-03-28
20575,JBS S.A.,7183862000.0,-9686666000.0,181680244000.0,210116000.0,56153528000.0,114145831000.0,3998922000.0,7442489000.0,2018,9686666000.0,52154606000.0,2018-12-31,2019-03-28
20575,JBS S.A.,13482879000.0,-8066906000.0,204523575000.0,6464854000.0,53028043000.0,126339387000.0,4759656000.0,13768482000.0,2019,8066906000.0,48268387000.0,2019-12-31,2020-03-25
20575,JBS S.A.,20503095000.0,-15796346000.0,270204212000.0,4654949000.0,65906705000.0,163801806000.0,15496570000.0,23781810000.0,2020,15796346000.0,50410135000.0,2020-12-31,2021-03-24
20575,JBS S.A.,32270103000.0,-7382742000.0,350695561000.0,20529653000.0,92518154000.0,207109116000.0,23239150000.0,21480309000.0,2021,7382742000.0,69279004000.0,2021-12-31,2022-03-21
20575,JBS S.A.,24636204000.0,-10567455000.0,374851600000.0,16201254000.0,92354061000.0,208110628000.0,13182158000.0,13333514000.0,2022,10567455000.0,79171903000.0,2022-12-31,2023-03-21
20575,JBS S.A.,5349901000.0,-9661982000.0,363816537000.0,-729145000.0,96821825000.0,206132069000.0,22122405000.0,11498663000.0,2023,9661982000.0,74699420000.0,2023-12-31,2024-03-26
20575,JBS S.A.,23783769000.0,-12848343000.0,416952002000.0,10703994000.0,119677321000.0,251936042000.0,34761540000.0,23557039000.0,2024,12848343000.0,84915781000.0,2024-12-31,2025-03-25
20575,JBS S.A.,23345556000.0,-11750445000.0,480583047000.0,12535912000.0,116048728000.0,247689021000.0,25054137000.0,15826300000.0,2025,11750445000.0,90994591000.0,2025-12-31,2026-03-25
24473,JHSF MALLS S.A.,63602000.0,-19231000.0,42696000.0,30503000.0,477400000.0,2541750000.0,1268000.0,36277000.0,2017,19231000.0,476132000.0,2017-12-31,2018-07-05
24473,JHSF MALLS S.A.,405818000.0,-58026000.0,166522000.0,101347000.0,266859000.0,2265838000.0,1543000.0,-14308000.0,2018,58026000.0,265316000.0,2018-12-31,2019-02-21
24473,JHSF MALLS S.A.,403911000.0,0.0,154226000.0,230545000.0,615729000.0,3077284000.0,65692000.0,-16838000.0,2019,0.0,550037000.0,2019-12-31,2020-02-28
24473,JHSF MALLS S.A.,108712000.0,0.0,107895000.0,49927000.0,612930000.0,3077671000.0,112902000.0,47313000.0,2020,0.0,500028000.0,2020-12-31,2021-03-04
24473,JHSF MALLS S.A.,64438000.0,-61744000.0,146635000.0,-8382000.0,689576000.0,3169030000.0,149368000.0,-9364000.0,2021,61744000.0,540208000.0,2021-12-31,2022-03-11
24473,JHSF MALLS S.A.,52912000.0,-107016000.0,185222000.0,-63878000.0,792742000.0,3219596000.0,127517000.0,12233000.0,2022,107016000.0,665225000.0,2022-12-31,2023-03-24
20605,JHSF PARTICIPACOES S.A.,544314000.0,-107453000.0,671078000.0,319932000.0,2167148000.0,5301466000.0,529880000.0,-17796000.0,2013,107453000.0,1637268000.0,2013-12-31,2014-03-25
20605,JHSF PARTICIPACOES S.A.,234314000.0,-216346000.0,602840000.0,43099000.0,2465963000.0,5805377000.0,305351000.0,235662000.0,2014,216346000.0,2160612000.0,2014-12-31,2015-03-12
20605,JHSF PARTICIPACOES S.A.,458296000.0,-270946000.0,630961000.0,109740000.0,1916812000.0,6565587000.0,151377000.0,283149000.0,2015,270946000.0,1765435000.0,2015-12-31,2016-03-30
20605,JHSF PARTICIPACOES S.A.,-153274000.0,-308728000.0,384563000.0,-250578000.0,1488305000.0,4750550000.0,69653000.0,-353945000.0,2016,308728000.0,1418652000.0,2016-12-31,2017-03-30
20605,JHSF PARTICIPACOES S.A.,189958000.0,-153760000.0,355885000.0,-27270000.0,1338317000.0,4466181000.0,9126000.0,-107779000.0,2017,153760000.0,1329191000.0,2017-12-31,2018-04-16
20605,JHSF PARTICIPACOES S.A.,328581000.0,0.0,485694000.0,195439000.0,1192705000.0,4815061000.0,42551000.0,-108551000.0,2018,0.0,1150154000.0,2018-12-31,2019-02-21
20605,JHSF PARTICIPACOES S.A.,610973000.0,-158289000.0,636789000.0,326678000.0,1206347000.0,5837934000.0,286335000.0,97797000.0,2019,158289000.0,920012000.0,2019-12-31,2020-02-13
20605,JHSF PARTICIPACOES S.A.,816171000.0,-140884000.0,1170550000.0,638854000.0,1567186000.0,7282039000.0,480160000.0,173330000.0,2020,140884000.0,1087026000.0,2020-12-31,2021-02-18
20605,JHSF PARTICIPACOES S.A.,1113511000.0,-265072000.0,2007441000.0,981219000.0,1976992000.0,8411534000.0,421743000.0,391016000.0,2021,265072000.0,1555249000.0,2021-12-31,2022-02-24
20605,JHSF PARTICIPACOES S.A.,892282000.0,-385249000.0,1902092000.0,632094000.0,3061510000.0,10321737000.0,269036000.0,-215131000.0,2022,385249000.0,2792474000.0,2022-12-31,2023-03-22
20605,JHSF PARTICIPACOES S.A.,920857000.0,-317645000.0,1593474000.0,497865000.0,3264668000.0,11078069000.0,318126000.0,119859000.0,2023,317645000.0,2946542000.0,2023-12-31,2024-03-26
20605,JHSF PARTICIPACOES S.A.,1223763000.0,-409574000.0,1607933000.0,861545000.0,4490122000.0,13293747000.0,1126004000.0,330001000.0,2024,409574000.0,3364118000.0,2024-12-31,2025-03-28
20605,JHSF PARTICIPACOES S.A.,2460930000.0,-622138000.0,3479142000.0,1868540000.0,5857537000.0,18583090000.0,3661184000.0,3653063000.0,2025,622138000.0,2196353000.0,2025-12-31,2026-03-31
7811,JOAO FORTES ENGENHARIA S.A. - EM RECUPERAÇÃO JUDICIAL,58763000.0,-37144000.0,971769000.0,52344000.0,1467447000.0,3400251000.0,94103000.0,-436048000.0,2013,37144000.0,1373344000.0,2013-12-31,2014-05-15
7811,JOAO FORTES ENGENHARIA S.A. - EM RECUPERAÇÃO JUDICIAL,-127113000.0,-89256000.0,799197000.0,-260617000.0,1529396000.0,3194502000.0,72123000.0,-676047000.0,2014,89256000.0,1457273000.0,2014-12-31,2015-03-31
7811,JOAO FORTES ENGENHARIA S.A. - EM RECUPERAÇÃO JUDICIAL,-203186000.0,-124488000.0,561638000.0,-283634000.0,1245703000.0,3045479000.0,42842000.0,-235867000.0,2015,124488000.0,1202861000.0,2015-12-31,2016-04-01
7811,JOAO FORTES ENGENHARIA S.A. - EM RECUPERAÇÃO JUDICIAL,-389377000.0,-132793000.0,236146000.0,-457759000.0,1194562000.0,2641547000.0,20786000.0,85413000.0,2016,132793000.0,1173776000.0,2016-12-31,2017-03-28
7811,JOAO FORTES ENGENHARIA S.A. - EM RECUPERAÇÃO JUDICIAL,-439995000.0,-102108000.0,165162000.0,-462882000.0,928291000.0,2157256000.0,30689000.0,103520000.0,2017,102108000.0,897602000.0,2017-12-31,2018-03-28
7811,JOAO FORTES ENGENHARIA S.A. - EM RECUPERAÇÃO JUDICIAL,-404715000.0,-74363000.0,98781000.0,-427819000.0,619803000.0,1754147000.0,16741000.0,166351000.0,2018,74363000.0,603062000.0,2018-12-31,2019-06-07
7811,JOAO FORTES ENGENHARIA S.A. - EM RECUPERAÇÃO JUDICIAL,-290881000.0,-123802000.0,174756000.0,-396009000.0,568637000.0,1352519000.0,9610000.0,154235000.0,2019,123802000.0,559027000.0,2019-12-31,2021-02-08
7811,JOAO FORTES ENGENHARIA S.A. - EM RECUPERAÇÃO JUDICIAL,-147470000.0,-36633000.0,28984000.0,-170943000.0,585246000.0,1280373000.0,9736000.0,-9514000.0,2020,36633000.0,575510000.0,2020-12-31,2021-03-31
7811,JOAO FORTES ENGENHARIA S.A. - EM RECUPERAÇÃO JUDICIAL,-200716000.0,-10325000.0,4245000.0,-193239000.0,598970000.0,1199309000.0,20063000.0,15831000.0,2021,10325000.0,578907000.0,2021-12-31,2022-03-18
7811,JOAO FORTES ENGENHARIA S.A. - EM RECUPERAÇÃO JUDICIAL,-95035000.0,-41798000.0,6597000.0,-126136000.0,606552000.0,1133288000.0,7739000.0,-10078000.0,2022,41798000.0,598813000.0,2022-12-31,2023-03-24
7811,JOAO FORTES ENGENHARIA S.A. - EM RECUPERAÇÃO JUDICIAL,-83703000.0,-32730000.0,83904000.0,-52456000.0,609805000.0,1057095000.0,20845000.0,60656000.0,2023,32730000.0,588960000.0,2023-12-31,2024-03-15
7811,JOAO FORTES ENGENHARIA S.A. - EM RECUPERAÇÃO JUDICIAL,-169930000.0,-66629000.0,166984000.0,-224400000.0,264888000.0,857867000.0,8363000.0,-461068000.0,2024,66629000.0,256525000.0,2024-12-31,2025-03-28
7811,JOAO FORTES ENGENHARIA S.A. - EM RECUPERAÇÃO JUDICIAL,-191992000.0,-44494000.0,174975000.0,-223606000.0,348430000.0,742506000.0,3335000.0,-77416000.0,2025,44494000.0,345095000.0,2025-12-31,2026-03-30
13285,JOSAPAR-JOAQUIM OLIVEIRA S.A. - PARTICIP,69693000.0,-61548000.0,987306000.0,24209000.0,607126000.0,1342254000.0,247060000.0,10027000.0,2013,61548000.0,360066000.0,2013-12-31,2014-03-21
13285,JOSAPAR-JOAQUIM OLIVEIRA S.A. - PARTICIP,74304000.0,-84382000.0,1028233000.0,26122000.0,657948000.0,1399719000.0,243337000.0,-70003000.0,2014,84382000.0,414611000.0,2014-12-31,2015-03-24
13285,JOSAPAR-JOAQUIM OLIVEIRA S.A. - PARTICIP,87557000.0,-117340000.0,1056831000.0,29905000.0,744109000.0,1566240000.0,259071000.0,-40087000.0,2015,117340000.0,485038000.0,2015-12-31,2016-03-24
13285,JOSAPAR-JOAQUIM OLIVEIRA S.A. - PARTICIP,113585000.0,-125078000.0,1172311000.0,35851000.0,794522000.0,1667337000.0,305040000.0,14112000.0,2016,125078000.0,489482000.0,2016-12-31,2017-03-28
13285,JOSAPAR-JOAQUIM OLIVEIRA S.A. - PARTICIP,66364000.0,-102014000.0,1069282000.0,25306000.0,821267000.0,1712639000.0,444507000.0,128535000.0,2017,102014000.0,376760000.0,2017-12-31,2018-03-29
13285,JOSAPAR-JOAQUIM OLIVEIRA S.A. - PARTICIP,63275000.0,-96151000.0,1106752000.0,30296000.0,901088000.0,1815501000.0,11218000.0,-38648000.0,2018,96151000.0,889870000.0,2018-12-31,2019-03-22
13285,JOSAPAR-JOAQUIM OLIVEIRA S.A. - PARTICIP,29250000.0,-95982000.0,1218630000.0,18488000.0,913517000.0,1802268000.0,7749000.0,-63495000.0,2019,95982000.0,905768000.0,2019-12-31,2020-03-20
13285,JOSAPAR-JOAQUIM OLIVEIRA S.A. - PARTICIP,117446000.0,-108006000.0,1564081000.0,38418000.0,1010493000.0,2031804000.0,10965000.0,70337000.0,2020,108006000.0,999528000.0,2020-12-31,2021-03-23
13285,JOSAPAR-JOAQUIM OLIVEIRA S.A. - PARTICIP,83681000.0,-115523000.0,2002742000.0,37185000.0,1155092000.0,2196576000.0,4307000.0,-45936000.0,2021,115523000.0,1150785000.0,2021-12-31,2022-03-23
13285,JOSAPAR-JOAQUIM OLIVEIRA S.A. - PARTICIP,130099000.0,-236702000.0,2265866000.0,37262000.0,1307382000.0,2411619000.0,39202000.0,-97923000.0,2022,236702000.0,1268180000.0,2022-12-31,2023-03-23
13285,JOSAPAR-JOAQUIM OLIVEIRA S.A. - PARTICIP,126770000.0,-227771000.0,2119154000.0,22258000.0,1249074000.0,2388031000.0,4885000.0,169192000.0,2023,227771000.0,1244189000.0,2023-12-31,2024-03-22
13285,JOSAPAR-JOAQUIM OLIVEIRA S.A. - PARTICIP,109618000.0,-194293000.0,2212219000.0,28902000.0,1221777000.0,2306859000.0,11606000.0,61588000.0,2024,194293000.0,1210171000.0,2024-12-31,2025-03-25
13285,JOSAPAR-JOAQUIM OLIVEIRA S.A. - PARTICIP,90370000.0,-197425000.0,1802130000.0,16792000.0,1297447000.0,2311104000.0,12311000.0,146520000.0,2025,197425000.0,1285136000.0,2025-12-31,2026-03-24
23299,JP PARTICIPAÇÕES S.A.,130029000.0,-120201000.0,229362000.0,70437000.0,2220498000.0,5768722000.0,279392000.0,-197783000.0,2013,120201000.0,1941106000.0,2013-12-31,2014-03-28
12262,JPSP INVESTIMENTOS E PARTICIPAÇÕES S/A,-92788000.0,-8745000.0,0.0,-79969000.0,0.0,959335000.0,981000.0,-5934000.0,2013,8745000.0,-981000.0,2013-12-31,2014-03-25
12262,JPSP INVESTIMENTOS E PARTICIPAÇÕES S/A,-491979000.0,-87617000.0,0.0,-553847000.0,134323000.0,857973000.0,20195000.0,-51631000.0,2014,87617000.0,114128000.0,2014-12-31,2015-03-27
12262,JPSP INVESTIMENTOS E PARTICIPAÇÕES S/A,-703247000.0,-92042000.0,0.0,-763892000.0,155939000.0,337108000.0,2780000.0,-47697000.0,2015,92042000.0,153159000.0,2015-12-31,2016-03-23
12262,JPSP INVESTIMENTOS E PARTICIPAÇÕES S/A,-49803000.0,-27759000.0,0.0,-58042000.0,0.0,88147000.0,1690000.0,-30871000.0,2016,27759000.0,-1690000.0,2016-12-31,2017-03-10
22020,JSL S.A.,354857000.0,-314053000.0,4746520000.0,93570000.0,3489702000.0,5830098000.0,345980000.0,685982000.0,2013,314053000.0,3143722000.0,2013-12-31,2014-02-26
22020,JSL S.A.,460102000.0,-458449000.0,5539194000.0,72440000.0,4845448000.0,7489311000.0,372047000.0,542048000.0,2014,458449000.0,4473401000.0,2014-12-31,2015-02-11
22020,JSL S.A.,583455000.0,-714713000.0,5989912000.0,46762000.0,6334526000.0,8742595000.0,951166000.0,850881000.0,2015,714713000.0,5383360000.0,2015-12-31,2016-03-03
22020,JSL S.A.,498783000.0,-988842000.0,6739417000.0,-183174000.0,6313068000.0,8868383000.0,585920000.0,756453000.0,2016,988842000.0,5727148000.0,2016-12-31,2017-05-08
22020,JSL S.A.,704470000.0,-880096000.0,7255804000.0,16718000.0,8268975000.0,11500924000.0,714734000.0,-1873071000.0,2017,880096000.0,7554241000.0,2017-12-31,2018-03-29
22020,JSL S.A.,960717000.0,-999028000.0,8075389000.0,189170000.0,12001358000.0,15873954000.0,690324000.0,-2388058000.0,2018,999028000.0,11311034000.0,2018-12-31,2019-03-11
22020,JSL S.A.,1199165000.0,-1133375000.0,9686209000.0,318625000.0,14513107000.0,20268234000.0,591815000.0,-1999548000.0,2019,1133375000.0,13921292000.0,2019-12-31,2020-03-30
22020,JSL S.A.,195389000.0,-214377000.0,2826797000.0,131317000.0,2533978000.0,4838756000.0,64575000.0,-1331683000.0,2020,214377000.0,2469403000.0,2020-12-31,2021-03-08
22020,JSL S.A.,523933000.0,-247270000.0,4295978000.0,272548000.0,3945147000.0,7122247000.0,152951000.0,-264369000.0,2021,247270000.0,3792196000.0,2021-12-31,2022-02-22
22020,JSL S.A.,768825000.0,-690799000.0,6022405000.0,194182000.0,4768412000.0,8242132000.0,475625000.0,755264000.0,2022,690799000.0,4292787000.0,2022-12-31,2023-02-14
22020,JSL S.A.,1281404000.0,-999107000.0,7574644000.0,351783000.0,7449222000.0,11888867000.0,610869000.0,-1315218000.0,2023,999107000.0,6838353000.0,2023-12-31,2024-03-19
22020,JSL S.A.,1210459000.0,-1189649000.0,9056258000.0,207312000.0,8106603000.0,12480182000.0,442823000.0,-296008000.0,2024,1189649000.0,7663780000.0,2024-12-31,2025-03-24
22020,JSL S.A.,1141757000.0,-1368534000.0,9640608000.0,81704000.0,7946624000.0,12133203000.0,241424000.0,1210204000.0,2025,1368534000.0,7705200000.0,2025-12-31,2026-03-24
25798,KALLAS INCORPORAÇÕES E CONSTRUÇÕES S.A.,69628000.0,0.0,384273000.0,66305000.0,161054000.0,1196535000.0,122250000.0,10351000.0,2020,0.0,38804000.0,2020-12-31,2021-04-09
25798,KALLAS INCORPORAÇÕES E CONSTRUÇÕES S.A.,79275000.0,0.0,488959000.0,77447000.0,297434000.0,1466555000.0,193667000.0,-7536000.0,2021,0.0,103767000.0,2021-12-31,2022-03-09
25798,KALLAS INCORPORAÇÕES E CONSTRUÇÕES S.A.,76953000.0,0.0,652603000.0,46749000.0,343893000.0,1646817000.0,146259000.0,-56188000.0,2022,0.0,197634000.0,2022-12-31,2023-03-07
25798,KALLAS INCORPORAÇÕES E CONSTRUÇÕES S.A.,112649000.0,0.0,994981000.0,77989000.0,495497000.0,1990895000.0,104778000.0,-247734000.0,2023,0.0,390719000.0,2023-12-31,2024-02-15
25798,KALLAS INCORPORAÇÕES E CONSTRUÇÕES S.A.,102904000.0,0.0,1254533000.0,58695000.0,604372000.0,1916393000.0,183902000.0,41304000.0,2024,0.0,420470000.0,2024-12-31,2025-02-20
25798,KALLAS INCORPORAÇÕES E CONSTRUÇÕES S.A.,-122103000.0,0.0,923144000.0,-155379000.0,621993000.0,2021084000.0,134696000.0,-73674000.0,2025,0.0,487297000.0,2025-12-31,2026-02-24
4146,KARSTEN S.A.,10029000.0,-52789000.0,336133000.0,-38224000.0,269247000.0,364033000.0,9301000.0,13049000.0,2013,52789000.0,259946000.0,2013-12-31,2014-03-20
4146,KARSTEN S.A.,-47075000.0,-60700000.0,332851000.0,-108030000.0,272727000.0,320555000.0,36584000.0,7082000.0,2014,60700000.0,236143000.0,2014-12-31,2015-03-30
4146,KARSTEN S.A.,12285000.0,-69098000.0,262713000.0,-49564000.0,259626000.0,276824000.0,3835000.0,39176000.0,2015,69098000.0,255791000.0,2015-12-31,2016-03-28
4146,KARSTEN S.A.,-908000.0,-105904000.0,311270000.0,-96579000.0,345476000.0,314602000.0,1658000.0,9757000.0,2016,105904000.0,343818000.0,2016-12-31,2017-03-29
4146,KARSTEN S.A.,44583000.0,-101790000.0,309776000.0,-525000.0,400328000.0,322722000.0,1667000.0,47048000.0,2017,101790000.0,398661000.0,2017-12-31,2018-03-29
4146,KARSTEN S.A.,46148000.0,-104750000.0,316639000.0,-52684000.0,488884000.0,341884000.0,2020000.0,23654000.0,2018,104750000.0,486864000.0,2018-12-31,2019-03-28
4146,KARSTEN S.A.,34707000.0,-52052000.0,337310000.0,-12431000.0,526201000.0,380810000.0,7927000.0,37851000.0,2019,52052000.0,518274000.0,2019-12-31,2020-03-30
4146,KARSTEN S.A.,83912000.0,-23022000.0,380165000.0,80509000.0,533259000.0,508572000.0,8649000.0,51632000.0,2020,23022000.0,524610000.0,2020-12-31,2021-03-30
4146,KARSTEN S.A.,67134000.0,-22876000.0,549677000.0,57485000.0,557919000.0,630576000.0,6294000.0,-6240000.0,2021,22876000.0,551625000.0,2021-12-31,2022-03-29
4146,KARSTEN S.A.,18483000.0,-61139000.0,612582000.0,-21146000.0,561288000.0,602326000.0,5724000.0,48882000.0,2022,61139000.0,555564000.0,2022-12-31,2023-03-29
4146,KARSTEN S.A.,67695000.0,-30999000.0,667929000.0,42160000.0,502014000.0,645471000.0,6158000.0,128579000.0,2023,30999000.0,495856000.0,2023-12-31,2024-03-26
4146,KARSTEN S.A.,83925000.0,-29110000.0,699084000.0,118409000.0,439009000.0,706533000.0,10650000.0,126124000.0,2024,29110000.0,428359000.0,2024-12-31,2025-03-28
4146,KARSTEN S.A.,92718000.0,-26195000.0,759038000.0,70539000.0,409773000.0,736951000.0,14337000.0,57712000.0,2025,26195000.0,395436000.0,2025-12-31,2026-03-27
7870,KEPLER WEBER S.A.,84119000.0,-22968000.0,594762000.0,62098000.0,115806000.0,674361000.0,10746000.0,66306000.0,2013,22968000.0,105060000.0,2013-12-31,2014-03-24
7870,KEPLER WEBER S.A.,143439000.0,-37333000.0,905841000.0,132684000.0,106395000.0,850775000.0,11013000.0,96436000.0,2014,37333000.0,95382000.0,2014-12-31,2015-03-20
7870,KEPLER WEBER S.A.,3706000.0,-32332000.0,705979000.0,6237000.0,104004000.0,791235000.0,9511000.0,7405000.0,2015,32332000.0,94493000.0,2015-12-31,2016-03-18
7870,KEPLER WEBER S.A.,-48641000.0,-21063000.0,475298000.0,-22124000.0,118227000.0,763805000.0,21790000.0,53122000.0,2016,21063000.0,96437000.0,2016-12-31,2017-03-17
7870,KEPLER WEBER S.A.,-39404000.0,-19407000.0,578375000.0,-34257000.0,79511000.0,716246000.0,14424000.0,-18610000.0,2017,19407000.0,65087000.0,2017-12-31,2018-03-23
7870,KEPLER WEBER S.A.,20995000.0,-20699000.0,576300000.0,8266000.0,65522000.0,704273000.0,6803000.0,-20484000.0,2018,20699000.0,58719000.0,2018-12-31,2019-03-20
7870,KEPLER WEBER S.A.,52427000.0,-14342000.0,583465000.0,37572000.0,42869000.0,676102000.0,38443000.0,61497000.0,2019,14342000.0,4426000.0,2019-12-31,2021-03-12
7870,KEPLER WEBER S.A.,80425000.0,-34452000.0,671243000.0,67650000.0,17196000.0,948778000.0,260376000.0,253962000.0,2020,34452000.0,-243180000.0,2020-12-31,2021-02-24
7870,KEPLER WEBER S.A.,204873000.0,-21759000.0,1226179000.0,154635000.0,61366000.0,1018396000.0,131818000.0,42036000.0,2021,21759000.0,-70452000.0,2021-12-31,2022-02-16
7870,KEPLER WEBER S.A.,518148000.0,-39610000.0,1815401000.0,382468000.0,170860000.0,1273778000.0,254454000.0,348152000.0,2022,39610000.0,-83594000.0,2022-12-31,2023-02-15
7870,KEPLER WEBER S.A.,301777000.0,-49714000.0,1512134000.0,245214000.0,196774000.0,1471280000.0,322923000.0,282029000.0,2023,49714000.0,-126149000.0,2023-12-31,2024-02-28
7870,KEPLER WEBER S.A.,289184000.0,-64544000.0,1607297000.0,199183000.0,329222000.0,1594030000.0,389817000.0,193900000.0,2024,64544000.0,-60595000.0,2024-12-31,2025-02-26
7870,KEPLER WEBER S.A.,193920000.0,-81885000.0,1490300000.0,156270000.0,333162000.0,1512406000.0,316431000.0,120350000.0,2025,81885000.0,16731000.0,2025-12-31,2026-02-25
12653,KLABIN S.A.,1119252000.0,-1015049000.0,4599337000.0,290097000.0,6963597000.0,14919496000.0,2729872000.0,1032322000.0,2013,1015049000.0,4233725000.0,2013-12-31,2014-02-12
12653,KLABIN S.A.,1699735000.0,-1273984000.0,4893882000.0,730330000.0,10985572000.0,21173855000.0,5245833000.0,1555391000.0,2014,1273984000.0,5739739000.0,2014-12-31,2015-02-11
12653,KLABIN S.A.,1491822000.0,-4414816000.0,5687589000.0,-1253197000.0,18021730000.0,26268180000.0,5053723000.0,1739996000.0,2015,4414816000.0,12968007000.0,2015-12-31,2016-02-03
12653,KLABIN S.A.,1398146000.0,1151934000.0,7090798000.0,2481946000.0,18468547000.0,29313729000.0,5872720000.0,1202849000.0,2016,1151934000.0,12595827000.0,2016-12-31,2017-02-09
12653,KLABIN S.A.,1552052000.0,-1548472000.0,8373378000.0,532169000.0,19549411000.0,30549541000.0,7028422000.0,1792978000.0,2017,1548472000.0,12520989000.0,2017-12-31,2018-02-01
12653,KLABIN S.A.,2983605000.0,-3704350000.0,10016461000.0,186818000.0,19445672000.0,29633743000.0,5733854000.0,2786976000.0,2018,3704350000.0,13711818000.0,2018-12-31,2019-02-07
12653,KLABIN S.A.,2526374000.0,-3003313000.0,10271839000.0,714618000.0,24085272000.0,34703082000.0,8340386000.0,2953124000.0,2019,3003313000.0,15744886000.0,2019-12-31,2020-02-06
12653,KLABIN S.A.,3214766000.0,-7993765000.0,11948794000.0,-2389490000.0,26338990000.0,35270261000.0,5208830000.0,5791245000.0,2020,7993765000.0,21130160000.0,2020-12-31,2021-02-10
12653,KLABIN S.A.,5506874000.0,-1611638000.0,16481388000.0,3404874000.0,29338419000.0,42075707000.0,6405200000.0,4891249000.0,2021,1611638000.0,22933219000.0,2021-12-31,2024-06-13
12653,KLABIN S.A.,6690594000.0,-672145000.0,20032699000.0,4688903000.0,27540612000.0,47577358000.0,4683945000.0,8420814000.0,2022,672145000.0,22856667000.0,2022-12-31,2023-02-08
12653,KLABIN S.A.,4249210000.0,-1026346000.0,18023749000.0,2847388000.0,31341244000.0,55434690000.0,9558829000.0,7592726000.0,2023,1026346000.0,21782415000.0,2023-12-31,2024-02-07
12653,KLABIN S.A.,4497439000.0,-4009246000.0,19645264000.0,2046945000.0,39704237000.0,59390832000.0,6736171000.0,7425327000.0,2024,4009246000.0,32968066000.0,2024-12-31,2025-02-26
12653,KLABIN S.A.,4480349000.0,-2628543000.0,20697507000.0,1678211000.0,36721042000.0,63796777000.0,10106016000.0,6396244000.0,2025,2628543000.0,26615026000.0,2025-12-31,2026-02-11
25879,KORA SAÚDE PARTICIPAÇÕES S.A.,79134000.0,-52329000.0,612287000.0,17540000.0,683717000.0,1101449000.0,180773000.0,25312000.0,2020,52329000.0,502944000.0,2020-12-31,2021-04-06
25879,KORA SAÚDE PARTICIPAÇÕES S.A.,132812000.0,-147164000.0,1261856000.0,-54955000.0,1687346000.0,3941835000.0,396969000.0,15388000.0,2021,147164000.0,1290377000.0,2021-12-31,2022-03-30
25879,KORA SAÚDE PARTICIPAÇÕES S.A.,270507000.0,-425831000.0,2046729000.0,-94469000.0,2418233000.0,4724092000.0,779534000.0,281356000.0,2022,425831000.0,1638699000.0,2022-12-31,2023-03-28
25879,KORA SAÚDE PARTICIPAÇÕES S.A.,288934000.0,-459224000.0,2259687000.0,-158069000.0,2744970000.0,4704610000.0,359858000.0,-234200000.0,2023,459224000.0,2385112000.0,2023-12-31,2024-02-27
25879,KORA SAÚDE PARTICIPAÇÕES S.A.,266594000.0,-474415000.0,2268230000.0,-168454000.0,2991206000.0,4777870000.0,252681000.0,-111757000.0,2024,474415000.0,2738525000.0,2024-12-31,2025-03-31
25879,KORA SAÚDE PARTICIPAÇÕES S.A.,221711000.0,-682934000.0,2384128000.0,-421325000.0,3312976000.0,4966441000.0,262201000.0,1222000.0,2025,682934000.0,3050775000.0,2025-12-31,2026-04-11
15083,KOSMOS COMÉRCIO DE VESTUÁRIO S/A - EM RECUPERAÇÃO JUDICIAL,-321298000.0,-645673000.0,43771000.0,-966912000.0,446872000.0,91797000.0,4454000.0,6849000.0,2013,645673000.0,442418000.0,2013-12-31,2014-03-28
15083,KOSMOS COMÉRCIO DE VESTUÁRIO S/A - EM RECUPERAÇÃO JUDICIAL,149004000.0,-39477000.0,58256000.0,111041000.0,485434000.0,126130000.0,14033000.0,6707000.0,2014,39477000.0,471401000.0,2014-12-31,2015-03-27
15083,KOSMOS COMÉRCIO DE VESTUÁRIO S/A - EM RECUPERAÇÃO JUDICIAL,-151370000.0,-7266000.0,56483000.0,-155177000.0,519902000.0,126006000.0,30676000.0,49936000.0,2015,7266000.0,489226000.0,2015-12-31,2016-03-29
15083,KOSMOS COMÉRCIO DE VESTUÁRIO S/A - EM RECUPERAÇÃO JUDICIAL,12207000.0,-11841000.0,46111000.0,5301000.0,412125000.0,108551000.0,7610000.0,-58181000.0,2016,11841000.0,404515000.0,2016-12-31,2017-03-24
15083,KOSMOS COMÉRCIO DE VESTUÁRIO S/A - EM RECUPERAÇÃO JUDICIAL,-78707000.0,-8615000.0,53649000.0,-85373000.0,412125000.0,104865000.0,3784000.0,-3919000.0,2017,8615000.0,408341000.0,2017-12-31,2018-03-28
15083,KOSMOS COMÉRCIO DE VESTUÁRIO S/A - EM RECUPERAÇÃO JUDICIAL,-50280000.0,-22436000.0,51783000.0,-72602000.0,412125000.0,104187000.0,3497000.0,1877000.0,2018,22436000.0,408628000.0,2018-12-31,2019-03-29
15083,KOSMOS COMÉRCIO DE VESTUÁRIO S/A - EM RECUPERAÇÃO JUDICIAL,-78029000.0,-7006000.0,46600000.0,-85003000.0,412125000.0,107701000.0,1345000.0,1247000.0,2019,7006000.0,410780000.0,2019-12-31,2020-03-25
80128,LATAM AIRLINES GROUP S.A.,1299739000.0,-998830000.0,27892144000.0,-543030000.0,23191206000.0,53015723000.0,4649834000.0,,2013,998830000.0,18541372000.0,2013-12-31,2014-03-17
80128,LATAM AIRLINES GROUP S.A.,1325673000.0,-1011792000.0,28456957000.0,-488214000.0,23941996000.0,54410743000.0,2628034000.0,,2014,1011792000.0,21313962000.0,2014-12-31,2015-05-15
80128,LATAM AIRLINES GROUP S.A.,1455627000.0,-1378079000.0,32293500000.0,-596250000.0,35832866000.0,70682417000.0,2942255000.0,,2015,1378079000.0,32890611000.0,2015-12-31,2016-03-21
25062,LAVVI EMPREENDIMENTOS IMOBILIÁRIOS S.A.,52822000.0,-1043000.0,193804000.0,49709000.0,56023000.0,365872000.0,66312000.0,-29449000.0,2019,1043000.0,-10289000.0,2019-12-31,2020-08-26
25062,LAVVI EMPREENDIMENTOS IMOBILIÁRIOS S.A.,118836000.0,-2662000.0,359507000.0,118832000.0,58849000.0,1693791000.0,899714000.0,-8188000.0,2020,2662000.0,-840865000.0,2020-12-31,2021-03-18
25062,LAVVI EMPREENDIMENTOS IMOBILIÁRIOS S.A.,176563000.0,-3077000.0,609270000.0,204301000.0,3067000.0,1751040000.0,7115000.0,-158139000.0,2021,3077000.0,-4048000.0,2021-12-31,2022-04-11
25062,LAVVI EMPREENDIMENTOS IMOBILIÁRIOS S.A.,86522000.0,-3337000.0,555327000.0,130908000.0,44618000.0,1928664000.0,33635000.0,80014000.0,2022,3337000.0,10983000.0,2022-12-31,2023-03-08
25062,LAVVI EMPREENDIMENTOS IMOBILIÁRIOS S.A.,220128000.0,-8314000.0,903333000.0,246619000.0,216978000.0,2218279000.0,39615000.0,-251391000.0,2023,8314000.0,177363000.0,2023-12-31,2024-03-06
25062,LAVVI EMPREENDIMENTOS IMOBILIÁRIOS S.A.,396963000.0,-27592000.0,1549299000.0,392456000.0,655480000.0,3457891000.0,106168000.0,6812000.0,2024,27592000.0,549312000.0,2024-12-31,2025-03-19
25062,LAVVI EMPREENDIMENTOS IMOBILIÁRIOS S.A.,472961000.0,-89913000.0,1761398000.0,464164000.0,1313004000.0,4486572000.0,189277000.0,-217346000.0,2025,89913000.0,1123727000.0,2025-12-31,2026-03-11
27383,LETS RENT A CAR S/A,277428000.0,-232494000.0,969501000.0,63754000.0,1311048000.0,2402336000.0,180730000.0,-63243000.0,2023,232494000.0,1130318000.0,2023-12-31,2024-03-26
27383,LETS RENT A CAR S/A,199434000.0,-239682000.0,1045322000.0,25653000.0,1285422000.0,2243449000.0,2204000.0,34894000.0,2024,239682000.0,1283218000.0,2024-12-31,2025-03-20
17442,LF TEL SA,-34413000.0,-73151000.0,0.0,-105688000.0,662003000.0,1437627000.0,65000.0,36256000.0,2013,73151000.0,661938000.0,2013-12-31,2014-03-20
25666,LG INFORMÁTICA S.A.,20612000.0,-1220000.0,116215000.0,14029000.0,10938000.0,154709000.0,14590000.0,29188000.0,2020,1220000.0,-3652000.0,2020-12-31,2021-03-29
25666,LG INFORMÁTICA S.A.,20971000.0,-2122000.0,144226000.0,15426000.0,25051000.0,201505000.0,17864000.0,22290000.0,2021,2122000.0,7187000.0,2021-12-31,2022-03-18
23434,LIBRA TERMINAL RIO S.A. - EM RECUPERAÇÃO JUDICIAL,164011000.0,-59716000.0,383480000.0,75072000.0,493726000.0,650393000.0,1614000.0,121903000.0,2013,59716000.0,492112000.0,2013-12-31,2014-07-21
23434,LIBRA TERMINAL RIO S.A. - EM RECUPERAÇÃO JUDICIAL,141546000.0,-77714000.0,374775000.0,81967000.0,761440000.0,1006078000.0,52562000.0,-12693000.0,2014,77714000.0,708878000.0,2014-12-31,2015-03-31
23434,LIBRA TERMINAL RIO S.A. - EM RECUPERAÇÃO JUDICIAL,104231000.0,-199687000.0,309887000.0,-7007000.0,687912000.0,983507000.0,16960000.0,36113000.0,2015,199687000.0,670952000.0,2015-12-31,2016-03-30
23434,LIBRA TERMINAL RIO S.A. - EM RECUPERAÇÃO JUDICIAL,-25682000.0,-261317000.0,163198000.0,-87073000.0,679488000.0,800934000.0,9327000.0,-23542000.0,2016,261317000.0,670161000.0,2016-12-31,2017-03-30
23434,LIBRA TERMINAL RIO S.A. - EM RECUPERAÇÃO JUDICIAL,-314000.0,-199762000.0,159778000.0,-83530000.0,694276000.0,703545000.0,1726000.0,-12434000.0,2017,199762000.0,692550000.0,2017-12-31,2018-04-17
24872,LIFEMED INDUSTRIAL DE EQUIP. E ART. MEDICOS E HOSP. S.A,5071000.0,-11581000.0,107788000.0,-2076000.0,58353000.0,174980000.0,250000.0,17755000.0,2018,11581000.0,58103000.0,2018-12-31,2019-09-30
24872,LIFEMED INDUSTRIAL DE EQUIP. E ART. MEDICOS E HOSP. S.A,21310000.0,-14636000.0,123661000.0,18275000.0,73236000.0,215358000.0,229000.0,11052000.0,2019,14636000.0,73007000.0,2019-12-31,2020-03-18
24872,LIFEMED INDUSTRIAL DE EQUIP. E ART. MEDICOS E HOSP. S.A,58678000.0,-24339000.0,271405000.0,32072000.0,133747000.0,310270000.0,3452000.0,9241000.0,2020,24339000.0,130295000.0,2020-12-31,2021-03-18
24872,LIFEMED INDUSTRIAL DE EQUIP. E ART. MEDICOS E HOSP. S.A,140295000.0,-24646000.0,382853000.0,101812000.0,147306000.0,444354000.0,4026000.0,73766000.0,2021,24646000.0,143280000.0,2021-12-31,2022-03-24
24872,LIFEMED INDUSTRIAL DE EQUIP. E ART. MEDICOS E HOSP. S.A,23335000.0,-47562000.0,127596000.0,-15381000.0,146884000.0,396759000.0,3851000.0,36662000.0,2022,47562000.0,143033000.0,2022-12-31,2023-03-24
24872,LIFEMED INDUSTRIAL DE EQUIP. E ART. MEDICOS E HOSP. S.A,16351000.0,-29901000.0,95974000.0,-18019000.0,86122000.0,317560000.0,686000.0,120459000.0,2023,29901000.0,85436000.0,2023-12-31,2024-03-25
24872,LIFEMED INDUSTRIAL DE EQUIP. E ART. MEDICOS E HOSP. S.A,-7074000.0,-22332000.0,109594000.0,-27963000.0,96432000.0,283339000.0,618000.0,33395000.0,2024,22332000.0,95814000.0,2024-12-31,2025-03-25
24872,LIFEMED INDUSTRIAL DE EQUIP. E ART. MEDICOS E HOSP. S.A,21407000.0,-27232000.0,125141000.0,261000.0,97628000.0,305905000.0,737000.0,54993000.0,2025,27232000.0,96891000.0,2025-12-31,2026-03-27
27367,LIGGA TELECOMUNICAÇÕES S.A.,10812000.0,-129661000.0,473349000.0,-39164000.0,1130384000.0,2488408000.0,6825000.0,-350272000.0,2022,129661000.0,1123559000.0,2022-12-31,2023-08-30
27367,LIGGA TELECOMUNICAÇÕES S.A.,44600000.0,-220656000.0,616478000.0,-58751000.0,1282855000.0,2616423000.0,9870000.0,144336000.0,2023,220656000.0,1272985000.0,2023-12-31,2024-03-28
23000,LIGHT ENERGIA S.A.,388702000.0,-107758000.0,558660000.0,199185000.0,979603000.0,2102543000.0,74914000.0,171162000.0,2013,107758000.0,904689000.0,2013-12-31,2014-03-11
23000,LIGHT ENERGIA S.A.,437152000.0,-126220000.0,601558000.0,267670000.0,1017180000.0,2206971000.0,100579000.0,219965000.0,2014,126220000.0,916601000.0,2014-12-31,2015-03-06
23000,LIGHT ENERGIA S.A.,196477000.0,-301687000.0,567931000.0,15335000.0,1213917000.0,2306651000.0,88674000.0,282370000.0,2015,301687000.0,1125243000.0,2015-12-31,2016-03-30
23000,LIGHT ENERGIA S.A.,60614000.0,-180221000.0,627738000.0,-173938000.0,1018760000.0,1949013000.0,68112000.0,457045000.0,2016,180221000.0,950648000.0,2016-12-31,2017-03-23
23000,LIGHT ENERGIA S.A.,83089000.0,-121821000.0,927823000.0,-73320000.0,848388000.0,1922484000.0,53040000.0,290283000.0,2017,121821000.0,795348000.0,2017-12-31,2018-03-28
23000,LIGHT ENERGIA S.A.,219905000.0,-259121000.0,1118461000.0,36001000.0,1207879000.0,2772055000.0,89505000.0,210782000.0,2018,259121000.0,1118374000.0,2018-12-31,2019-03-28
23000,LIGHT ENERGIA S.A.,489693000.0,-173233000.0,1098020000.0,326609000.0,887756000.0,2997664000.0,341688000.0,594244000.0,2019,173233000.0,546068000.0,2019-12-31,2020-03-12
23000,LIGHT ENERGIA S.A.,973945000.0,-689523000.0,1131070000.0,421817000.0,1128528000.0,4369763000.0,164603000.0,514326000.0,2020,689523000.0,963925000.0,2020-12-31,2021-03-18
23000,LIGHT ENERGIA S.A.,433295000.0,-344156000.0,853490000.0,102961000.0,1653497000.0,3066536000.0,865000.0,-275560000.0,2021,344156000.0,1652632000.0,2021-12-31,2022-03-24
23000,LIGHT ENERGIA S.A.,515016000.0,-449185000.0,805579000.0,146311000.0,1609951000.0,2692471000.0,403000.0,227617000.0,2022,449185000.0,1609548000.0,2022-12-31,2023-03-28
23000,LIGHT ENERGIA S.A.,547097000.0,-92093000.0,814544000.0,368101000.0,1607079000.0,3189285000.0,466000.0,533392000.0,2023,92093000.0,1606613000.0,2023-12-31,2024-03-25
23000,LIGHT ENERGIA S.A.,486106000.0,-409556000.0,860589000.0,133411000.0,2161880000.0,3534491000.0,80659000.0,260625000.0,2024,409556000.0,2081221000.0,2024-12-31,2025-03-28
23000,LIGHT ENERGIA S.A.,217701000.0,-123841000.0,672559000.0,168525000.0,1586609000.0,3112506000.0,4859000.0,150742000.0,2025,123841000.0,1581750000.0,2025-12-31,2026-03-20
19879,LIGHT S.A. - EM RECUPERAÇÃO JUDICIAL,1305893000.0,-791948000.0,7422256000.0,587335000.0,5815311000.0,13002207000.0,546429000.0,1306314000.0,2013,791948000.0,5268882000.0,2013-12-31,2014-03-11
19879,LIGHT S.A. - EM RECUPERAÇÃO JUDICIAL,1394877000.0,-820262000.0,9230370000.0,662831000.0,6582301000.0,13634194000.0,401138000.0,585474000.0,2014,820262000.0,6181163000.0,2014-12-31,2015-03-06
19879,LIGHT S.A. - EM RECUPERAÇÃO JUDICIAL,635782000.0,-1610495000.0,10647304000.0,37836000.0,7574385000.0,14901420000.0,447441000.0,979481000.0,2015,1610495000.0,7126944000.0,2015-12-31,2016-11-10
19879,LIGHT S.A. - EM RECUPERAÇÃO JUDICIAL,514539000.0,-945047000.0,9645237000.0,-312937000.0,6943759000.0,14330229000.0,668304000.0,1142837000.0,2016,945047000.0,6275455000.0,2016-12-31,2017-03-23
19879,LIGHT S.A. - EM RECUPERAÇÃO JUDICIAL,1174732000.0,-976372000.0,11314559000.0,124221000.0,7410569000.0,14945049000.0,269928000.0,25747000.0,2017,976372000.0,7140641000.0,2017-12-31,2018-03-28
19879,LIGHT S.A. - EM RECUPERAÇÃO JUDICIAL,962162000.0,-1294046000.0,11970547000.0,165782000.0,10028461000.0,17863703000.0,707042000.0,41487000.0,2018,1294046000.0,9321419000.0,2018-12-31,2019-03-28
19879,LIGHT S.A. - EM RECUPERAÇÃO JUDICIAL,1287334000.0,-1199785000.0,13389567000.0,1327803000.0,8766540000.0,23843768000.0,996338000.0,451545000.0,2019,1199785000.0,7770202000.0,2019-12-31,2020-03-12
19879,LIGHT S.A. - EM RECUPERAÇÃO JUDICIAL,1781260000.0,-1830328000.0,13073468000.0,691922000.0,9683969000.0,26397266000.0,653200000.0,2333644000.0,2020,1830328000.0,9030769000.0,2020-12-31,2021-03-19
19879,LIGHT S.A. - EM RECUPERAÇÃO JUDICIAL,1143301000.0,-1712599000.0,14897920000.0,397945000.0,11144326000.0,28277872000.0,396777000.0,-42045000.0,2021,1712599000.0,10747549000.0,2021-12-31,2022-03-24
19879,LIGHT S.A. - EM RECUPERAÇÃO JUDICIAL,-1910411000.0,-4086653000.0,13253286000.0,-5672203000.0,10688690000.0,24106103000.0,43886000.0,200763000.0,2022,4086653000.0,10644804000.0,2022-12-31,2023-03-28
19879,LIGHT S.A. - EM RECUPERAÇÃO JUDICIAL,1537968000.0,-1443439000.0,14116325000.0,255162000.0,10645470000.0,23716936000.0,292066000.0,1395924000.0,2023,1443439000.0,10353404000.0,2023-12-31,2024-03-25
19879,LIGHT S.A. - EM RECUPERAÇÃO JUDICIAL,1177061000.0,-256799000.0,14876283000.0,1643779000.0,9505843000.0,25343661000.0,185797000.0,2150286000.0,2024,256799000.0,9320046000.0,2024-12-31,2025-03-28
19879,LIGHT S.A. - EM RECUPERAÇÃO JUDICIAL,1268528000.0,-1239053000.0,14996448000.0,213095000.0,9712358000.0,25733415000.0,110772000.0,375542000.0,2025,1239053000.0,9601586000.0,2025-12-31,2026-03-20
23035,LINX S.A.,57275000.0,-7913000.0,295449000.0,62410000.0,47045000.0,769011000.0,38061000.0,109857000.0,2013,7913000.0,8984000.0,2013-12-31,2014-02-13
23035,LINX S.A.,65149000.0,-14109000.0,368813000.0,67582000.0,72177000.0,882182000.0,32539000.0,109845000.0,2014,14109000.0,39638000.0,2014-12-31,2015-02-12
23035,LINX S.A.,69761000.0,-20260000.0,449183000.0,63818000.0,128338000.0,996087000.0,14790000.0,81536000.0,2015,20260000.0,113548000.0,2015-12-31,2016-02-18
23035,LINX S.A.,68176000.0,-24744000.0,495799000.0,68501000.0,130767000.0,1483372000.0,7227000.0,82138000.0,2016,24744000.0,123540000.0,2016-12-31,2017-02-13
23035,LINX S.A.,74368000.0,-24028000.0,571590000.0,84845000.0,97288000.0,1564024000.0,42918000.0,108736000.0,2017,24028000.0,54370000.0,2017-12-31,2018-02-19
23035,LINX S.A.,90063000.0,-44787000.0,685559000.0,71055000.0,249981000.0,1647676000.0,49850000.0,97699000.0,2018,44787000.0,200131000.0,2018-12-31,2019-06-11
23035,LINX S.A.,81110000.0,-87280000.0,788159000.0,38876000.0,336264000.0,2563943000.0,75898000.0,131781000.0,2019,87280000.0,260366000.0,2019-12-31,2020-03-30
23035,LINX S.A.,-46699000.0,-81779000.0,876377000.0,-80074000.0,402153000.0,2678333000.0,45562000.0,51389000.0,2020,81779000.0,356591000.0,2020-12-31,2021-04-20
15091,LITEL PARTICIPACOES S.A.,-523559000.0,-154645000.0,0.0,-481253000.0,0.0,32275386000.0,50385000.0,445982000.0,2013,154645000.0,-50385000.0,2013-12-31,2014-03-31
15091,LITEL PARTICIPACOES S.A.,-365054000.0,-99746000.0,0.0,-299383000.0,0.0,31710839000.0,44859000.0,955220000.0,2014,99746000.0,-44859000.0,2014-12-31,2015-04-01
15091,LITEL PARTICIPACOES S.A.,-8329129000.0,-85495000.0,0.0,-8325767000.0,0.0,29010863000.0,40136000.0,441541000.0,2015,85495000.0,-40136000.0,2015-12-31,2016-03-29
15091,LITEL PARTICIPACOES S.A.,2605226000.0,-19569000.0,0.0,2635713000.0,0.0,28856033000.0,51699000.0,125656000.0,2016,19569000.0,-51699000.0,2016-12-31,2017-03-20
15091,LITEL PARTICIPACOES S.A.,3360964000.0,-30939000.0,0.0,2730423000.0,0.0,33193064000.0,302421000.0,4878000.0,2017,30939000.0,-302421000.0,2017-12-31,2018-03-29
15091,LITEL PARTICIPACOES S.A.,5164402000.0,-31708000.0,0.0,5123097000.0,0.0,37117950000.0,218018000.0,-2108294000.0,2018,31708000.0,-218018000.0,2018-12-31,2019-03-29
15091,LITEL PARTICIPACOES S.A.,702306000.0,-19869000.0,0.0,301708000.0,0.0,0.0,0.0,2371000.0,2019,19869000.0,0.0,2019-12-31,2020-04-27
25895,LIVETECH DA BAHIA INDÚSTRIA E COMÉRCIO S.A.,123295000.0,-83316000.0,718045000.0,70587000.0,0.0,911310000.0,37785000.0,124113000.0,2020,83316000.0,-37785000.0,2020-12-31,2021-04-15
25895,LIVETECH DA BAHIA INDÚSTRIA E COMÉRCIO S.A.,134499000.0,-135039000.0,1066582000.0,72454000.0,0.0,1491836000.0,38465000.0,-29546000.0,2021,135039000.0,-38465000.0,2021-12-31,2022-03-09
25895,LIVETECH DA BAHIA INDÚSTRIA E COMÉRCIO S.A.,88788000.0,-245484000.0,1070905000.0,23169000.0,0.0,1638623000.0,152470000.0,-10520000.0,2022,245484000.0,-152470000.0,2022-12-31,2023-03-01
25895,LIVETECH DA BAHIA INDÚSTRIA E COMÉRCIO S.A.,36386000.0,-140886000.0,900717000.0,-11876000.0,0.0,1353051000.0,101959000.0,203860000.0,2023,140886000.0,-101959000.0,2023-12-31,2024-03-06
25895,LIVETECH DA BAHIA INDÚSTRIA E COMÉRCIO S.A.,59349000.0,-130500000.0,837881000.0,28657000.0,0.0,1455435000.0,102030000.0,130205000.0,2024,130500000.0,-102030000.0,2024-12-31,2025-03-21
25895,LIVETECH DA BAHIA INDÚSTRIA E COMÉRCIO S.A.,-136754000.0,-134566000.0,871847000.0,-191446000.0,0.0,1188024000.0,171983000.0,143790000.0,2025,134566000.0,-171983000.0,2025-12-31,2026-03-30
24880,LM TRANSPORTES INTERESTADUAIS SERVIÇOS E COMÉRCIO S.A.,142197000.0,-107308000.0,523459000.0,36034000.0,1411102000.0,1931677000.0,537361000.0,333623000.0,2020,107308000.0,873741000.0,2020-12-31,2021-03-22
24880,LM TRANSPORTES INTERESTADUAIS SERVIÇOS E COMÉRCIO S.A.,243615000.0,-151595000.0,786738000.0,98665000.0,1374786000.0,1977135000.0,271034000.0,646040000.0,2021,151595000.0,1103752000.0,2021-12-31,2022-02-21
24880,LM TRANSPORTES INTERESTADUAIS SERVIÇOS E COMÉRCIO S.A.,482614000.0,-594875000.0,1243892000.0,140897000.0,4264336000.0,8175073000.0,977623000.0,1994138000.0,2022,594875000.0,3286713000.0,2022-12-31,2023-03-30
24880,LM TRANSPORTES INTERESTADUAIS SERVIÇOS E COMÉRCIO S.A.,875969000.0,-1037177000.0,2963057000.0,160371000.0,6135071000.0,12199698000.0,1611137000.0,-530212000.0,2023,1037177000.0,4523934000.0,2023-12-31,2024-04-16
24880,LM TRANSPORTES INTERESTADUAIS SERVIÇOS E COMÉRCIO S.A.,1231606000.0,-2287068000.0,4149626000.0,200184000.0,11533060000.0,16906785000.0,2097849000.0,-2534464000.0,2024,2287068000.0,9435211000.0,2024-12-31,2025-03-26
24880,LM TRANSPORTES INTERESTADUAIS SERVIÇOS E COMÉRCIO S.A.,1700988000.0,-2209072000.0,5266307000.0,45188000.0,12769471000.0,19231438000.0,1087685000.0,-432515000.0,2025,2209072000.0,11681786000.0,2025-12-31,2026-03-27
24813,LOCALIZA FLEET S.A.,436257000.0,-153840000.0,1552533000.0,210080000.0,1986442000.0,3111338000.0,435375000.0,-114527000.0,2018,153840000.0,1551067000.0,2018-12-31,2019-09-19
24813,LOCALIZA FLEET S.A.,489165000.0,-209517000.0,1719921000.0,216045000.0,2408870000.0,3924927000.0,348342000.0,-329380000.0,2019,209517000.0,2060528000.0,2019-12-31,2020-03-10
24813,LOCALIZA FLEET S.A.,745933000.0,-177975000.0,2091103000.0,396666000.0,2524077000.0,4343396000.0,666489000.0,427194000.0,2020,177975000.0,1857588000.0,2020-12-31,2021-03-23
24813,LOCALIZA FLEET S.A.,820700000.0,-82446000.0,2115090000.0,526797000.0,2740229000.0,5431619000.0,129419000.0,-562106000.0,2021,82446000.0,2610810000.0,2021-12-31,2022-02-24
24813,LOCALIZA FLEET S.A.,1184559000.0,-542924000.0,2804338000.0,539074000.0,5507414000.0,10047503000.0,234319000.0,-2608489000.0,2022,542924000.0,5273095000.0,2022-12-31,2023-03-31
24813,LOCALIZA FLEET S.A.,1771254000.0,-1001845000.0,5157876000.0,616267000.0,9046860000.0,15839710000.0,644529000.0,-3013979000.0,2023,1001845000.0,8402331000.0,2023-12-31,2024-03-13
24813,LOCALIZA FLEET S.A.,2371896000.0,-1250126000.0,8117091000.0,831241000.0,11637396000.0,20802878000.0,902349000.0,-3185503000.0,2024,1250126000.0,10735047000.0,2024-12-31,2025-03-07
24813,LOCALIZA FLEET S.A.,2908592000.0,-1770956000.0,10637697000.0,986023000.0,12002560000.0,21614962000.0,408701000.0,-380070000.0,2025,1770956000.0,11593859000.0,2025-12-31,2026-02-26
19739,LOCALIZA RENT A CAR S.A.,652067000.0,-187094000.0,3506235000.0,384344000.0,2343539000.0,4578200000.0,1010740000.0,321620000.0,2013,187094000.0,1332799000.0,2013-12-31,2014-03-21
19739,LOCALIZA RENT A CAR S.A.,726637000.0,-276377000.0,3892216000.0,410589000.0,2712466000.0,5697454000.0,1390189000.0,253387000.0,2014,276377000.0,1322277000.0,2014-12-31,2015-03-24
19739,LOCALIZA RENT A CAR S.A.,735508000.0,-370021000.0,3928095000.0,402427000.0,3019276000.0,6123024000.0,1385103000.0,-3401000.0,2015,370021000.0,1634173000.0,2015-12-31,2016-03-03
19739,LOCALIZA RENT A CAR S.A.,771192000.0,-445512000.0,4439273000.0,409315000.0,3785889000.0,7417255000.0,1692261000.0,-226788000.0,2016,445512000.0,2093628000.0,2016-12-31,2017-02-05
19739,LOCALIZA RENT A CAR S.A.,969134000.0,-511883000.0,6058279000.0,505676000.0,6477679000.0,11186234000.0,1338195000.0,-2443028000.0,2017,511883000.0,5139484000.0,2017-12-31,2018-03-14
19739,LOCALIZA RENT A CAR S.A.,1254639000.0,-536809000.0,7895804000.0,659208000.0,7645978000.0,13992414000.0,2175302000.0,-67423000.0,2018,536809000.0,5470676000.0,2018-12-31,2019-02-21
19739,LOCALIZA RENT A CAR S.A.,1489627000.0,-629966000.0,10195637000.0,833938000.0,9379459000.0,19392960000.0,2220102000.0,-2896179000.0,2019,629966000.0,7159357000.0,2019-12-31,2020-03-10
19739,LOCALIZA RENT A CAR S.A.,1801734000.0,-512383000.0,10307615000.0,1048180000.0,10497723000.0,20441134000.0,2586393000.0,483316000.0,2020,512383000.0,7911330000.0,2020-12-31,2021-02-25
19739,LOCALIZA RENT A CAR S.A.,3224066000.0,-576898000.0,10901336000.0,2043677000.0,12433095000.0,25312056000.0,444139000.0,-3371341000.0,2021,576898000.0,11988956000.0,2021-12-31,2022-02-22
19739,LOCALIZA RENT A CAR S.A.,4529425000.0,-3056044000.0,17783568000.0,1841207000.0,33271113000.0,65656631000.0,1505623000.0,-9096644000.0,2022,3056044000.0,31765490000.0,2022-12-31,2023-03-28
19739,LOCALIZA RENT A CAR S.A.,5898542000.0,-5249978000.0,28902284000.0,1803090000.0,40607633000.0,80947084000.0,2000897000.0,-9913135000.0,2023,5249978000.0,38606736000.0,2023-12-31,2024-03-12
19739,LOCALIZA RENT A CAR S.A.,5805169000.0,-5429390000.0,37271558000.0,1813310000.0,44766537000.0,87243607000.0,3568636000.0,650353000.0,2024,5429390000.0,41197901000.0,2024-12-31,2025-02-27
19739,LOCALIZA RENT A CAR S.A.,7811656000.0,-6321210000.0,41781588000.0,1870470000.0,43595338000.0,85566576000.0,1705451000.0,2146418000.0,2025,6321210000.0,41889887000.0,2025-12-31,2026-02-26
21555,LOCAMÉRICA RENT-A-CAR S.A.,116199000.0,-81086000.0,827024000.0,61208000.0,893520000.0,1663823000.0,210794000.0,10106000.0,2013,81086000.0,682726000.0,2013-12-31,2014-03-24
21555,LOCAMÉRICA RENT-A-CAR S.A.,158881000.0,-117241000.0,1000591000.0,47985000.0,809967000.0,1762850000.0,33673000.0,32180000.0,2014,117241000.0,776294000.0,2014-12-31,2015-03-05
21555,LOCAMÉRICA RENT-A-CAR S.A.,175378000.0,-239625000.0,1125455000.0,42747000.0,917833000.0,1902257000.0,100200000.0,93052000.0,2015,239625000.0,817633000.0,2015-12-31,2016-04-20
21555,LOCAMÉRICA RENT-A-CAR S.A.,217184000.0,-267711000.0,1278609000.0,46869000.0,941935000.0,2171206000.0,36988000.0,41123000.0,2016,267711000.0,904947000.0,2016-12-31,2017-03-16
21555,LOCAMÉRICA RENT-A-CAR S.A.,239361000.0,-194289000.0,1613851000.0,60907000.0,1473656000.0,2911139000.0,198563000.0,-86789000.0,2017,194289000.0,1275093000.0,2017-12-31,2018-03-26
21555,LOCAMÉRICA RENT-A-CAR S.A.,326741000.0,-184693000.0,2019260000.0,109898000.0,1630987000.0,3945562000.0,75633000.0,-54831000.0,2018,184693000.0,1555354000.0,2018-12-31,2019-02-26
21555,LOCAMÉRICA RENT-A-CAR S.A.,475592000.0,-257837000.0,3134415000.0,176960000.0,2629546000.0,5643629000.0,408447000.0,-586819000.0,2019,257837000.0,2221099000.0,2019-12-31,2020-03-12
23272,LOG COMMERCIAL PROPERTIES E PARTICIPAÇÕES,39330000.0,-15901000.0,89255000.0,30922000.0,766916000.0,1626287000.0,151200000.0,53426000.0,2013,15901000.0,615716000.0,2013-12-31,2014-03-20
23272,LOG COMMERCIAL PROPERTIES E PARTICIPAÇÕES,285682000.0,-37686000.0,67968000.0,272247000.0,1034429000.0,2626148000.0,77334000.0,43715000.0,2014,37686000.0,957095000.0,2014-12-31,2015-02-27
23272,LOG COMMERCIAL PROPERTIES E PARTICIPAÇÕES,44345000.0,-63384000.0,92911000.0,17191000.0,964958000.0,2575518000.0,17258000.0,194236000.0,2015,63384000.0,947700000.0,2015-12-31,2016-03-07
23272,LOG COMMERCIAL PROPERTIES E PARTICIPAÇÕES,54451000.0,-60672000.0,96774000.0,35656000.0,989084000.0,2882098000.0,40508000.0,71931000.0,2016,60672000.0,948576000.0,2016-12-31,2019-10-10
23272,LOG COMMERCIAL PROPERTIES E PARTICIPAÇÕES,71914000.0,-58209000.0,99494000.0,37413000.0,930034000.0,3073803000.0,2815000.0,82631000.0,2017,58209000.0,927219000.0,2017-12-31,2018-12-16
23272,LOG COMMERCIAL PROPERTIES E PARTICIPAÇÕES,83446000.0,-45785000.0,104827000.0,47087000.0,940313000.0,3222897000.0,150488000.0,76704000.0,2018,45785000.0,789825000.0,2018-12-31,2019-02-11
23272,LOG COMMERCIAL PROPERTIES E PARTICIPAÇÕES,180175000.0,-55927000.0,128034000.0,93335000.0,889805000.0,3988727000.0,507388000.0,86387000.0,2019,55927000.0,382417000.0,2019-12-31,2020-02-18
23272,LOG COMMERCIAL PROPERTIES E PARTICIPAÇÕES,250749000.0,-30385000.0,141537000.0,142572000.0,800663000.0,4212183000.0,453855000.0,224215000.0,2020,30385000.0,346808000.0,2020-12-31,2021-02-09
23272,LOG COMMERCIAL PROPERTIES E PARTICIPAÇÕES,413701000.0,-47870000.0,149367000.0,383236000.0,1267705000.0,5159903000.0,207564000.0,124864000.0,2021,47870000.0,1060141000.0,2021-12-31,2022-02-08
23272,LOG COMMERCIAL PROPERTIES E PARTICIPAÇÕES,498212000.0,-189602000.0,217230000.0,400700000.0,1774084000.0,6150606000.0,297733000.0,128772000.0,2022,189602000.0,1476351000.0,2022-12-31,2023-02-08
23272,LOG COMMERCIAL PROPERTIES E PARTICIPAÇÕES,261107000.0,-173365000.0,220156000.0,194960000.0,1897737000.0,6254445000.0,396515000.0,157230000.0,2023,173365000.0,1501222000.0,2023-12-31,2024-02-06
23272,LOG COMMERCIAL PROPERTIES E PARTICIPAÇÕES,487940000.0,-197907000.0,219742000.0,344378000.0,2066202000.0,6774201000.0,226237000.0,68410000.0,2024,197907000.0,1839965000.0,2024-12-31,2025-02-05
23272,LOG COMMERCIAL PROPERTIES E PARTICIPAÇÕES,595485000.0,-282765000.0,248759000.0,363486000.0,2238757000.0,6689685000.0,6050000.0,-15033000.0,2025,282765000.0,2232707000.0,2025-12-31,2026-02-11
20710,LOG-IN LOGISTICA INTERMODAL S.A.,93411000.0,-138589000.0,810667000.0,6567000.0,1293290000.0,2059953000.0,16137000.0,48288000.0,2013,138589000.0,1277153000.0,2013-12-31,2014-03-19
20710,LOG-IN LOGISTICA INTERMODAL S.A.,122685000.0,-208044000.0,974322000.0,-84189000.0,1442550000.0,2133250000.0,9319000.0,77712000.0,2014,208044000.0,1433231000.0,2014-12-31,2015-03-18
20710,LOG-IN LOGISTICA INTERMODAL S.A.,66041000.0,-193184000.0,1054432000.0,-375285000.0,1884090000.0,2329572000.0,13508000.0,129717000.0,2015,193184000.0,1870582000.0,2015-12-31,2016-03-17
20710,LOG-IN LOGISTICA INTERMODAL S.A.,174715000.0,-317458000.0,794031000.0,94064000.0,1329673000.0,1857719000.0,14481000.0,184976000.0,2016,317458000.0,1315192000.0,2016-12-31,2017-03-16
20710,LOG-IN LOGISTICA INTERMODAL S.A.,-499678000.0,-218752000.0,872172000.0,-606869000.0,1270106000.0,1171990000.0,51187000.0,237679000.0,2017,218752000.0,1218919000.0,2017-12-31,2019-11-07
20710,LOG-IN LOGISTICA INTERMODAL S.A.,134335000.0,-180402000.0,977433000.0,6074000.0,1258324000.0,1143212000.0,20808000.0,99651000.0,2018,180402000.0,1237516000.0,2018-12-31,2019-03-22
20710,LOG-IN LOGISTICA INTERMODAL S.A.,172483000.0,-152641000.0,1052204000.0,11157000.0,1256593000.0,1912077000.0,55315000.0,299235000.0,2019,152641000.0,1201278000.0,2019-12-31,2020-03-17
20710,LOG-IN LOGISTICA INTERMODAL S.A.,192760000.0,-235749000.0,1126179000.0,13000000.0,1390103000.0,2206513000.0,101337000.0,240522000.0,2020,235749000.0,1288766000.0,2020-12-31,2021-03-09
20710,LOG-IN LOGISTICA INTERMODAL S.A.,246539000.0,-152521000.0,1397039000.0,97571000.0,1493909000.0,2438464000.0,216298000.0,416095000.0,2021,152521000.0,1277611000.0,2021-12-31,2022-03-08
20710,LOG-IN LOGISTICA INTERMODAL S.A.,400040000.0,-220878000.0,2067050000.0,406760000.0,1521361000.0,3449063000.0,337268000.0,567988000.0,2022,220878000.0,1184093000.0,2022-12-31,2023-03-08
20710,LOG-IN LOGISTICA INTERMODAL S.A.,340977000.0,-266855000.0,2338625000.0,60172000.0,1626490000.0,3619288000.0,436406000.0,505629000.0,2023,266855000.0,1190084000.0,2023-12-31,2024-03-06
20710,LOG-IN LOGISTICA INTERMODAL S.A.,351452000.0,-340618000.0,2795756000.0,53703000.0,1689145000.0,3812832000.0,289792000.0,1057443000.0,2024,340618000.0,1399353000.0,2024-12-31,2025-02-26
20710,LOG-IN LOGISTICA INTERMODAL S.A.,539365000.0,-217991000.0,3081024000.0,93675000.0,1699727000.0,3890716000.0,300109000.0,467208000.0,2025,217991000.0,1399618000.0,2025-12-31,2026-03-11
8087,LOJAS AMERICANAS S.A.,1450915000.0,-1261502000.0,13401172000.0,402617000.0,7693338000.0,14138353000.0,424020000.0,1410344000.0,2013,1261502000.0,7269318000.0,2013-12-31,2014-03-19
8087,LOJAS AMERICANAS S.A.,1681182000.0,-1828090000.0,16145669000.0,355210000.0,8015380000.0,16858031000.0,951819000.0,-166294000.0,2014,1828090000.0,7063561000.0,2014-12-31,2015-03-18
8087,LOJAS AMERICANAS S.A.,1934742000.0,-2437410000.0,17926155000.0,64474000.0,10765116000.0,20528253000.0,1326147000.0,710027000.0,2015,2437410000.0,9438969000.0,2015-12-31,2016-03-16
8087,LOJAS AMERICANAS S.A.,2038218000.0,-3046418000.0,18103512000.0,27828000.0,11608518000.0,20775991000.0,523436000.0,-1198963000.0,2016,3046418000.0,11085082000.0,2016-12-31,2017-02-20
8087,LOJAS AMERICANAS S.A.,1912605000.0,-2859204000.0,17044716000.0,81234000.0,15624759000.0,27536385000.0,3567545000.0,437047000.0,2017,2859204000.0,12057214000.0,2017-12-31,2018-03-14
8087,LOJAS AMERICANAS S.A.,1719045000.0,-2181877000.0,17689862000.0,227510000.0,15680837000.0,28304656000.0,6813846000.0,1491456000.0,2018,2181877000.0,8866991000.0,2018-12-31,2019-03-20
8087,LOJAS AMERICANAS S.A.,2105095000.0,-2343704000.0,18956331000.0,581283000.0,17828407000.0,33269041000.0,6291718000.0,2370961000.0,2019,2343704000.0,11536689000.0,2019-12-31,2020-02-20
8087,LOJAS AMERICANAS S.A.,1435901000.0,-1752562000.0,21291412000.0,314929000.0,22008745000.0,47709461000.0,14009152000.0,1605594000.0,2020,1752562000.0,7999593000.0,2020-12-31,2021-03-04
25038,LOJAS QUERO QUERO S.A.,113982000.0,-82478000.0,1344032000.0,30122000.0,335999000.0,1644802000.0,240251000.0,121574000.0,2019,82478000.0,95748000.0,2019-12-31,2020-06-17
25038,LOJAS QUERO QUERO S.A.,153568000.0,-74148000.0,1621164000.0,67866000.0,375743000.0,2218692000.0,475437000.0,43209000.0,2020,74148000.0,-99694000.0,2020-12-31,2021-03-03
25038,LOJAS QUERO QUERO S.A.,163945000.0,-114988000.0,2033606000.0,68227000.0,267808000.0,2692070000.0,256351000.0,139853000.0,2021,114988000.0,11457000.0,2021-12-31,2022-03-10
25038,LOJAS QUERO QUERO S.A.,87554000.0,-163103000.0,2312668000.0,-18703000.0,413065000.0,3031361000.0,416779000.0,236313000.0,2022,163103000.0,-3714000.0,2022-12-31,2023-03-09
25038,LOJAS QUERO QUERO S.A.,103006000.0,-182661000.0,2398127000.0,19679000.0,501290000.0,3305723000.0,421357000.0,166481000.0,2023,182661000.0,79933000.0,2023-12-31,2024-03-06
25038,LOJAS QUERO QUERO S.A.,105655000.0,-202837000.0,2666330000.0,146000.0,534522000.0,3702247000.0,489905000.0,323646000.0,2024,202837000.0,44617000.0,2024-12-31,2025-02-26
25038,LOJAS QUERO QUERO S.A.,13170000.0,-243350000.0,2788412000.0,-161941000.0,582159000.0,3771234000.0,438289000.0,158389000.0,2025,243350000.0,143870000.0,2025-12-31,2026-03-04
8133,LOJAS RENNER S.A.,650438000.0,-120069000.0,4370328000.0,407404000.0,1782445000.0,4515524000.0,801592000.0,381209000.0,2013,120069000.0,980853000.0,2013-12-31,2014-02-20
8133,LOJAS RENNER S.A.,802050000.0,-186963000.0,5216820000.0,471420000.0,1955006000.0,5321540000.0,834340000.0,591108000.0,2014,186963000.0,1120666000.0,2014-12-31,2015-02-12
8133,LOJAS RENNER S.A.,933253000.0,-198439000.0,6145198000.0,578838000.0,1903012000.0,5863719000.0,737527000.0,771958000.0,2015,198439000.0,1165485000.0,2015-12-31,2016-02-04
8133,LOJAS RENNER S.A.,975690000.0,-190782000.0,6451578000.0,625058000.0,1875920000.0,6475212000.0,894881000.0,914208000.0,2016,190782000.0,981039000.0,2016-12-31,2017-02-09
8133,LOJAS RENNER S.A.,1087238000.0,-142159000.0,7444305000.0,732679000.0,1870816000.0,7547658000.0,1059873000.0,845590000.0,2017,142159000.0,810943000.0,2017-12-31,2018-02-08
8133,LOJAS RENNER S.A.,1423821000.0,-102792000.0,8426541000.0,1020136000.0,1923588000.0,8821048000.0,944671000.0,811379000.0,2018,102792000.0,978917000.0,2018-12-31,2019-02-07
8133,LOJAS RENNER S.A.,1643654000.0,-206222000.0,9588437000.0,1099093000.0,1645029000.0,11791735000.0,1148053000.0,1562848000.0,2019,206222000.0,496976000.0,2019-12-31,2020-02-06
8133,LOJAS RENNER S.A.,856879000.0,-369043000.0,7537180000.0,1096269000.0,3384979000.0,14642583000.0,2066781000.0,608379000.0,2020,369043000.0,1318198000.0,2020-12-31,2021-02-11
8133,LOJAS RENNER S.A.,813944000.0,-557395000.0,10571556000.0,633112000.0,3467102000.0,21411985000.0,5489417000.0,1215600000.0,2021,557395000.0,-2022315000.0,2021-12-31,2022-03-17
8133,LOJAS RENNER S.A.,1407401000.0,-727055000.0,13271137000.0,1291704000.0,2405375000.0,21148892000.0,2848351000.0,1536237000.0,2022,727055000.0,-442976000.0,2022-12-31,2023-02-16
8133,LOJAS RENNER S.A.,889077000.0,-659025000.0,13647849000.0,976259000.0,1926900000.0,20490638000.0,2532187000.0,2663364000.0,2023,659025000.0,-605287000.0,2023-12-31,2024-03-14
8133,LOJAS RENNER S.A.,1259343000.0,-485713000.0,14436366000.0,1196668000.0,945500000.0,20364590000.0,1926110000.0,2487007000.0,2024,485713000.0,-980610000.0,2024-12-31,2025-02-20
8133,LOJAS RENNER S.A.,1797160000.0,-457255000.0,15829460000.0,1457566000.0,379875000.0,19626027000.0,978066000.0,2801957000.0,2025,457255000.0,-598191000.0,2025-12-31,2026-03-05
20370,LPS BRASIL - CONSULTORIA DE IMOVEIS S.A.,120455000.0,-152556000.0,503755000.0,165909000.0,0.0,1170737000.0,156709000.0,102503000.0,2013,152556000.0,-156709000.0,2013-12-31,2014-03-17
20370,LPS BRASIL - CONSULTORIA DE IMOVEIS S.A.,-54621000.0,-64392000.0,308568000.0,-3983000.0,0.0,979871000.0,115735000.0,87575000.0,2014,64392000.0,-115735000.0,2014-12-31,2015-05-11
20370,LPS BRASIL - CONSULTORIA DE IMOVEIS S.A.,-384355000.0,-89924000.0,204176000.0,-445532000.0,0.0,378142000.0,56957000.0,-5853000.0,2015,89924000.0,-56957000.0,2015-12-31,2016-03-22
20370,LPS BRASIL - CONSULTORIA DE IMOVEIS S.A.,-35320000.0,-1859000.0,148706000.0,-30370000.0,0.0,343192000.0,65579000.0,-9444000.0,2016,1859000.0,-65579000.0,2016-12-31,2017-02-22
20370,LPS BRASIL - CONSULTORIA DE IMOVEIS S.A.,-78171000.0,-4600000.0,111019000.0,-62526000.0,0.0,290276000.0,39195000.0,-11398000.0,2017,4600000.0,-39195000.0,2017-12-31,2018-03-20
20370,LPS BRASIL - CONSULTORIA DE IMOVEIS S.A.,-33609000.0,-18083000.0,109195000.0,-47213000.0,0.0,231875000.0,14172000.0,-7419000.0,2018,18083000.0,-14172000.0,2018-12-31,2019-03-20
20370,LPS BRASIL - CONSULTORIA DE IMOVEIS S.A.,3912000.0,-16232000.0,147514000.0,-2776000.0,9211000.0,405272000.0,125073000.0,19604000.0,2019,16232000.0,-115862000.0,2019-12-31,2020-03-27
20370,LPS BRASIL - CONSULTORIA DE IMOVEIS S.A.,35574000.0,-31774000.0,166770000.0,13060000.0,2000000.0,397798000.0,32116000.0,48670000.0,2020,31774000.0,-30116000.0,2020-12-31,2021-03-29
20370,LPS BRASIL - CONSULTORIA DE IMOVEIS S.A.,43974000.0,-32853000.0,222612000.0,57152000.0,0.0,430940000.0,41710000.0,38196000.0,2021,32853000.0,-41710000.0,2021-12-31,2022-03-23
20370,LPS BRASIL - CONSULTORIA DE IMOVEIS S.A.,30387000.0,-24324000.0,194985000.0,27013000.0,0.0,392122000.0,22446000.0,15554000.0,2022,24324000.0,-22446000.0,2022-12-31,2023-03-22
20370,LPS BRASIL - CONSULTORIA DE IMOVEIS S.A.,43135000.0,-19585000.0,182153000.0,35277000.0,0.0,398903000.0,31332000.0,51679000.0,2023,19585000.0,-31332000.0,2023-12-31,2024-03-27
20370,LPS BRASIL - CONSULTORIA DE IMOVEIS S.A.,45197000.0,-17520000.0,192348000.0,34526000.0,0.0,409416000.0,52831000.0,50651000.0,2024,17520000.0,-52831000.0,2024-12-31,2025-03-28
20370,LPS BRASIL - CONSULTORIA DE IMOVEIS S.A.,50141000.0,-13538000.0,203138000.0,52090000.0,0.0,396987000.0,46663000.0,54482000.0,2025,13538000.0,-46663000.0,2025-12-31,2026-03-19
20060,LUPATECH S.A,-126873000.0,-340217000.0,565289000.0,-378789000.0,788610000.0,1430219000.0,20676000.0,23139000.0,2013,340217000.0,767934000.0,2013-12-31,2014-04-22
20060,LUPATECH S.A,-224782000.0,-523713000.0,384287000.0,-631008000.0,273341000.0,1022629000.0,1539000.0,-54969000.0,2014,523713000.0,271802000.0,2014-12-31,2015-03-27
20060,LUPATECH S.A,-279806000.0,-724601000.0,268294000.0,-75137000.0,200348000.0,814031000.0,31012000.0,41535000.0,2015,724601000.0,169336000.0,2015-12-31,2016-03-29
20060,LUPATECH S.A,-90024000.0,-474133000.0,138486000.0,7370000.0,154266000.0,642290000.0,1233000.0,-52892000.0,2016,474133000.0,153033000.0,2016-12-31,2017-03-28
20060,LUPATECH S.A,-9703000.0,-317483000.0,112366000.0,-4102000.0,167148000.0,575280000.0,2135000.0,-16298000.0,2017,317483000.0,165013000.0,2017-12-31,2018-03-22
20060,LUPATECH S.A,-57160000.0,-199846000.0,126553000.0,-101311000.0,175731000.0,581725000.0,1245000.0,-22966000.0,2018,199846000.0,174486000.0,2018-12-31,2019-04-01
20060,LUPATECH S.A,-20669000.0,-76551000.0,32676000.0,-26178000.0,148776000.0,504628000.0,5834000.0,31461000.0,2019,76551000.0,142942000.0,2019-12-31,2020-03-20
20060,LUPATECH S.A,5957000.0,-153605000.0,54586000.0,20578000.0,126371000.0,492609000.0,21015000.0,21065000.0,2020,153605000.0,105356000.0,2020-12-31,2021-03-20
20060,LUPATECH S.A,-49045000.0,-23310000.0,93553000.0,-41340000.0,128818000.0,503026000.0,19176000.0,-14632000.0,2021,23310000.0,109642000.0,2021-12-31,2022-03-25
20060,LUPATECH S.A,-59188000.0,-90838000.0,110390000.0,54866000.0,155654000.0,573102000.0,13171000.0,-24517000.0,2022,90838000.0,142483000.0,2022-12-31,2023-04-04
20060,LUPATECH S.A,-30354000.0,-80789000.0,86269000.0,52649000.0,145660000.0,482769000.0,19907000.0,-1092000.0,2023,80789000.0,125753000.0,2023-12-31,2024-03-22
20060,LUPATECH S.A,26519000.0,-92889000.0,123127000.0,-31772000.0,179701000.0,508795000.0,3515000.0,-34468000.0,2024,92889000.0,176186000.0,2024-12-31,2025-03-21
20060,LUPATECH S.A,-61878000.0,-65852000.0,52054000.0,-60176000.0,178148000.0,480101000.0,384000.0,11549000.0,2025,65852000.0,177764000.0,2025-12-31,2026-04-29
26506,LUPO S.A.,33427000.0,-15565000.0,732190000.0,-16967000.0,58296000.0,969509000.0,104851000.0,105272000.0,2020,15565000.0,-46555000.0,2020-12-31,2021-08-17
26506,LUPO S.A.,352158000.0,-18368000.0,1328256000.0,297274000.0,104467000.0,1216393000.0,96994000.0,126127000.0,2021,18368000.0,7473000.0,2021-12-31,2022-03-25
26506,LUPO S.A.,214632000.0,-23525000.0,1500570000.0,210282000.0,174894000.0,1445555000.0,128884000.0,145298000.0,2022,23525000.0,46010000.0,2022-12-31,2024-05-29
26506,LUPO S.A.,151185000.0,-20505000.0,1466478000.0,171362000.0,175075000.0,1550488000.0,305239000.0,308923000.0,2023,20505000.0,-130164000.0,2023-12-31,2024-03-25
26506,LUPO S.A.,173124000.0,-21918000.0,1546501000.0,173362000.0,163551000.0,1698091000.0,306611000.0,124816000.0,2024,21918000.0,-143060000.0,2024-12-31,2025-03-25
26506,LUPO S.A.,159395000.0,-26779000.0,1589920000.0,176516000.0,126924000.0,1782336000.0,316071000.0,161961000.0,2025,26779000.0,-189147000.0,2025-12-31,2026-03-23
24910,LWSA S/A,36352000.0,-25133000.0,314983000.0,10886000.0,82501000.0,276336000.0,17782000.0,58601000.0,2018,25133000.0,64719000.0,2018-12-31,2020-01-13
24910,LWSA S/A,52943000.0,-35424000.0,385717000.0,18071000.0,186731000.0,514013000.0,25275000.0,82836000.0,2019,35424000.0,161456000.0,2019-12-31,2020-03-25
24910,LWSA S/A,44186000.0,-54181000.0,488210000.0,19740000.0,154103000.0,1452364000.0,404628000.0,68230000.0,2020,54181000.0,-250525000.0,2020-12-31,2021-03-24
24910,LWSA S/A,8529000.0,-78664000.0,800208000.0,-15749000.0,105890000.0,4575859000.0,1584399000.0,151769000.0,2021,78664000.0,-1478509000.0,2021-12-31,2022-03-29
24910,LWSA S/A,48561000.0,-175274000.0,1138433000.0,30281000.0,77291000.0,4724602000.0,1448231000.0,212918000.0,2022,175274000.0,-1370940000.0,2022-12-31,2023-03-23
24910,LWSA S/A,86463000.0,-357823000.0,1292756000.0,-73735000.0,77429000.0,4604388000.0,1188223000.0,272101000.0,2023,357823000.0,-1110794000.0,2023-12-31,2024-03-20
24910,LWSA S/A,113807000.0,-139865000.0,1370032000.0,42194000.0,74427000.0,4010622000.0,447378000.0,146002000.0,2024,139865000.0,-372951000.0,2024-12-31,2025-03-13
24910,LWSA S/A,-276709000.0,-88538000.0,1488531000.0,-225450000.0,75473000.0,3638385000.0,371931000.0,347654000.0,2025,88538000.0,-296458000.0,2025-12-31,2026-03-03
14559,M&G POLIÉSTER SA,101356000.0,-78775000.0,1726500000.0,-11745000.0,437819000.0,1306135000.0,51338000.0,59466000.0,2013,78775000.0,386481000.0,2013-12-31,2014-03-14
20338,M.DIAS BRANCO S.A. IND COM DE ALIMENTOS,578802000.0,-71497000.0,4311638000.0,524385000.0,573610000.0,3884901000.0,306745000.0,572584000.0,2013,71497000.0,266865000.0,2013-12-31,2014-03-10
20338,M.DIAS BRANCO S.A. IND COM DE ALIMENTOS,667964000.0,-82320000.0,4579890000.0,599262000.0,633421000.0,4478247000.0,447283000.0,646072000.0,2014,82320000.0,186138000.0,2014-12-31,2015-02-27
20338,M.DIAS BRANCO S.A. IND COM DE ALIMENTOS,580685000.0,-100447000.0,4622164000.0,603925000.0,755144000.0,5099577000.0,348800000.0,490685000.0,2015,100447000.0,406344000.0,2015-12-31,2016-02-26
20338,M.DIAS BRANCO S.A. IND COM DE ALIMENTOS,800604000.0,-173835000.0,5328071000.0,784399000.0,643416000.0,5681045000.0,860104000.0,964242000.0,2016,173835000.0,-216688000.0,2016-12-31,2017-03-06
20338,M.DIAS BRANCO S.A. IND COM DE ALIMENTOS,838751000.0,-85002000.0,5415422000.0,844183000.0,341676000.0,6089765000.0,925922000.0,870802000.0,2017,85002000.0,-584246000.0,2017-12-31,2018-03-05
20338,M.DIAS BRANCO S.A. IND COM DE ALIMENTOS,750807000.0,-186846000.0,6025054000.0,723497000.0,1248804000.0,7807466000.0,451000000.0,779840000.0,2018,186846000.0,797804000.0,2018-12-31,2019-03-13
20338,M.DIAS BRANCO S.A. IND COM DE ALIMENTOS,538518000.0,-222396000.0,6103608000.0,556884000.0,979677000.0,8101031000.0,348377000.0,682087000.0,2019,222396000.0,631300000.0,2019-12-31,2020-03-06
20338,M.DIAS BRANCO S.A. IND COM DE ALIMENTOS,714563000.0,-254227000.0,7252524000.0,763844000.0,1589017000.0,9729858000.0,1213007000.0,693197000.0,2020,254227000.0,376010000.0,2020-12-31,2021-03-31
20338,M.DIAS BRANCO S.A. IND COM DE ALIMENTOS,396964000.0,-300028000.0,7814046000.0,504986000.0,1767598000.0,10657093000.0,1555864000.0,959725000.0,2021,300028000.0,211734000.0,2021-12-31,2022-03-18
20338,M.DIAS BRANCO S.A. IND COM DE ALIMENTOS,583182000.0,-563527000.0,10129205000.0,481839000.0,2226547000.0,11439492000.0,648046000.0,106620000.0,2022,563527000.0,1578501000.0,2022-12-31,2023-11-06
20338,M.DIAS BRANCO S.A. IND COM DE ALIMENTOS,1068610000.0,-549607000.0,10840280000.0,888654000.0,2171056000.0,12340992000.0,2267837000.0,2125782000.0,2023,549607000.0,-96781000.0,2023-12-31,2024-02-23
20338,M.DIAS BRANCO S.A. IND COM DE ALIMENTOS,829349000.0,-427867000.0,9662833000.0,645948000.0,2389689000.0,12768867000.0,2152587000.0,591669000.0,2024,427867000.0,237102000.0,2024-12-31,2025-02-21
20338,M.DIAS BRANCO S.A. IND COM DE ALIMENTOS,691232000.0,-579064000.0,10437548000.0,659817000.0,1419965000.0,12559343000.0,1888270000.0,1407929000.0,2025,579064000.0,-468305000.0,2025-12-31,2026-02-26
26379,MADERO INDÚSTRIA E COMÉRCIO S.A.,-90135000.0,-78298000.0,795849000.0,-248954000.0,704921000.0,1905565000.0,37520000.0,-55589000.0,2020,78298000.0,667401000.0,2020-12-31,2023-10-16
26379,MADERO INDÚSTRIA E COMÉRCIO S.A.,45237000.0,-169671000.0,1146236000.0,-121078000.0,1022815000.0,2541901000.0,236934000.0,-26503000.0,2021,169671000.0,785881000.0,2021-12-31,2023-10-16
26379,MADERO INDÚSTRIA E COMÉRCIO S.A.,137562000.0,-290740000.0,1482928000.0,-146791000.0,988962000.0,2464725000.0,55992000.0,107234000.0,2022,290740000.0,932970000.0,2022-12-31,2023-03-31
26379,MADERO INDÚSTRIA E COMÉRCIO S.A.,202879000.0,-279954000.0,1708098000.0,-65175000.0,1008833000.0,2405945000.0,173849000.0,255466000.0,2023,279954000.0,834984000.0,2023-12-31,2024-01-31
26379,MADERO INDÚSTRIA E COMÉRCIO S.A.,400904000.0,-283112000.0,2045616000.0,219120000.0,975547000.0,2801441000.0,379522000.0,448757000.0,2024,283112000.0,596025000.0,2024-12-31,2025-01-31
26379,MADERO INDÚSTRIA E COMÉRCIO S.A.,373082000.0,-327304000.0,2042101000.0,103156000.0,1075287000.0,2808400000.0,308540000.0,406769000.0,2025,327304000.0,766747000.0,2025-12-31,2026-01-29
23612,MAESTRO LOCADORA DE VEICULOS S.A.,13893000.0,-17312000.0,63073000.0,-1160000.0,144491000.0,218281000.0,35018000.0,-7169000.0,2018,17312000.0,109473000.0,2018-12-31,2019-03-28
22470,MAGAZINE LUIZA S.A.,374966000.0,-313360000.0,8088439000.0,113806000.0,1320280000.0,4713904000.0,280306000.0,-136237000.0,2013,313360000.0,1039974000.0,2013-12-31,2014-02-24
22470,MAGAZINE LUIZA S.A.,490928000.0,-457211000.0,9779385000.0,128556000.0,1711627000.0,5290037000.0,412170000.0,131437000.0,2014,457211000.0,1299457000.0,2014-12-31,2015-02-26
22470,MAGAZINE LUIZA S.A.,338926000.0,-616352000.0,8978259000.0,-65605000.0,1823310000.0,5501981000.0,617465000.0,462790000.0,2015,616352000.0,1205845000.0,2015-12-31,2017-05-31
22470,MAGAZINE LUIZA S.A.,580945000.0,-620504000.0,9508745000.0,86565000.0,1848776000.0,6100606000.0,599141000.0,267751000.0,2016,620504000.0,1249635000.0,2016-12-31,2017-05-31
22470,MAGAZINE LUIZA S.A.,887694000.0,-520928000.0,11984250000.0,389022000.0,871498000.0,7419513000.0,412707000.0,19477000.0,2017,520928000.0,458791000.0,2017-12-31,2018-02-22
22470,MAGAZINE LUIZA S.A.,1081551000.0,-428617000.0,15590444000.0,597429000.0,455967000.0,8796741000.0,599087000.0,1236164000.0,2018,428617000.0,-143120000.0,2018-12-31,2019-02-25
22470,MAGAZINE LUIZA S.A.,1288563000.0,-711330000.0,19886310000.0,921828000.0,848829000.0,19791073000.0,305746000.0,-3329555000.0,2019,711330000.0,543083000.0,2019-12-31,2020-02-17
22470,MAGAZINE LUIZA S.A.,824576000.0,-593863000.0,29177113000.0,391709000.0,1686762000.0,24647203000.0,1681376000.0,2603882000.0,2020,593863000.0,5386000.0,2020-12-31,2021-03-08
22470,MAGAZINE LUIZA S.A.,470602000.0,-1180588000.0,35278150000.0,590661000.0,6792872000.0,38384616000.0,2566218000.0,-4364476000.0,2021,1180588000.0,4226654000.0,2021-12-31,2022-03-14
22470,MAGAZINE LUIZA S.A.,771635000.0,-2736458000.0,37299002000.0,-498975000.0,7108757000.0,37765845000.0,2420045000.0,3064122000.0,2022,2736458000.0,4688712000.0,2022-12-31,2023-03-10
22470,MAGAZINE LUIZA S.A.,-372148000.0,-2798320000.0,36768149000.0,-979104000.0,7354855000.0,37455067000.0,2593346000.0,3354622000.0,2023,2798320000.0,4761509000.0,2023-12-31,2024-03-18
22470,MAGAZINE LUIZA S.A.,1562432000.0,-2195281000.0,38038068000.0,448717000.0,4582160000.0,37311858000.0,1827197000.0,15835331000.0,2024,2195281000.0,2754963000.0,2024-12-31,2025-03-13
22470,MAGAZINE LUIZA S.A.,1918683000.0,-2820033000.0,38703387000.0,204603000.0,4944536000.0,37911158000.0,1575837000.0,15719373000.0,2025,2820033000.0,3368699000.0,2025-12-31,2026-03-12
20842,MAGNESITA REFRATARIOS S.A.,312530000.0,-315716000.0,2655962000.0,58469000.0,1495168000.0,6473933000.0,949097000.0,135924000.0,2013,315716000.0,546071000.0,2013-12-31,2014-03-20
20842,MAGNESITA REFRATARIOS S.A.,130541000.0,-448046000.0,2872042000.0,-97016000.0,1560187000.0,6608145000.0,887374000.0,387799000.0,2014,448046000.0,672813000.0,2014-12-31,2015-03-16
20842,MAGNESITA REFRATARIOS S.A.,-253495000.0,-807421000.0,3380772000.0,-1060447000.0,2863404000.0,6510840000.0,796187000.0,443637000.0,2015,807421000.0,2067217000.0,2015-12-31,2016-03-09
20842,MAGNESITA REFRATARIOS S.A.,464505000.0,-332105000.0,3393079000.0,453947000.0,2491064000.0,6145680000.0,960342000.0,436165000.0,2016,332105000.0,1530722000.0,2016-12-31,2017-03-15
20842,MAGNESITA REFRATARIOS S.A.,67861000.0,-370706000.0,3680712000.0,-183102000.0,2620988000.0,6342942000.0,894262000.0,456587000.0,2017,370706000.0,1726726000.0,2017-12-31,2018-04-27
8575,MAHLE METAL LEVE S.A.,722621000.0,-187012000.0,3615096000.0,566620000.0,272198000.0,2941040000.0,361089000.0,357899000.0,2021,187012000.0,-88891000.0,2021-12-31,2022-03-28
8575,MAHLE METAL LEVE S.A.,720969000.0,-327106000.0,4224030000.0,562360000.0,463187000.0,3132653000.0,427406000.0,538013000.0,2022,327106000.0,35781000.0,2022-12-31,2023-03-20
8575,MAHLE METAL LEVE S.A.,816083000.0,-368188000.0,4338825000.0,747778000.0,893998000.0,2800925000.0,200328000.0,790367000.0,2023,368188000.0,693670000.0,2023-12-31,2024-03-11
8575,MAHLE METAL LEVE S.A.,870250000.0,-629805000.0,4557980000.0,541204000.0,1068530000.0,3593297000.0,291793000.0,568018000.0,2024,629805000.0,776737000.0,2024-12-31,2025-03-17
8575,MAHLE METAL LEVE S.A.,916237000.0,-473692000.0,5406682000.0,608756000.0,1657572000.0,3793564000.0,635305000.0,757782000.0,2025,473692000.0,1022267000.0,2025-12-31,2026-03-16
8575,MAHLE-METAL LEVE S.A.,311362000.0,-150462000.0,2393752000.0,193768000.0,488284000.0,2427735000.0,220893000.0,385374000.0,2013,150462000.0,267391000.0,2013-12-31,2014-03-14
8575,MAHLE-METAL LEVE S.A.,278735000.0,-135845000.0,2332980000.0,196665000.0,590305000.0,2545829000.0,287282000.0,334378000.0,2014,135845000.0,303023000.0,2014-12-31,2015-03-16
8575,MAHLE-METAL LEVE S.A.,264962000.0,-276299000.0,2433093000.0,172145000.0,479681000.0,2477941000.0,152093000.0,338097000.0,2015,276299000.0,327588000.0,2015-12-31,2016-03-18
8575,MAHLE-METAL LEVE S.A.,16207000.0,-209914000.0,2236007000.0,4149000.0,499530000.0,2354914000.0,256431000.0,248746000.0,2016,209914000.0,243099000.0,2016-12-31,2017-03-20
8575,MAHLE-METAL LEVE S.A.,307478000.0,-136795000.0,2264443000.0,224685000.0,175982000.0,2226144000.0,169070000.0,346535000.0,2017,136795000.0,6912000.0,2017-12-31,2018-03-19
8575,MAHLE-METAL LEVE S.A.,376895000.0,-191848000.0,2591654000.0,293053000.0,291621000.0,2316131000.0,97591000.0,154699000.0,2018,191848000.0,194030000.0,2018-12-31,2019-03-18
8575,MAHLE-METAL LEVE S.A.,345441000.0,-157250000.0,2526238000.0,255851000.0,419078000.0,2327651000.0,168781000.0,348420000.0,2019,157250000.0,250297000.0,2019-12-31,2020-03-30
8575,MAHLE-METAL LEVE S.A.,193603000.0,-302236000.0,2402578000.0,122218000.0,567970000.0,2796583000.0,607835000.0,490158000.0,2020,302236000.0,-39865000.0,2020-12-31,2021-03-15
8397,MANGELS INDUSTRIAL S.A.,-39416000.0,-68537000.0,460995000.0,-137260000.0,403520000.0,448615000.0,26090000.0,-16338000.0,2013,68537000.0,377430000.0,2013-12-31,2014-05-14
8397,MANGELS INDUSTRIAL S.A.,-14604000.0,-35626000.0,449941000.0,-44355000.0,437488000.0,417625000.0,42631000.0,27243000.0,2014,35626000.0,394857000.0,2014-12-31,2015-03-31
8397,MANGELS INDUSTRIAL S.A.,-4622000.0,-46782000.0,427477000.0,-143638000.0,571524000.0,397193000.0,35236000.0,10106000.0,2015,46782000.0,536288000.0,2015-12-31,2016-03-30
8397,MANGELS INDUSTRIAL S.A.,5260000.0,-50234000.0,427533000.0,4598000.0,535398000.0,363758000.0,30125000.0,23331000.0,2016,50234000.0,505273000.0,2016-12-31,2017-03-29
8397,MANGELS INDUSTRIAL S.A.,11879000.0,-48554000.0,445983000.0,-24319000.0,568439000.0,336697000.0,40481000.0,37402000.0,2017,48554000.0,527958000.0,2017-12-31,2018-03-16
8397,MANGELS INDUSTRIAL S.A.,35037000.0,-81020000.0,476738000.0,-46378000.0,631660000.0,348704000.0,35713000.0,29107000.0,2018,81020000.0,595947000.0,2018-12-31,2019-02-28
8397,MANGELS INDUSTRIAL S.A.,47190000.0,-52816000.0,556332000.0,-6474000.0,656052000.0,366686000.0,26129000.0,50332000.0,2019,52816000.0,629923000.0,2019-12-31,2020-03-12
8397,MANGELS INDUSTRIAL S.A.,78576000.0,-132446000.0,546452000.0,-30980000.0,729256000.0,398018000.0,27302000.0,47803000.0,2020,132446000.0,701954000.0,2020-12-31,2021-03-22
8397,MANGELS INDUSTRIAL S.A.,193144000.0,-36297000.0,862974000.0,149330000.0,741810000.0,590337000.0,33480000.0,59612000.0,2021,36297000.0,708330000.0,2021-12-31,2022-03-21
8397,MANGELS INDUSTRIAL S.A.,118131000.0,-66067000.0,1017186000.0,258724000.0,693671000.0,799808000.0,13492000.0,119262000.0,2022,66067000.0,680179000.0,2022-12-31,2023-03-23
8397,MANGELS INDUSTRIAL S.A.,83236000.0,-68511000.0,927871000.0,34047000.0,613580000.0,741833000.0,34448000.0,121504000.0,2023,68511000.0,579132000.0,2023-12-31,2024-03-26
8397,MANGELS INDUSTRIAL S.A.,63267000.0,-138474000.0,948038000.0,-41575000.0,633066000.0,739532000.0,12596000.0,148169000.0,2024,138474000.0,620470000.0,2024-12-31,2025-03-28
8397,MANGELS INDUSTRIAL S.A.,74084000.0,-70631000.0,1063608000.0,48022000.0,534235000.0,721479000.0,30105000.0,139848000.0,2025,70631000.0,504130000.0,2025-12-31,2026-03-30
8427,MANUFATURA DE BRINQUEDOS ESTRELA S.A.,-1365000.0,-37735000.0,130984000.0,-36385000.0,63464000.0,186980000.0,760000.0,-8002000.0,2013,37735000.0,62704000.0,2013-12-31,2014-03-28
8427,MANUFATURA DE BRINQUEDOS ESTRELA S.A.,14337000.0,-38202000.0,210814000.0,-25393000.0,71872000.0,230639000.0,246000.0,-10756000.0,2014,38202000.0,71626000.0,2014-12-31,2015-03-30
8427,MANUFATURA DE BRINQUEDOS ESTRELA S.A.,-7800000.0,-42188000.0,169010000.0,-44896000.0,70907000.0,224356000.0,1510000.0,2743000.0,2015,42188000.0,69397000.0,2015-12-31,2016-03-31
8427,MANUFATURA DE BRINQUEDOS ESTRELA S.A.,-10776000.0,-61090000.0,140950000.0,-62480000.0,61662000.0,227687000.0,2497000.0,11522000.0,2016,61090000.0,59165000.0,2016-12-31,2017-03-28
8427,MANUFATURA DE BRINQUEDOS ESTRELA S.A.,-5587000.0,-45664000.0,142743000.0,-43580000.0,56375000.0,225237000.0,2938000.0,6364000.0,2017,45664000.0,53437000.0,2017-12-31,2018-03-27
8427,MANUFATURA DE BRINQUEDOS ESTRELA S.A.,17707000.0,-51010000.0,135269000.0,-28557000.0,58795000.0,208833000.0,335000.0,-28464000.0,2018,51010000.0,58460000.0,2018-12-31,2019-03-29
8427,MANUFATURA DE BRINQUEDOS ESTRELA S.A.,-6605000.0,-36558000.0,112155000.0,-40874000.0,50592000.0,205960000.0,2339000.0,11796000.0,2019,36558000.0,48253000.0,2019-12-31,2020-03-31
8427,MANUFATURA DE BRINQUEDOS ESTRELA S.A.,25155000.0,-43117000.0,138561000.0,-15698000.0,67107000.0,244646000.0,7011000.0,-12019000.0,2020,43117000.0,60096000.0,2020-12-31,2021-04-23
8427,MANUFATURA DE BRINQUEDOS ESTRELA S.A.,39020000.0,-39992000.0,179064000.0,-4313000.0,86156000.0,291161000.0,849000.0,-22890000.0,2021,39992000.0,85307000.0,2021-12-31,2022-04-07
8427,MANUFATURA DE BRINQUEDOS ESTRELA S.A.,23096000.0,-77264000.0,176374000.0,-46510000.0,94502000.0,278178000.0,496000.0,-42885000.0,2022,77264000.0,94006000.0,2022-12-31,2023-03-27
8427,MANUFATURA DE BRINQUEDOS ESTRELA S.A.,-11078000.0,-67033000.0,160572000.0,-21811000.0,82481000.0,300327000.0,606000.0,11099000.0,2023,67033000.0,81875000.0,2023-12-31,2024-04-17
8427,MANUFATURA DE BRINQUEDOS ESTRELA S.A.,572000.0,-74917000.0,154454000.0,-24261000.0,101031000.0,328256000.0,339000.0,-18469000.0,2024,74917000.0,100692000.0,2024-12-31,2025-03-28
8427,MANUFATURA DE BRINQUEDOS ESTRELA S.A.,248462000.0,-132951000.0,150810000.0,142138000.0,126282000.0,353051000.0,453000.0,-208448000.0,2025,132951000.0,125829000.0,2025-12-31,2026-06-24
17779,MAORI SA,-9906000.0,-14000.0,0.0,-9813000.0,0.0,2032000.0,1000.0,-546000.0,2013,14000.0,-1000.0,2013-12-31,2014-05-16
8451,MARCOPOLO S.A.,394893000.0,-200785000.0,3659309000.0,292117000.0,1836226000.0,4117840000.0,624717000.0,179968000.0,2013,200785000.0,1211509000.0,2013-12-31,2014-02-25
8451,MARCOPOLO S.A.,265262000.0,-229138000.0,3400194000.0,224070000.0,2112867000.0,4438565000.0,642615000.0,71953000.0,2014,229138000.0,1470252000.0,2014-12-31,2015-02-24
8451,MARCOPOLO S.A.,166069000.0,-487533000.0,2739132000.0,89083000.0,2475767000.0,5038863000.0,1131162000.0,491248000.0,2015,487533000.0,1344605000.0,2015-12-31,2016-02-23
8451,MARCOPOLO S.A.,303943000.0,-511240000.0,2574093000.0,222546000.0,2299726000.0,4968269000.0,1209459000.0,170987000.0,2016,511240000.0,1090267000.0,2016-12-31,2017-02-23
8451,MARCOPOLO S.A.,74253000.0,-273299000.0,2875993000.0,82112000.0,1943477000.0,4732252000.0,958759000.0,294934000.0,2017,273299000.0,984718000.0,2017-12-31,2018-02-22
8451,MARCOPOLO S.A.,301285000.0,-297045000.0,4197468000.0,190947000.0,1934208000.0,5147704000.0,863467000.0,225231000.0,2018,297045000.0,1070741000.0,2018-12-31,2019-02-26
8451,MARCOPOLO S.A.,251581000.0,-262212000.0,4314534000.0,212029000.0,1803373000.0,5193678000.0,1074622000.0,626538000.0,2019,262212000.0,728751000.0,2019-12-31,2020-02-27
8451,MARCOPOLO S.A.,172462000.0,-613372000.0,3589662000.0,90707000.0,2030785000.0,5860911000.0,1040931000.0,175712000.0,2020,613372000.0,989854000.0,2020-12-31,2021-02-25
8451,MARCOPOLO S.A.,228025000.0,-344933000.0,3499439000.0,358372000.0,2321880000.0,6654524000.0,1322975000.0,188253000.0,2021,344933000.0,998905000.0,2021-12-31,2022-02-25
8451,MARCOPOLO S.A.,265779000.0,-510207000.0,5415618000.0,436802000.0,2368027000.0,7395350000.0,1171473000.0,45367000.0,2022,510207000.0,1196554000.0,2022-12-31,2023-02-28
8451,MARCOPOLO S.A.,800574000.0,-657213000.0,6683218000.0,810811000.0,2419584000.0,7959303000.0,1536121000.0,1061126000.0,2023,657213000.0,883463000.0,2023-12-31,2024-02-27
8451,MARCOPOLO S.A.,1457572000.0,-702978000.0,8593837000.0,1222377000.0,3255986000.0,9441753000.0,2093398000.0,1244148000.0,2024,702978000.0,1162588000.0,2024-12-31,2025-02-25
8451,MARCOPOLO S.A.,1349620000.0,-639683000.0,9057548000.0,1235508000.0,3692534000.0,9722646000.0,2221811000.0,1438765000.0,2025,639683000.0,1470723000.0,2025-12-31,2026-02-26
20788,MARFRIG GLOBAL FOODS S.A.,866754000.0,-3174210000.0,18752376000.0,-897088000.0,9092523000.0,17827564000.0,771254000.0,197297000.0,2013,3174210000.0,8321269000.0,2013-12-31,2014-03-19
20788,MARFRIG GLOBAL FOODS S.A.,1084453000.0,-3202572000.0,21073322000.0,-720293000.0,11200899000.0,20185908000.0,1091685000.0,1684338000.0,2014,3202572000.0,10109214000.0,2014-12-31,2015-03-02
20788,MARFRIG GLOBAL FOODS S.A.,1278111000.0,-2612692000.0,18891833000.0,-538550000.0,12183793000.0,20915949000.0,1630368000.0,2100663000.0,2015,2612692000.0,10553425000.0,2015-12-31,2016-02-29
20788,MARFRIG GLOBAL FOODS S.A.,1013170000.0,-2439544000.0,19333453000.0,-632767000.0,11188897000.0,20258803000.0,3291705000.0,1675961000.0,2016,2439544000.0,7897192000.0,2016-12-31,2017-02-23
20788,MARFRIG GLOBAL FOODS S.A.,1112353000.0,-3383263000.0,18577873000.0,-445237000.0,12458980000.0,21301799000.0,1213572000.0,-7018000.0,2017,3383263000.0,11245408000.0,2017-12-31,2018-03-27
20788,MARFRIG GLOBAL FOODS S.A.,422081000.0,-4300675000.0,29715176000.0,2153970000.0,15238661000.0,26504272000.0,2459202000.0,1518753000.0,2018,4300675000.0,12779459000.0,2018-12-31,2019-02-27
20788,MARFRIG GLOBAL FOODS S.A.,3412353000.0,-4172896000.0,48761057000.0,1582239000.0,22240113000.0,31572021000.0,1774902000.0,2600090000.0,2019,4172896000.0,20465211000.0,2019-12-31,2020-02-19
20788,MARFRIG GLOBAL FOODS S.A.,7853862000.0,-5817548000.0,67481532000.0,4530852000.0,27499577000.0,39507441000.0,2041924000.0,7691205000.0,2020,5817548000.0,25457653000.0,2020-12-31,2021-04-08
20788,MARFRIG GLOBAL FOODS S.A.,12611143000.0,-7615581000.0,85388468000.0,6646379000.0,30968260000.0,48003258000.0,1759482000.0,9033865000.0,2021,7615581000.0,29208778000.0,2021-12-31,2022-03-08
20788,MARFRIG GLOBAL FOODS S.A.,9654954000.0,-18505932000.0,130631697000.0,2762975000.0,64775889000.0,136104323000.0,6403788000.0,9335052000.0,2022,18505932000.0,58372101000.0,2022-12-31,2023-03-01
20788,MARFRIG GLOBAL FOODS S.A.,1061187000.0,-17123536000.0,132218010000.0,-3621246000.0,55824153000.0,130954636000.0,6460212000.0,12556380000.0,2023,17123536000.0,49363941000.0,2023-12-31,2024-03-27
20788,MARFRIG GLOBAL FOODS S.A.,5937271000.0,-18186363000.0,148860959000.0,3880870000.0,66019831000.0,137510139000.0,4516687000.0,12766349000.0,2024,18186363000.0,61503144000.0,2024-12-31,2025-02-26
20788,MARFRIG GLOBAL FOODS S.A.,5577385000.0,-18800839000.0,163962737000.0,762675000.0,74562689000.0,141988425000.0,4711133000.0,13078140000.0,2025,18800839000.0,69851556000.0,2025-12-31,2026-03-18
22055,MARISA LOJAS S.A.,206457000.0,-131717000.0,3096990000.0,85498000.0,792084000.0,2576323000.0,34698000.0,309749000.0,2013,131717000.0,757386000.0,2013-12-31,2014-03-17
22055,MARISA LOJAS S.A.,194687000.0,-200519000.0,3344593000.0,51082000.0,1139709000.0,2968588000.0,47362000.0,265366000.0,2014,200519000.0,1092347000.0,2014-12-31,2015-02-12
22055,MARISA LOJAS S.A.,70733000.0,-265828000.0,3164906000.0,-35764000.0,1098060000.0,2832135000.0,45156000.0,433513000.0,2015,265828000.0,1052904000.0,2015-12-31,2016-02-25
22055,MARISA LOJAS S.A.,9355000.0,-215485000.0,2852785000.0,-88006000.0,821524000.0,2644049000.0,36041000.0,329534000.0,2016,215485000.0,785483000.0,2016-12-31,2017-02-24
22055,MARISA LOJAS S.A.,111910000.0,-168093000.0,2875577000.0,-60438000.0,1004225000.0,2832732000.0,41387000.0,-10347000.0,2017,168093000.0,962838000.0,2017-12-31,2018-03-08
22055,MARISA LOJAS S.A.,279999000.0,-133248000.0,2764130000.0,28363000.0,1016331000.0,3162102000.0,39819000.0,83203000.0,2018,133248000.0,976512000.0,2018-12-31,2019-03-14
22055,MARISA LOJAS S.A.,66932000.0,34935000.0,2882422000.0,-112361000.0,1519503000.0,4020068000.0,37077000.0,215292000.0,2019,34935000.0,1482426000.0,2019-12-31,2020-03-25
22055,MARISA LOJAS S.A.,-292821000.0,-167121000.0,2139417000.0,-432196000.0,1447232000.0,3367654000.0,526932000.0,129877000.0,2020,167121000.0,920300000.0,2020-12-31,2021-03-22
22055,MARISA LOJAS S.A.,4803000.0,-187106000.0,2525448000.0,-71754000.0,1462987000.0,3423185000.0,261974000.0,4457000.0,2021,187106000.0,1201013000.0,2021-12-31,2022-03-16
22055,MARISA LOJAS S.A.,-241471000.0,-315112000.0,2749921000.0,-519382000.0,1463722000.0,3104952000.0,241233000.0,495970000.0,2022,315112000.0,1222489000.0,2022-12-31,2023-04-29
22055,MARISA LOJAS S.A.,-288755000.0,-252980000.0,1646097000.0,-520753000.0,773297000.0,2453893000.0,92328000.0,337613000.0,2023,252980000.0,680969000.0,2023-12-31,2024-04-22
22055,MARISA LOJAS S.A.,-43532000.0,-276077000.0,1392169000.0,-315784000.0,639135000.0,1904258000.0,92052000.0,-80729000.0,2024,276077000.0,547083000.0,2024-12-31,2025-03-31
22055,MARISA LOJAS S.A.,197065000.0,-409426000.0,1483225000.0,-59982000.0,805583000.0,2056813000.0,47990000.0,-10134000.0,2025,409426000.0,757593000.0,2025-12-31,2026-03-31
22500,MASSA FALIDA DA BRASIL PHARMA S.A.,-54260000.0,-93180000.0,3253831000.0,-151379000.0,759299000.0,3129138000.0,405914000.0,20470000.0,2013,93180000.0,353385000.0,2013-12-31,2016-01-22
22500,MASSA FALIDA DA BRASIL PHARMA S.A.,-525994000.0,-183870000.0,3540690000.0,-613242000.0,655115000.0,2607516000.0,36065000.0,-431176000.0,2014,183870000.0,619050000.0,2014-12-31,2015-03-25
22500,MASSA FALIDA DA BRASIL PHARMA S.A.,-507290000.0,-448954000.0,3387469000.0,-654545000.0,891145000.0,2333307000.0,19811000.0,39378000.0,2015,448954000.0,871334000.0,2015-12-31,2016-03-23
22500,MASSA FALIDA DA BRASIL PHARMA S.A.,-498454000.0,-164836000.0,1502656000.0,-634341000.0,635138000.0,1458384000.0,39791000.0,25249000.0,2016,164836000.0,595347000.0,2016-12-31,2017-03-23
22500,MASSA FALIDA DA BRASIL PHARMA S.A.,-1500156000.0,-158228000.0,516786000.0,-1621675000.0,1015916000.0,144941000.0,3362000.0,-330065000.0,2017,158228000.0,1012554000.0,2017-12-31,2018-03-29
22500,MASSA FALIDA DA BRASIL PHARMA S.A.,-28846000.0,-8774000.0,9539000.0,1048956000.0,64195000.0,72150000.0,438000.0,-86120000.0,2018,8774000.0,63757000.0,2018-12-31,2019-03-29
17914,MASSA FALIDA DA MMX MINERACAO E METALICOS S.A.,-1223750000.0,-786685000.0,1041164000.0,-2068481000.0,90406000.0,7245982000.0,1240000.0,281366000.0,2013,786685000.0,89166000.0,2013-12-31,2014-03-26
17914,MASSA FALIDA DA MMX MINERACAO E METALICOS S.A.,-2085414000.0,-179899000.0,329046000.0,-2223688000.0,99181000.0,3237852000.0,840000.0,127577000.0,2014,179899000.0,98341000.0,2014-12-31,2015-03-30
17914,MASSA FALIDA DA MMX MINERACAO E METALICOS S.A.,203878000.0,-158957000.0,367000.0,96071000.0,151070000.0,405371000.0,1410000.0,6768000.0,2015,158957000.0,149660000.0,2015-12-31,2016-03-31
17914,MASSA FALIDA DA MMX MINERACAO E METALICOS S.A.,411824000.0,-80503000.0,2723000.0,412821000.0,133532000.0,186186000.0,3571000.0,3640000.0,2016,80503000.0,129961000.0,2016-12-31,2017-03-28
17914,MASSA FALIDA DA MMX MINERACAO E METALICOS S.A.,-14966000.0,-53829000.0,454000.0,-27799000.0,142056000.0,168726000.0,61000.0,-14004000.0,2017,53829000.0,141995000.0,2017-12-31,2018-03-28
17914,MASSA FALIDA DA MMX MINERACAO E METALICOS S.A.,-45323000.0,-95481000.0,2699000.0,-111581000.0,172412000.0,122689000.0,50000.0,-3307000.0,2018,95481000.0,172362000.0,2018-12-31,2019-03-27
17914,MASSA FALIDA DA MMX MINERACAO E METALICOS S.A.,-81532000.0,-67418000.0,1251000.0,-120695000.0,186756000.0,122734000.0,1180000.0,846000.0,2019,67418000.0,185576000.0,2019-12-31,2020-03-31
17914,MASSA FALIDA DA MMX MINERACAO E METALICOS S.A.,-1425000.0,-94492000.0,256000.0,-81048000.0,246651000.0,127923000.0,15000.0,-1173000.0,2020,94492000.0,246636000.0,2020-12-31,2021-04-07
25119,MELNICK DESENVOLVIMENTO IMOBILIÁRIO S.A.,55804000.0,-4781000.0,562893000.0,55312000.0,257205000.0,1224420000.0,9213000.0,36848000.0,2019,4781000.0,247992000.0,2019-12-31,2020-09-03
25119,MELNICK DESENVOLVIMENTO IMOBILIÁRIO S.A.,54680000.0,-5585000.0,581449000.0,57168000.0,79233000.0,1790464000.0,6491000.0,182696000.0,2020,5585000.0,72742000.0,2020-12-31,2021-04-08
25119,MELNICK DESENVOLVIMENTO IMOBILIÁRIO S.A.,60928000.0,-4863000.0,771819000.0,86359000.0,12434000.0,1951410000.0,16140000.0,-136347000.0,2021,4863000.0,-3706000.0,2021-12-31,2022-03-22
25119,MELNICK DESENVOLVIMENTO IMOBILIÁRIO S.A.,72748000.0,-2896000.0,1029568000.0,125593000.0,164999000.0,2301121000.0,16058000.0,-128718000.0,2022,2896000.0,148941000.0,2022-12-31,2023-09-21
25119,MELNICK DESENVOLVIMENTO IMOBILIÁRIO S.A.,96714000.0,-4458000.0,1183709000.0,151949000.0,285259000.0,2421373000.0,1580000.0,-15216000.0,2023,4458000.0,283679000.0,2023-12-31,2024-03-21
25119,MELNICK DESENVOLVIMENTO IMOBILIÁRIO S.A.,77520000.0,-7526000.0,1028992000.0,136833000.0,360333000.0,2594695000.0,5140000.0,119495000.0,2024,7526000.0,355193000.0,2024-12-31,2025-03-26
25119,MELNICK DESENVOLVIMENTO IMOBILIÁRIO S.A.,100701000.0,-11642000.0,1117283000.0,150056000.0,604477000.0,2740776000.0,5571000.0,-137586000.0,2025,11642000.0,598906000.0,2025-12-31,2026-03-18
20613,METALFRIO SOLUTIONS S.A.,46000.0,-119582000.0,813114000.0,-18792000.0,723356000.0,1210307000.0,243173000.0,52451000.0,2013,119582000.0,480183000.0,2013-12-31,2014-03-13
20613,METALFRIO SOLUTIONS S.A.,17769000.0,-171213000.0,881435000.0,-66075000.0,704355000.0,1136694000.0,239532000.0,54520000.0,2014,171213000.0,464823000.0,2014-12-31,2015-03-02
20613,METALFRIO SOLUTIONS S.A.,35411000.0,-82651000.0,1017742000.0,-101404000.0,864851000.0,1205377000.0,295488000.0,91097000.0,2015,82651000.0,569363000.0,2015-12-31,2016-03-01
20613,METALFRIO SOLUTIONS S.A.,57094000.0,-105612000.0,1013663000.0,30548000.0,724965000.0,1098571000.0,178094000.0,95205000.0,2016,105612000.0,546871000.0,2016-12-31,2017-02-20
20613,METALFRIO SOLUTIONS S.A.,73188000.0,-127912000.0,985748000.0,-19852000.0,828797000.0,1278901000.0,294378000.0,151164000.0,2017,127912000.0,534419000.0,2017-12-31,2018-03-05
20613,METALFRIO SOLUTIONS S.A.,85249000.0,-247372000.0,1196896000.0,-5392000.0,878904000.0,1388819000.0,177991000.0,222669000.0,2018,247372000.0,700913000.0,2018-12-31,2019-03-14
20613,METALFRIO SOLUTIONS S.A.,129028000.0,-146681000.0,1480776000.0,47445000.0,1030186000.0,1627345000.0,240110000.0,85785000.0,2019,146681000.0,790076000.0,2019-12-31,2020-03-27
20613,METALFRIO SOLUTIONS S.A.,72641000.0,-262704000.0,1445244000.0,-140066000.0,1148070000.0,1719772000.0,204164000.0,203883000.0,2020,262704000.0,943906000.0,2020-12-31,2021-03-08
20613,METALFRIO SOLUTIONS S.A.,163379000.0,-155837000.0,2046441000.0,-56046000.0,1422915000.0,1970587000.0,252365000.0,87457000.0,2021,155837000.0,1170550000.0,2021-12-31,2022-03-31
20613,METALFRIO SOLUTIONS S.A.,132226000.0,-334075000.0,1990331000.0,-194950000.0,1505237000.0,1674053000.0,113357000.0,-180201000.0,2022,334075000.0,1391880000.0,2022-12-31,2023-04-27
20613,METALFRIO SOLUTIONS S.A.,131316000.0,-249004000.0,1966737000.0,8277000.0,1498382000.0,1790891000.0,121413000.0,181830000.0,2023,249004000.0,1376969000.0,2023-12-31,2024-03-21
20613,METALFRIO SOLUTIONS S.A.,156029000.0,-174187000.0,2189092000.0,-22573000.0,855859000.0,1980185000.0,166091000.0,135258000.0,2024,174187000.0,689768000.0,2024-12-31,2025-03-19
20613,METALFRIO SOLUTIONS S.A.,195767000.0,-170498000.0,2402881000.0,21936000.0,795243000.0,1878277000.0,160353000.0,165581000.0,2025,170498000.0,634890000.0,2025-12-31,2026-03-20
8656,METALURGICA GERDAU S.A.,2717511000.0,-1768305000.0,39863037000.0,1520480000.0,18008987000.0,58503964000.0,2099638000.0,3955631000.0,2013,1768305000.0,15909349000.0,2013-12-31,2014-02-21
8656,METALURGICA GERDAU S.A.,2869985000.0,-2071898000.0,42546339000.0,1105292000.0,21493232000.0,63253424000.0,3111608000.0,2545147000.0,2014,2071898000.0,18381624000.0,2014-12-31,2015-03-11
8656,METALURGICA GERDAU S.A.,-3336406000.0,-2070021000.0,43581241000.0,-5028973000.0,27870144000.0,70218773000.0,5681778000.0,6781077000.0,2015,2070021000.0,22188366000.0,2015-12-31,2016-03-15
8656,METALURGICA GERDAU S.A.,-1644772000.0,-2238706000.0,37651667000.0,-3165249000.0,21396710000.0,54758969000.0,5140117000.0,3325678000.0,2016,2238706000.0,16256593000.0,2016-12-31,2017-02-22
8656,METALURGICA GERDAU S.A.,1091720000.0,-1824924000.0,36917619000.0,-404612000.0,17217230000.0,50351780000.0,2555433000.0,2050975000.0,2017,1824924000.0,14661797000.0,2017-12-31,2018-02-28
8656,METALURGICA GERDAU S.A.,4022706000.0,-2176830000.0,46159478000.0,2240690000.0,15555565000.0,51344416000.0,2891217000.0,2041565000.0,2018,2176830000.0,12664348000.0,2018-12-31,2019-02-21
8656,METALURGICA GERDAU S.A.,3174701000.0,-1746822000.0,39644010000.0,1196725000.0,16049867000.0,54048736000.0,2641713000.0,1601423000.0,2019,1746822000.0,13408154000.0,2019-12-31,2020-02-19
8656,METALURGICA GERDAU S.A.,5186310000.0,-1893123000.0,43814661000.0,2383590000.0,17515351000.0,64764475000.0,4617274000.0,4927433000.0,2020,1893123000.0,12898077000.0,2020-12-31,2021-02-24
8656,METALURGICA GERDAU S.A.,20984569000.0,-1437276000.0,78345081000.0,15554098000.0,14039693000.0,74612666000.0,4162748000.0,13193250000.0,2021,1437276000.0,9876945000.0,2021-12-31,2022-02-23
8656,METALURGICA GERDAU S.A.,17689156000.0,-2542661000.0,82412210000.0,11462284000.0,12607390000.0,74769525000.0,2475896000.0,10980478000.0,2022,2542661000.0,10131494000.0,2022-12-31,2023-03-01
8656,METALURGICA GERDAU S.A.,10409822000.0,-2267852000.0,68916447000.0,7585094000.0,10893308000.0,75232462000.0,3005688000.0,11854805000.0,2023,2267852000.0,7887620000.0,2023-12-31,2024-02-20
8656,METALURGICA GERDAU S.A.,7474322000.0,-2752397000.0,67026656000.0,4610512000.0,13636484000.0,86948529000.0,7861818000.0,11688689000.0,2024,2752397000.0,5774666000.0,2024-12-31,2025-02-24
8656,METALURGICA GERDAU S.A.,3727878000.0,-2119750000.0,69858532000.0,1413724000.0,14182151000.0,81758415000.0,5958028000.0,7983723000.0,2025,2119750000.0,8224123000.0,2025-12-31,2026-02-23
13439,METALURGICA RIOSULENSE S.A.,30256000.0,-11034000.0,168072000.0,17304000.0,5975000.0,189433000.0,40000.0,16215000.0,2019,11034000.0,5935000.0,2019-12-31,2020-03-20
13439,METALURGICA RIOSULENSE S.A.,63005000.0,-69320000.0,195289000.0,-5709000.0,13014000.0,237249000.0,120000.0,15873000.0,2020,69320000.0,12894000.0,2020-12-31,2021-03-31
13439,METALURGICA RIOSULENSE S.A.,68327000.0,-15824000.0,323108000.0,88794000.0,14666000.0,284016000.0,786000.0,34914000.0,2021,15824000.0,13880000.0,2021-12-31,2022-03-29
13439,METALURGICA RIOSULENSE S.A.,103126000.0,-17631000.0,393625000.0,66905000.0,10702000.0,331039000.0,1062000.0,50774000.0,2022,17631000.0,9640000.0,2022-12-31,2023-03-10
13439,METALURGICA RIOSULENSE S.A.,86636000.0,-13009000.0,341433000.0,54126000.0,6796000.0,357679000.0,6475000.0,73570000.0,2023,13009000.0,321000.0,2023-12-31,2024-03-12
13439,METALURGICA RIOSULENSE S.A.,84896000.0,-10727000.0,380752000.0,58732000.0,17646000.0,395033000.0,1351000.0,12703000.0,2024,10727000.0,16295000.0,2024-12-31,2025-03-11
13439,METALURGICA RIOSULENSE S.A.,94543000.0,-8728000.0,420460000.0,64448000.0,32154000.0,453482000.0,2392000.0,67476000.0,2025,8728000.0,29762000.0,2025-12-31,2026-03-31
8745,METANOR SA METANOL DO NE,14307000.0,-9300000.0,212538000.0,5527000.0,31124000.0,132906000.0,644000.0,12683000.0,2013,9300000.0,30480000.0,2013-12-31,2014-03-28
8745,METANOR SA METANOL DO NE,-2579000.0,-10925000.0,184232000.0,5332000.0,41070000.0,118048000.0,677000.0,-7239000.0,2014,10925000.0,40393000.0,2014-12-31,2015-03-27
8745,METANOR SA METANOL DO NE,2222000.0,-20007000.0,210103000.0,-3803000.0,41073000.0,118890000.0,774000.0,12177000.0,2015,20007000.0,40299000.0,2015-12-31,2016-03-29
8745,METANOR SA METANOL DO NE,-20631000.0,-10038000.0,184216000.0,-26720000.0,35421000.0,97140000.0,0.0,2677000.0,2016,10038000.0,35421000.0,2016-12-31,2017-03-29
8745,METANOR SA METANOL DO NE,8369000.0,-7670000.0,192739000.0,4997000.0,32194000.0,107200000.0,0.0,6990000.0,2017,7670000.0,32194000.0,2017-12-31,2018-03-27
8745,METANOR SA METANOL DO NE,9538000.0,-9929000.0,224206000.0,1500000.0,23750000.0,100475000.0,1816000.0,4994000.0,2018,9929000.0,21934000.0,2018-12-31,2019-03-22
8745,METANOR SA METANOL DO NE,20558000.0,-3735000.0,182637000.0,18151000.0,12401000.0,88354000.0,1017000.0,16005000.0,2019,3735000.0,11384000.0,2019-12-31,2020-07-02
8745,METANOR SA METANOL DO NE,22912000.0,-385000.0,173669000.0,18762000.0,3062000.0,112080000.0,268000.0,34932000.0,2020,385000.0,2794000.0,2020-12-31,2021-03-26
8745,METANOR SA METANOL DO NE,23408000.0,-2054000.0,291975000.0,33542000.0,514000.0,162833000.0,41865000.0,18787000.0,2021,2054000.0,-41351000.0,2021-12-31,2022-03-28
8745,METANOR SA METANOL DO NE,28241000.0,-2442000.0,374815000.0,22216000.0,0.0,142370000.0,28742000.0,4528000.0,2022,2442000.0,-28742000.0,2022-12-31,2023-03-17
8745,METANOR SA METANOL DO NE,19909000.0,-1293000.0,322921000.0,20143000.0,0.0,149953000.0,33049000.0,13136000.0,2023,1293000.0,-33049000.0,2023-12-31,2024-03-25
8745,METANOR SA METANOL DO NE,43246000.0,-5816000.0,419327000.0,30622000.0,0.0,177412000.0,38378000.0,26457000.0,2024,5816000.0,-38378000.0,2024-12-31,2025-03-25
8745,METANOR SA METANOL DO NE,31200000.0,-3106000.0,436704000.0,24277000.0,0.0,177388000.0,52691000.0,35009000.0,2025,3106000.0,-52691000.0,2025-12-31,2026-03-27
8753,METISA METALURGICA TIMBOENSE S.A.,25573622.0,-13154218.0,247547249.0,22603069.0,130967560.0,348714588.0,156182853.0,30337516.0,2013,13154218.0,-25215293.0,2013-12-31,2014-03-21
8753,METISA METALURGICA TIMBOENSE S.A.,18994957.0,-19209974.0,236661996.0,19926637.0,184586002.0,407463689.0,202448449.0,25956682.0,2014,19209974.0,-17862447.0,2014-12-31,2015-03-24
8753,METISA METALURGICA TIMBOENSE S.A.,10852932.0,-31413431.0,221960607.0,16587113.0,183795715.0,415828138.0,205510561.0,38765658.0,2015,31413431.0,-21714846.0,2015-12-31,2016-03-24
8753,METISA METALURGICA TIMBOENSE S.A.,2684572.0,-21098383.0,218018274.0,13436291.0,78659645.0,316950097.0,102881511.0,16669460.0,2016,21098383.0,-24221866.0,2016-12-31,2017-03-28
8753,METISA METALURGICA TIMBOENSE S.A.,7566817.0,-10448369.0,240176654.0,13142924.0,26301653.0,272052911.0,55497209.0,18576007.0,2017,10448369.0,-29195556.0,2017-12-31,2018-03-22
8753,METISA METALURGICA TIMBOENSE S.A.,16330520.0,-18066102.0,270730343.0,16335466.0,21438261.0,279987207.0,49695378.0,17024738.0,2018,18066102.0,-28257117.0,2018-12-31,2019-03-20
8753,METISA METALURGICA TIMBOENSE S.A.,17253995.0,-13533706.0,288796864.0,18000782.0,38056112.0,308829927.0,76932543.0,28448373.0,2019,13533706.0,-38876431.0,2019-12-31,2020-03-24
8753,METISA METALURGICA TIMBOENSE S.A.,70254269.0,-35522619.0,367647302.0,57201135.0,22775778.0,356264039.0,89375187.0,59923553.0,2020,35522619.0,-66599409.0,2020-12-31,2021-03-26
8753,METISA METALURGICA TIMBOENSE S.A.,76364237.0,-24177534.0,581753222.0,53185863.0,76148756.0,467874465.0,65630582.0,-38959459.0,2021,24177534.0,10518174.0,2021-12-31,2022-03-25
8753,METISA METALURGICA TIMBOENSE S.A.,122292859.0,-30941688.0,798615522.0,91768946.0,51403977.0,530103263.0,87299517.0,80990588.0,2022,30941688.0,-35895540.0,2022-12-31,2023-03-17
8753,METISA METALURGICA TIMBOENSE S.A.,82293470.0,-15884570.0,572837218.0,87278025.0,26031761.0,550294389.0,156009606.0,147169179.0,2023,15884570.0,-129977845.0,2023-12-31,2024-03-15
8753,METISA METALURGICA TIMBOENSE S.A.,32249443.0,-18889610.0,506964306.0,30520056.0,46133895.0,555656591.0,168625460.0,46155277.0,2024,18889610.0,-122491565.0,2024-12-31,2025-03-20
8753,METISA METALURGICA TIMBOENSE S.A.,33483194.0,-13149652.0,532602422.0,40684240.0,83655217.0,615028682.0,230694014.0,64271100.0,2025,13149652.0,-147038797.0,2025-12-31,2026-03-20
22047,METROPOLIS EMPREENDIMENTOS IMOBILIÁRIOS S/A,-9830000.0,-292000.0,294000.0,-10084000.0,0.0,6303000.0,10000.0,-7927000.0,2013,292000.0,-10000.0,2013-12-31,2014-04-01
22942,MGI - MINAS GERAIS PARTICIPAÇÕES S.A.,5501000.0,-235000.0,150380000.0,37814000.0,1005608000.0,1355469000.0,113589000.0,246655000.0,2013,235000.0,892019000.0,2013-12-31,2014-04-04
22942,MGI - MINAS GERAIS PARTICIPAÇÕES S.A.,208307000.0,-942000.0,395342000.0,311561000.0,871153000.0,2235001000.0,65254000.0,411267000.0,2014,942000.0,805899000.0,2014-12-31,2015-03-24
22942,MGI - MINAS GERAIS PARTICIPAÇÕES S.A.,-663591000.0,-564000.0,297067000.0,-611512000.0,1228023000.0,1740139000.0,229776000.0,212491000.0,2015,564000.0,998247000.0,2015-12-31,2016-07-15
22942,MGI - MINAS GERAIS PARTICIPAÇÕES S.A.,-167857000.0,-447000.0,275149000.0,-133435000.0,1417969000.0,1641692000.0,7307000.0,-71126000.0,2016,447000.0,1410662000.0,2016-12-31,2017-03-29
22942,MGI - MINAS GERAIS PARTICIPAÇÕES S.A.,-29947000.0,-530000.0,196025000.0,-12480000.0,1432944000.0,1652580000.0,8983000.0,-81039000.0,2017,530000.0,1423961000.0,2017-12-31,2018-03-27
22942,MGI - MINAS GERAIS PARTICIPAÇÕES S.A.,217281000.0,-91000.0,180889000.0,226858000.0,1811594000.0,2251042000.0,4538000.0,-52261000.0,2018,91000.0,1807056000.0,2018-12-31,2019-03-27
22942,MGI - MINAS GERAIS PARTICIPAÇÕES S.A.,-16184000.0,-355000.0,164315000.0,-8494000.0,1906200000.0,2400675000.0,11409000.0,11531000.0,2019,355000.0,1894791000.0,2019-12-31,2020-03-16
22012,"MILLS LOCAÇÃO, SERVIÇOS E LOGÍSTICA S.A.",-42988000.0,-27973000.0,439465000.0,-44980000.0,150212000.0,1375895000.0,124910000.0,85893000.0,2019,27973000.0,25302000.0,2019-12-31,2020-03-25
22012,"MILLS LOCAÇÃO, SERVIÇOS E LOGÍSTICA S.A.",13534000.0,-25093000.0,506339000.0,-4747000.0,263991000.0,1475392000.0,378905000.0,150228000.0,2020,25093000.0,-114914000.0,2020-12-31,2021-03-17
22012,"MILLS LOCAÇÃO, SERVIÇOS E LOGÍSTICA S.A.",146753000.0,-32498000.0,738118000.0,102307000.0,201498000.0,1449952000.0,202719000.0,134655000.0,2021,32498000.0,-1221000.0,2021-12-31,2022-03-30
22012,"MILLS LOCAÇÃO, SERVIÇOS E LOGÍSTICA S.A.",322233000.0,-78404000.0,1092097000.0,216453000.0,972238000.0,2588440000.0,780131000.0,144849000.0,2022,78404000.0,192107000.0,2022-12-31,2023-03-29
22012,"MILLS LOCAÇÃO, SERVIÇOS E LOGÍSTICA S.A.",469223000.0,-177687000.0,1377756000.0,278212000.0,997777000.0,2740405000.0,546889000.0,-124402000.0,2023,177687000.0,450888000.0,2023-12-31,2024-03-19
22012,"MILLS LOCAÇÃO, SERVIÇOS E LOGÍSTICA S.A.",508091000.0,-268321000.0,1575405000.0,285188000.0,1895379000.0,3869243000.0,542463000.0,-57447000.0,2024,268321000.0,1352916000.0,2024-12-31,2025-03-20
22012,"MILLS LOCAÇÃO, SERVIÇOS E LOGÍSTICA S.A.",622588000.0,-360860000.0,1837835000.0,301263000.0,1870969000.0,4108871000.0,434416000.0,305942000.0,2025,360860000.0,1436553000.0,2025-12-31,2026-03-18
20931,MINERVA S.A.,459517000.0,-826758000.0,5456566000.0,-314285000.0,3429259000.0,4978136000.0,712676000.0,474788000.0,2013,826758000.0,2716583000.0,2013-12-31,2014-03-11
20931,MINERVA S.A.,593553000.0,-1089870000.0,6987230000.0,-418218000.0,5326043000.0,7224461000.0,1608099000.0,341415000.0,2014,1089870000.0,3717944000.0,2014-12-31,2015-03-27
20931,MINERVA S.A.,921752000.0,-1773393000.0,9524797000.0,-799955000.0,7007967000.0,8312048000.0,1995708000.0,959266000.0,2015,1773393000.0,5012259000.0,2015-12-31,2016-03-08
20931,MINERVA S.A.,886986000.0,-1415678000.0,9648670000.0,195035000.0,6827703000.0,8959148000.0,2883954000.0,582107000.0,2016,1415678000.0,3943749000.0,2016-12-31,2017-02-23
20931,MINERVA S.A.,989541000.0,-1294858000.0,12103789000.0,-280683000.0,9607008000.0,11905325000.0,3278602000.0,588213000.0,2017,1294858000.0,6328406000.0,2017-12-31,2018-03-05
20931,MINERVA S.A.,674512000.0,-2569485000.0,16214909000.0,-1264782000.0,10467574000.0,12824421000.0,3033872000.0,1329883000.0,2018,2569485000.0,7433702000.0,2018-12-31,2019-03-12
20931,MINERVA S.A.,1462082000.0,-1659077000.0,17122825000.0,16157000.0,10477726000.0,13233737000.0,3219817000.0,1757892000.0,2019,1659077000.0,7257909000.0,2019-12-31,2020-02-18
20931,MINERVA S.A.,1793773000.0,-1102656000.0,19406344000.0,697092000.0,11572038000.0,16923251000.0,4788341000.0,3223827000.0,2020,1102656000.0,6783697000.0,2020-12-31,2021-02-25
20931,MINERVA S.A.,2035418000.0,-1524826000.0,26965360000.0,598879000.0,13404705000.0,20069462000.0,6075633000.0,2594661000.0,2021,1524826000.0,7329072000.0,2021-12-31,2022-02-23
20931,MINERVA S.A.,2423235000.0,-2222385000.0,30977769000.0,655064000.0,13766474000.0,21400128000.0,5234456000.0,3134692000.0,2022,2222385000.0,8532018000.0,2022-12-31,2023-02-23
20931,MINERVA S.A.,2050198000.0,-2096006000.0,26891609000.0,395533000.0,21556882000.0,28594154000.0,4009951000.0,2697488000.0,2023,2096006000.0,17546931000.0,2023-12-31,2024-03-25
20931,MINERVA S.A.,2427875000.0,-4901684000.0,34068866000.0,-1563806000.0,30082109000.0,42141896000.0,7550512000.0,6556461000.0,2024,4901684000.0,22531597000.0,2024-12-31,2025-03-19
20931,MINERVA S.A.,3848351000.0,-4776349000.0,54830072000.0,848260000.0,27786869000.0,45876559000.0,10202560000.0,4702753000.0,2025,4776349000.0,17584309000.0,2025-12-31,2026-03-18
13765,MINUPAR PARTICIPACOES S.A.,8903000.0,-42172000.0,225096000.0,-56991000.0,19980000.0,213192000.0,477000.0,4358000.0,2013,42172000.0,19503000.0,2013-12-31,2014-02-27
13765,MINUPAR PARTICIPACOES S.A.,34312000.0,-39368000.0,187170000.0,-2155000.0,15932000.0,202797000.0,278000.0,12038000.0,2014,39368000.0,15654000.0,2014-12-31,2015-03-13
13765,MINUPAR PARTICIPACOES S.A.,21894000.0,-35272000.0,207304000.0,-11096000.0,4600000.0,214986000.0,274000.0,27679000.0,2015,35272000.0,4326000.0,2015-12-31,2016-03-10
13765,MINUPAR PARTICIPACOES S.A.,23410000.0,-36855000.0,196298000.0,-13332000.0,2245000.0,208152000.0,612000.0,23166000.0,2016,36855000.0,1633000.0,2016-12-31,2017-03-29
13765,MINUPAR PARTICIPACOES S.A.,5217000.0,-31809000.0,190423000.0,-25363000.0,1473000.0,171925000.0,237000.0,6540000.0,2017,31809000.0,1236000.0,2017-12-31,2018-03-22
13765,MINUPAR PARTICIPACOES S.A.,9649000.0,-77094000.0,199562000.0,-67027000.0,697000.0,183905000.0,244000.0,4627000.0,2018,77094000.0,453000.0,2018-12-31,2019-03-29
13765,MINUPAR PARTICIPACOES S.A.,33284000.0,-66283000.0,235584000.0,-33030000.0,477000.0,199872000.0,283000.0,8104000.0,2019,66283000.0,194000.0,2019-12-31,2020-03-30
13765,MINUPAR PARTICIPACOES S.A.,37873000.0,-27144000.0,259813000.0,16573000.0,405000.0,244123000.0,137000.0,7088000.0,2020,27144000.0,268000.0,2020-12-31,2021-05-13
13765,MINUPAR PARTICIPACOES S.A.,55513000.0,-30780000.0,319644000.0,33810000.0,357000.0,266931000.0,859000.0,4525000.0,2021,30780000.0,-502000.0,2021-12-31,2022-03-21
13765,MINUPAR PARTICIPACOES S.A.,43926000.0,-47450000.0,365740000.0,6555000.0,286000.0,297888000.0,10550000.0,19673000.0,2022,47450000.0,-10264000.0,2022-12-31,2023-03-10
13765,MINUPAR PARTICIPACOES S.A.,42335000.0,-51116000.0,368066000.0,11909000.0,437000.0,327297000.0,291000.0,14820000.0,2023,51116000.0,146000.0,2023-12-31,2024-03-15
13765,MINUPAR PARTICIPACOES S.A.,46037000.0,-51390000.0,354888000.0,12050000.0,0.0,375004000.0,379000.0,33112000.0,2024,51390000.0,-379000.0,2024-12-31,2025-03-28
13765,MINUPAR PARTICIPACOES S.A.,182767000.0,-29999000.0,436344000.0,516149000.0,0.0,434059000.0,40891000.0,146036000.0,2025,29999000.0,-40891000.0,2025-12-31,2026-03-14
24902,MITRE REALTY EMPREENDIMENTOS E PARTICIPAÇÕES S.A.,20911000.0,-2454000.0,150237000.0,16307000.0,114369000.0,271282000.0,21090000.0,-65963000.0,2018,2454000.0,93279000.0,2018-12-31,2020-01-13
24902,MITRE REALTY EMPREENDIMENTOS E PARTICIPAÇÕES S.A.,42190000.0,-6838000.0,311852000.0,31996000.0,121967000.0,396035000.0,33416000.0,-57708000.0,2019,6838000.0,88551000.0,2019-12-31,2020-03-31
24902,MITRE REALTY EMPREENDIMENTOS E PARTICIPAÇÕES S.A.,38067000.0,-3900000.0,411253000.0,49083000.0,45428000.0,1321191000.0,223197000.0,-73805000.0,2020,3900000.0,-177769000.0,2020-12-31,2021-03-15
24902,MITRE REALTY EMPREENDIMENTOS E PARTICIPAÇÕES S.A.,40480000.0,-25583000.0,573996000.0,27384000.0,106528000.0,1585090000.0,143619000.0,-513981000.0,2021,25583000.0,-37091000.0,2021-12-31,2022-02-21
24902,MITRE REALTY EMPREENDIMENTOS E PARTICIPAÇÕES S.A.,49312000.0,-26410000.0,758626000.0,37220000.0,499002000.0,2061151000.0,227873000.0,-346424000.0,2022,26410000.0,271129000.0,2022-12-31,2023-03-15
24902,MITRE REALTY EMPREENDIMENTOS E PARTICIPAÇÕES S.A.,104234000.0,-19547000.0,926392000.0,94896000.0,656667000.0,2165237000.0,198786000.0,-75331000.0,2023,19547000.0,457881000.0,2023-12-31,2024-03-14
24902,MITRE REALTY EMPREENDIMENTOS E PARTICIPAÇÕES S.A.,85640000.0,-13839000.0,1179438000.0,69624000.0,626502000.0,2200285000.0,236730000.0,-29045000.0,2024,13839000.0,389772000.0,2024-12-31,2025-02-26
24902,MITRE REALTY EMPREENDIMENTOS E PARTICIPAÇÕES S.A.,90107000.0,-3775000.0,1054924000.0,78116000.0,674847000.0,2384092000.0,206924000.0,35244000.0,2025,3775000.0,467923000.0,2025-12-31,2026-03-05
22586,MLOG S.A.,-60913000.0,-210000.0,0.0,-13820000.0,0.0,1360408000.0,44000.0,-57579000.0,2013,210000.0,-44000.0,2013-12-31,2014-03-18
22586,MLOG S.A.,-802102000.0,-172000.0,0.0,-750406000.0,0.0,618364000.0,26000.0,-60787000.0,2014,172000.0,-26000.0,2014-12-31,2015-03-31
22586,MLOG S.A.,-227053000.0,-1535000.0,0.0,-185445000.0,20748000.0,191152000.0,156000.0,-71195000.0,2015,1535000.0,20592000.0,2015-12-31,2016-03-29
22586,MLOG S.A.,707671000.0,-17592000.0,35371000.0,693480000.0,3510000.0,1187028000.0,199000.0,-15607000.0,2016,17592000.0,3311000.0,2016-12-31,2017-04-03
22586,MLOG S.A.,-32223000.0,-19323000.0,73618000.0,-45651000.0,0.0,1140126000.0,34440000.0,63080000.0,2017,19323000.0,-34440000.0,2017-12-31,2018-03-27
22586,MLOG S.A.,-11692000.0,-16419000.0,66594000.0,-18953000.0,71719000.0,1229505000.0,11289000.0,3866000.0,2018,16419000.0,60430000.0,2018-12-31,2019-06-07
22586,MLOG S.A.,-15270000.0,-17805000.0,72394000.0,-29530000.0,12943000.0,1170318000.0,1581000.0,-4652000.0,2019,17805000.0,11362000.0,2019-12-31,2020-03-30
25461,MOBLY S.A.,-26230000.0,-23422000.0,407001000.0,-38233000.0,80745000.0,213683000.0,5823000.0,-25632000.0,2019,23422000.0,74922000.0,2019-12-31,2021-01-12
25461,MOBLY S.A.,-21668000.0,-25063000.0,603105000.0,-40256000.0,117576000.0,310182000.0,23524000.0,-2882000.0,2020,25063000.0,94052000.0,2020-12-31,2021-04-16
26328,MONTE RODOVIAS S.A.,107070000.0,-14583000.0,36530000.0,135544000.0,1871976000.0,3109769000.0,52460000.0,150422000.0,2021,14583000.0,1819516000.0,2021-06-30,2021-07-15
26328,MONTE RODOVIAS S.A.,107070000.0,-14583000.0,36530000.0,135544000.0,1871976000.0,3109769000.0,52460000.0,150422000.0,2021,14583000.0,1819516000.0,2021-12-31,2022-03-31
8893,MONTEIRO ARANHA S.A.,95228000.0,-55644000.0,1411000.0,105993000.0,0.0,1270050000.0,33068000.0,59480000.0,2013,55644000.0,-33068000.0,2013-12-31,2014-03-31
8893,MONTEIRO ARANHA S.A.,167931000.0,-78105000.0,4910000.0,183916000.0,0.0,1371690000.0,3573000.0,38137000.0,2014,78105000.0,-3573000.0,2014-12-31,2015-03-31
8893,MONTEIRO ARANHA S.A.,-22884000.0,-62544000.0,3893000.0,96481000.0,20631000.0,1434739000.0,3638000.0,77839000.0,2015,62544000.0,16993000.0,2015-12-31,2016-03-30
8893,MONTEIRO ARANHA S.A.,306824000.0,-256093000.0,3553000.0,212375000.0,44568000.0,1565901000.0,33384000.0,-5777000.0,2016,256093000.0,11184000.0,2016-12-31,2017-03-28
8893,MONTEIRO ARANHA S.A.,98692000.0,-54329000.0,2758000.0,143711000.0,62749000.0,1628691000.0,81061000.0,32160000.0,2017,54329000.0,-18312000.0,2017-12-31,2018-04-04
8893,MONTEIRO ARANHA S.A.,20555000.0,-139901000.0,3672000.0,44978000.0,154474000.0,1572405000.0,62460000.0,-95518000.0,2018,139901000.0,92014000.0,2018-12-31,2019-04-02
8893,MONTEIRO ARANHA S.A.,53165000.0,-225263000.0,1128000.0,100569000.0,354553000.0,1705306000.0,158765000.0,-222267000.0,2019,225263000.0,195788000.0,2019-12-31,2020-03-26
8893,MONTEIRO ARANHA S.A.,-29735000.0,-583712000.0,108786000.0,-9345000.0,401417000.0,1650514000.0,199646000.0,-207245000.0,2020,583712000.0,201771000.0,2020-12-31,2021-03-30
8893,MONTEIRO ARANHA S.A.,508661000.0,-399982000.0,1475000.0,591383000.0,906014000.0,2156525000.0,225382000.0,-30071000.0,2021,399982000.0,680632000.0,2021-12-31,2022-03-29
8893,MONTEIRO ARANHA S.A.,317134000.0,-316485000.0,0.0,230767000.0,961359000.0,2257938000.0,148849000.0,-79105000.0,2022,316485000.0,812510000.0,2022-12-31,2023-03-21
8893,MONTEIRO ARANHA S.A.,1135303000.0,-162973000.0,0.0,878981000.0,667509000.0,2924103000.0,432981000.0,-20573000.0,2023,162973000.0,234528000.0,2023-12-31,2024-03-30
8893,MONTEIRO ARANHA S.A.,-64844000.0,-83999000.0,0.0,72642000.0,673220000.0,2510241000.0,805135000.0,-78456000.0,2024,83999000.0,-131915000.0,2024-12-31,2025-02-21
25470,MOSAICO TECNOLOGIA AO CONSUMIDOR S.A.,54958000.0,-1754000.0,113892000.0,63900000.0,49161000.0,193991000.0,28424000.0,29347000.0,2019,1754000.0,20737000.0,2019-12-31,2020-08-25
25470,MOSAICO TECNOLOGIA AO CONSUMIDOR S.A.,62470000.0,-5393000.0,231316000.0,60401000.0,47792000.0,223694000.0,39403000.0,40645000.0,2020,5393000.0,8389000.0,2020-12-31,2021-03-25
18821,MOTIVA INFRAESTRUTURA DE MOBILIDADE S.A.,3643001000.0,-3405833000.0,12244247000.0,805596000.0,26751149000.0,41356444000.0,4593600000.0,4590146000.0,2021,3405833000.0,22157549000.0,2021-12-31,2022-02-24
18821,MOTIVA INFRAESTRUTURA DE MOBILIDADE S.A.,10112177000.0,-5328963000.0,19181691000.0,4212180000.0,29031254000.0,50547300000.0,5229073000.0,6485584000.0,2022,5328963000.0,23802181000.0,2022-12-31,2023-02-15
18821,MOTIVA INFRAESTRUTURA DE MOBILIDADE S.A.,6223804000.0,0.0,18932725000.0,1854501000.0,30654269000.0,54643132000.0,4548717000.0,6817411000.0,2023,0.0,26105552000.0,2023-12-31,2024-02-08
18821,MOTIVA INFRAESTRUTURA DE MOBILIDADE S.A.,5428889000.0,0.0,21783791000.0,1311615000.0,33878743000.0,59097099000.0,4187905000.0,7172545000.0,2024,0.0,29690838000.0,2024-12-31,2025-02-06
18821,MOTIVA INFRAESTRUTURA DE MOBILIDADE S.A.,7268199000.0,0.0,18850645000.0,3503497000.0,37240691000.0,71013870000.0,3651544000.0,5747434000.0,2025,0.0,33589147000.0,2025-12-31,2026-02-09
21067,MOURA DUBEUX ENGENHARIA S/A,155736000.0,-53701000.0,824445000.0,117617000.0,914571000.0,2218410000.0,71845000.0,-89041000.0,2013,53701000.0,842726000.0,2013-12-31,2014-04-14
21067,MOURA DUBEUX ENGENHARIA S/A,150307000.0,-75241000.0,851563000.0,95216000.0,1097349000.0,2399795000.0,78072000.0,-118755000.0,2014,75241000.0,1019277000.0,2014-12-31,2015-03-31
21067,MOURA DUBEUX ENGENHARIA S/A,148041000.0,-93454000.0,774905000.0,72734000.0,1262386000.0,2563850000.0,63876000.0,-132198000.0,2015,93454000.0,1198510000.0,2015-12-31,2016-03-29
21067,MOURA DUBEUX ENGENHARIA S/A,-12206000.0,-116906000.0,602816000.0,-119526000.0,1301327000.0,2291264000.0,8856000.0,13242000.0,2016,116906000.0,1292471000.0,2016-12-31,2019-12-07
21067,MOURA DUBEUX ENGENHARIA S/A,88234000.0,-147588000.0,609610000.0,10690000.0,1276283000.0,2191801000.0,10091000.0,66054000.0,2017,147588000.0,1266192000.0,2017-12-31,2019-12-07
21067,MOURA DUBEUX ENGENHARIA S/A,-54595000.0,-157480000.0,359960000.0,-198379000.0,1205337000.0,1835807000.0,17334000.0,127266000.0,2018,157480000.0,1188003000.0,2018-12-31,2020-02-06
21067,MOURA DUBEUX ENGENHARIA S/A,90220000.0,-205024000.0,407765000.0,-99145000.0,1141889000.0,2242401000.0,14168000.0,136793000.0,2019,205024000.0,1127721000.0,2019-12-31,2020-09-02
21067,MOURA DUBEUX ENGENHARIA S/A,-72313000.0,-46919000.0,513301000.0,-104399000.0,125813000.0,2077260000.0,49538000.0,136565000.0,2020,46919000.0,76275000.0,2020-12-31,2021-03-11
21067,MOURA DUBEUX ENGENHARIA S/A,62236000.0,-23432000.0,619643000.0,84943000.0,124865000.0,2693527000.0,113881000.0,108334000.0,2021,23432000.0,10984000.0,2021-12-31,2022-03-09
21067,MOURA DUBEUX ENGENHARIA S/A,87561000.0,-30028000.0,799527000.0,105057000.0,125408000.0,2819254000.0,190174000.0,77964000.0,2022,30028000.0,-64766000.0,2022-12-31,2023-03-08
21067,MOURA DUBEUX ENGENHARIA S/A,171846000.0,-25458000.0,1151243000.0,155617000.0,338945000.0,3438225000.0,257113000.0,-151449000.0,2023,25458000.0,81832000.0,2023-12-31,2024-03-13
21067,MOURA DUBEUX ENGENHARIA S/A,247949000.0,-44724000.0,1570024000.0,251054000.0,511412000.0,4148169000.0,331069000.0,6536000.0,2024,44724000.0,180343000.0,2024-12-31,2025-03-19
21067,MOURA DUBEUX ENGENHARIA S/A,446638000.0,-106538000.0,2356938000.0,420173000.0,875990000.0,5568082000.0,309111000.0,-79066000.0,2025,106538000.0,566879000.0,2025-12-31,2026-03-11
23825,MOVIDA PARTICIPACOES SA,152020000.0,-115968000.0,1213502000.0,67050000.0,1259820000.0,2618609000.0,460579000.0,208633000.0,2015,115968000.0,799241000.0,2015-12-31,2016-04-01
23825,MOVIDA PARTICIPACOES SA,191282000.0,-192355000.0,1893180000.0,39697000.0,1040186000.0,2789713000.0,53576000.0,-204447000.0,2016,192355000.0,986610000.0,2016-12-31,2017-03-22
23825,MOVIDA PARTICIPACOES SA,252108000.0,-217682000.0,2467983000.0,66466000.0,1861040000.0,4006470000.0,411381000.0,-1020472000.0,2017,217682000.0,1449659000.0,2017-12-31,2018-03-21
23825,MOVIDA PARTICIPACOES SA,379727000.0,-219136000.0,2538599000.0,159754000.0,2265932000.0,5192301000.0,259482000.0,-1018773000.0,2018,219136000.0,2006450000.0,2018-12-31,2019-04-02
23825,MOVIDA PARTICIPACOES SA,468188000.0,-244623000.0,3836044000.0,227815000.0,3144185000.0,7242817000.0,72233000.0,-1132708000.0,2019,244623000.0,3071952000.0,2019-12-31,2020-03-10
23825,MOVIDA PARTICIPACOES SA,304301000.0,-264984000.0,4085259000.0,109027000.0,4406958000.0,8502627000.0,68647000.0,-634250000.0,2020,264984000.0,4338311000.0,2020-12-31,2021-02-23
23825,MOVIDA PARTICIPACOES SA,1666736000.0,-958719000.0,5332623000.0,819439000.0,14765667000.0,21715853000.0,146030000.0,-8269520000.0,2021,958719000.0,14619637000.0,2021-12-31,2022-02-21
23825,MOVIDA PARTICIPACOES SA,2416748000.0,-2210428000.0,9600029000.0,556406000.0,17723979000.0,26248880000.0,551765000.0,-4171865000.0,2022,2210428000.0,17172214000.0,2022-12-31,2024-01-31
23825,MOVIDA PARTICIPACOES SA,1261567000.0,-2371450000.0,10342015000.0,-650851000.0,15299446000.0,25119493000.0,133394000.0,3227152000.0,2023,2371450000.0,15166052000.0,2023-12-31,2024-03-25
23825,MOVIDA PARTICIPACOES SA,2620072000.0,-2688896000.0,13481270000.0,231493000.0,20491514000.0,30573857000.0,677895000.0,-2514109000.0,2024,2688896000.0,19813619000.0,2024-12-31,2025-03-20
23825,MOVIDA PARTICIPACOES SA,3256129000.0,-3588397000.0,14672054000.0,318364000.0,21909922000.0,34925260000.0,1322044000.0,1390409000.0,2025,3588397000.0,20587878000.0,2025-12-31,2026-03-23
25445,MPM CORPÓREOS S.A.,158571000.0,-54375000.0,647595000.0,65380000.0,318374000.0,1125252000.0,55109000.0,55823000.0,2019,54375000.0,263265000.0,2019-12-31,2020-11-09
25445,MPM CORPÓREOS S.A.,68709000.0,-70139000.0,521909000.0,58820000.0,519858000.0,1460045000.0,148951000.0,108634000.0,2020,70139000.0,370907000.0,2020-12-31,2021-03-29
25445,MPM CORPÓREOS S.A.,228486000.0,-95128000.0,714265000.0,179142000.0,892737000.0,2215889000.0,143446000.0,-30574000.0,2021,95128000.0,749291000.0,2021-12-31,2022-03-25
25445,MPM CORPÓREOS S.A.,104024000.0,-168372000.0,906515000.0,-51366000.0,919342000.0,2328604000.0,238394000.0,9833000.0,2022,168372000.0,680948000.0,2022-12-31,2023-03-27
25445,MPM CORPÓREOS S.A.,127676000.0,-157382000.0,1006447000.0,-25515000.0,869018000.0,2284617000.0,157962000.0,70512000.0,2023,157382000.0,711056000.0,2023-12-31,2024-03-25
25445,MPM CORPÓREOS S.A.,150049000.0,-152257000.0,1029771000.0,1648000.0,864806000.0,2291655000.0,224068000.0,118666000.0,2024,152257000.0,640738000.0,2024-12-31,2025-03-20
25445,MPM CORPÓREOS S.A.,171665000.0,-165468000.0,1092985000.0,13158000.0,753035000.0,2207516000.0,145317000.0,115896000.0,2025,165468000.0,607718000.0,2025-12-31,2026-03-11
17949,MRS LOGISTICA S.A.,2544924000.0,-1621341000.0,7024973000.0,1415510000.0,8168758000.0,20613082000.0,4144613000.0,2782234000.0,2024,1621341000.0,4024145000.0,2024-12-31,2025-03-11
17949,MRS LOGISTICA S.A.,2817306000.0,-1299191000.0,7585058000.0,1555063000.0,9662320000.0,24732735000.0,4377047000.0,3611239000.0,2025,1299191000.0,5285273000.0,2025-12-31,2026-03-17
20915,MRV ENGENHARIA E PARTICIPACOES S.A.,468818000.0,-137014000.0,3870608000.0,450195000.0,3017723000.0,10198449000.0,1422595000.0,568892000.0,2013,137014000.0,1595128000.0,2013-12-31,2014-03-13
20915,MRV ENGENHARIA E PARTICIPACOES S.A.,703676000.0,-112042000.0,4186185000.0,751400000.0,2502030000.0,10817175000.0,1217497000.0,603526000.0,2014,112042000.0,1284533000.0,2014-12-31,2015-03-05
20915,MRV ENGENHARIA E PARTICIPACOES S.A.,498335000.0,-77685000.0,4763038000.0,595354000.0,2249651000.0,11392309000.0,1595814000.0,1028036000.0,2015,77685000.0,653837000.0,2015-12-31,2016-03-07
20915,MRV ENGENHARIA E PARTICIPACOES S.A.,454828000.0,-62634000.0,4249049000.0,574404000.0,2313640000.0,12327013000.0,1763552000.0,576052000.0,2016,62634000.0,550088000.0,2016-12-31,2017-03-13
20915,MRV ENGENHARIA E PARTICIPACOES S.A.,666513000.0,-144348000.0,4759888000.0,700024000.0,3472345000.0,14558500000.0,713123000.0,332400000.0,2017,144348000.0,2759222000.0,2017-12-31,2018-03-08
20915,MRV ENGENHARIA E PARTICIPACOES S.A.,741936000.0,-102907000.0,5418995000.0,758137000.0,2863018000.0,13636891000.0,794852000.0,625606000.0,2018,102907000.0,2068166000.0,2018-12-31,2019-02-28
20915,MRV ENGENHARIA E PARTICIPACOES S.A.,740676000.0,-58119000.0,6055722000.0,747876000.0,3202158000.0,14686323000.0,674919000.0,-98245000.0,2019,58119000.0,2527239000.0,2019-12-31,2020-03-02
20915,MRV ENGENHARIA E PARTICIPACOES S.A.,713735000.0,-108529000.0,6646359000.0,620992000.0,4651531000.0,18062015000.0,1080705000.0,689934000.0,2020,108529000.0,3570826000.0,2020-12-31,2021-03-04
20915,MRV ENGENHARIA E PARTICIPACOES S.A.,1129110000.0,-238204000.0,7106201000.0,876805000.0,5232777000.0,20321428000.0,947928000.0,-403118000.0,2021,238204000.0,4284849000.0,2021-12-31,2023-07-06
20915,MRV ENGENHARIA E PARTICIPACOES S.A.,362382000.0,-594126000.0,6645285000.0,-123463000.0,7429176000.0,22601329000.0,733748000.0,-810664000.0,2022,594126000.0,6695428000.0,2022-12-31,2023-07-06
20915,MRV ENGENHARIA E PARTICIPACOES S.A.,69861000.0,-467360000.0,7429915000.0,-18439000.0,7847271000.0,25071702000.0,406767000.0,-823922000.0,2023,467360000.0,7440504000.0,2023-12-31,2024-02-29
20915,MRV ENGENHARIA E PARTICIPACOES S.A.,433540000.0,-1264546000.0,9009035000.0,-482097000.0,9780618000.0,29430687000.0,414563000.0,-400705000.0,2024,1264546000.0,9366055000.0,2024-12-31,2025-02-24
20915,MRV ENGENHARIA E PARTICIPACOES S.A.,201196000.0,-1611704000.0,10906236000.0,-1042704000.0,8602006000.0,28529287000.0,255863000.0,541982000.0,2025,1611704000.0,8346143000.0,2025-12-31,2026-03-09
902123,MULTILASER INDUSTRIAL S.A.,241375000.0,-23128000.0,1535979000.0,221371000.0,62406000.0,1673029000.0,133167000.0,79242000.0,2017,23128000.0,-70761000.0,2017-12-31,2018-05-30
21520,MULTINER S/A,-69374000.0,-96324000.0,46209000.0,-112144000.0,588421000.0,1150523000.0,112536000.0,149865000.0,2013,96324000.0,475885000.0,2013-12-31,2014-04-03
21520,MULTINER S/A,-91590000.0,-108418000.0,51592000.0,-102910000.0,550861000.0,1219484000.0,143041000.0,-57630000.0,2014,108418000.0,407820000.0,2014-12-31,2015-03-31
21520,MULTINER S/A,-75456000.0,-150730000.0,57355000.0,-157028000.0,509530000.0,1148411000.0,706000.0,28165000.0,2015,150730000.0,508824000.0,2015-12-31,2018-02-26
21520,MULTINER S/A,-219835.0,-171743.0,47366.0,-314978.0,602823.0,1016090.0,282.0,,2016,171743.0,602541.0,2016-12-31,2018-03-09
21520,MULTINER S/A,108234000.0,-138033000.0,98575000.0,118121000.0,1289912000.0,2102926000.0,16519000.0,-12755000.0,2017,138033000.0,1273393000.0,2017-12-31,2018-10-30
21520,MULTINER S/A,-56682000.0,-204681000.0,189264000.0,-217296000.0,1337506000.0,1937123000.0,22427000.0,60852000.0,2018,204681000.0,1315079000.0,2018-12-31,2019-03-29
21520,MULTINER S/A,77320000.0,-139132000.0,233772000.0,-32249000.0,1304266000.0,1893318000.0,102202000.0,169763000.0,2019,139132000.0,1202064000.0,2019-12-31,2020-05-08
21520,MULTINER S/A,99790000.0,-191483000.0,247903000.0,-64160000.0,1370117000.0,1900577000.0,121401000.0,158511000.0,2020,191483000.0,1248716000.0,2020-12-31,2021-03-31
21520,MULTINER S/A,37042000.0,-267922000.0,231691000.0,-30880000.0,1473577000.0,1852857000.0,108055000.0,185669000.0,2021,267922000.0,1365522000.0,2021-12-31,2022-03-31
21520,MULTINER S/A,72694000.0,-197350000.0,207503000.0,59277000.0,1452968000.0,1901084000.0,267242000.0,311995000.0,2022,197350000.0,1185726000.0,2022-12-31,2023-04-14
21520,MULTINER S/A,125348000.0,-112724000.0,253228000.0,237014000.0,1371039000.0,1970374000.0,436317000.0,318166000.0,2023,112724000.0,934722000.0,2023-12-31,2024-03-28
21520,MULTINER S/A,-27641000.0,-188742000.0,172205000.0,-44057000.0,1467813000.0,1991488000.0,607270000.0,242164000.0,2024,188742000.0,860543000.0,2024-12-31,2025-03-31
21520,MULTINER S/A,-56113000.0,-115226000.0,207866000.0,-14711000.0,839660000.0,1434067000.0,239607000.0,177870000.0,2025,115226000.0,600053000.0,2025-12-31,2026-03-31
20982,MULTIPLAN - EMPREEND IMOBILIARIOS S.A.,486021000.0,-160702000.0,973054000.0,284609000.0,2088433000.0,6397648000.0,210479000.0,417079000.0,2013,160702000.0,1877954000.0,2013-12-31,2014-03-19
20982,MULTIPLAN - EMPREEND IMOBILIARIOS S.A.,629459000.0,-199534000.0,1113454000.0,368047000.0,2119051000.0,6663216000.0,170926000.0,562871000.0,2014,199534000.0,1948125000.0,2014-12-31,2015-02-24
20982,MULTIPLAN - EMPREEND IMOBILIARIOS S.A.,627562000.0,-240969000.0,1065030000.0,361959000.0,2173064000.0,7014259000.0,159000000.0,656113000.0,2015,240969000.0,2014064000.0,2015-12-31,2016-02-24
20982,MULTIPLAN - EMPREEND IMOBILIARIOS S.A.,654242000.0,-290515000.0,1109950000.0,311802000.0,2882289000.0,7954446000.0,105647000.0,650914000.0,2016,290515000.0,2776642000.0,2016-12-31,2017-03-09
20982,MULTIPLAN - EMPREEND IMOBILIARIOS S.A.,635681000.0,-299080000.0,1156379000.0,368536000.0,2733713000.0,8644402000.0,39786000.0,714820000.0,2017,299080000.0,2693927000.0,2017-12-31,2018-02-28
20982,MULTIPLAN - EMPREEND IMOBILIARIOS S.A.,736494000.0,-222354000.0,1229142000.0,470573000.0,2813732000.0,8875258000.0,38864000.0,853029000.0,2018,222354000.0,2774868000.0,2018-12-31,2019-02-21
20982,MULTIPLAN - EMPREEND IMOBILIARIOS S.A.,704523000.0,-216153000.0,1305587000.0,469195000.0,3103437000.0,9576749000.0,36463000.0,961448000.0,2019,216153000.0,3066974000.0,2019-12-31,2020-02-17
20982,MULTIPLAN - EMPREEND IMOBILIARIOS S.A.,1146450000.0,-147207000.0,1081576000.0,963978000.0,3121299000.0,10564284000.0,1223414000.0,508881000.0,2020,147207000.0,1897885000.0,2020-12-31,2021-02-11
20982,MULTIPLAN - EMPREEND IMOBILIARIOS S.A.,611520000.0,-202234000.0,1288393000.0,452698000.0,3023712000.0,10662460000.0,553793000.0,701737000.0,2021,202234000.0,2469919000.0,2021-12-31,2022-02-10
20982,MULTIPLAN - EMPREEND IMOBILIARIOS S.A.,1068503000.0,-386560000.0,1797605000.0,769388000.0,2963612000.0,10877311000.0,23589000.0,1203854000.0,2022,386560000.0,2940023000.0,2022-12-31,2023-02-09
20982,MULTIPLAN - EMPREEND IMOBILIARIOS S.A.,1358376000.0,-368281000.0,2029569000.0,1020554000.0,3166297000.0,11536924000.0,157158000.0,1187600000.0,2023,368281000.0,3009139000.0,2023-12-31,2024-02-08
20982,MULTIPLAN - EMPREEND IMOBILIARIOS S.A.,1709528000.0,-371771000.0,2544789000.0,1340986000.0,5430932000.0,12511801000.0,49603000.0,1489466000.0,2024,371771000.0,5381329000.0,2024-12-31,2025-02-06
20982,MULTIPLAN - EMPREEND IMOBILIARIOS S.A.,1865595000.0,-705909000.0,2739082000.0,1141233000.0,5439999000.0,13154931000.0,191102000.0,1463917000.0,2025,705909000.0,5248897000.0,2025-12-31,2026-02-05
5312,MUNDIAL S.A. - PRODUTOS DE CONSUMO,42165000.0,-77460000.0,409698000.0,4856000.0,163121000.0,932867000.0,3789000.0,13320000.0,2013,77460000.0,159332000.0,2013-12-31,2014-04-01
5312,MUNDIAL S.A. - PRODUTOS DE CONSUMO,8114000.0,-61494000.0,380053000.0,-28722000.0,138328000.0,822437000.0,5217000.0,37482000.0,2014,61494000.0,133111000.0,2014-12-31,2015-04-30
5312,MUNDIAL S.A. - PRODUTOS DE CONSUMO,12531000.0,-64082000.0,404148000.0,-51810000.0,138405000.0,887634000.0,5495000.0,10288000.0,2015,64082000.0,132910000.0,2015-12-31,2016-04-20
5312,MUNDIAL S.A. - PRODUTOS DE CONSUMO,47476000.0,-101259000.0,421202000.0,-41264000.0,123357000.0,952144000.0,4590000.0,21764000.0,2016,101259000.0,118767000.0,2016-12-31,2017-03-30
5312,MUNDIAL S.A. - PRODUTOS DE CONSUMO,28417000.0,-169138000.0,437123000.0,-79160000.0,145781000.0,977889000.0,994000.0,-22817000.0,2017,169138000.0,144787000.0,2017-12-31,2018-03-27
5312,MUNDIAL S.A. - PRODUTOS DE CONSUMO,55972000.0,-81387000.0,469949000.0,3063000.0,191199000.0,1022493000.0,1477000.0,-38199000.0,2018,81387000.0,189722000.0,2018-12-31,2019-03-29
5312,MUNDIAL S.A. - PRODUTOS DE CONSUMO,55363000.0,-80689000.0,485894000.0,-10361000.0,203505000.0,1037082000.0,2220000.0,-8294000.0,2019,80689000.0,201285000.0,2019-12-31,2020-03-27
5312,MUNDIAL S.A. - PRODUTOS DE CONSUMO,48312000.0,-62899000.0,514279000.0,-8961000.0,195647000.0,1109891000.0,3903000.0,17547000.0,2020,62899000.0,191744000.0,2020-12-31,2021-03-26
5312,MUNDIAL S.A. - PRODUTOS DE CONSUMO,95479000.0,-678434000.0,691075000.0,-572641000.0,298920000.0,1248044000.0,4340000.0,-84849000.0,2021,678434000.0,294580000.0,2021-12-31,2022-03-28
5312,MUNDIAL S.A. - PRODUTOS DE CONSUMO,91341000.0,481772000.0,761241000.0,881992000.0,378290000.0,1285218000.0,2571000.0,-66315000.0,2022,481772000.0,375719000.0,2022-12-31,2023-03-24
5312,MUNDIAL S.A. - PRODUTOS DE CONSUMO,103495000.0,-160487000.0,836065000.0,-6827000.0,430009000.0,1349974000.0,1531000.0,-32894000.0,2023,160487000.0,428478000.0,2023-12-31,2024-03-22
5312,MUNDIAL S.A. - PRODUTOS DE CONSUMO,133467000.0,-161511000.0,969980000.0,3818000.0,500483000.0,1448472000.0,1728000.0,-46162000.0,2024,161511000.0,498755000.0,2024-12-31,2025-03-21
5312,MUNDIAL S.A. - PRODUTOS DE CONSUMO,143273000.0,-187039000.0,1018848000.0,-21970000.0,542510000.0,1453609000.0,2929000.0,-9654000.0,2025,187039000.0,539581000.0,2025-12-31,2026-03-20
25232,MÉLIUZ S.A.,28482000.0,-1599000.0,125390000.0,19630000.0,209000.0,377202000.0,331207000.0,19828000.0,2020,1599000.0,-330998000.0,2020-12-31,2021-03-31
25232,MÉLIUZ S.A.,-67846000.0,-1999000.0,263486000.0,-34334000.0,1958000.0,902829000.0,514749000.0,-32787000.0,2021,1999000.0,-512791000.0,2021-12-31,2022-03-29
25232,MÉLIUZ S.A.,-141501000.0,-8023000.0,368107000.0,-58148000.0,132000.0,1357951000.0,455772000.0,-43026000.0,2022,8023000.0,-455640000.0,2022-12-31,2023-09-21
25232,MÉLIUZ S.A.,-71070000.0,-3583000.0,326589000.0,-25552000.0,846000.0,978995000.0,69361000.0,-134923000.0,2023,3583000.0,-68515000.0,2023-12-31,2024-03-13
25232,MÉLIUZ S.A.,-25174000.0,-1931000.0,365018000.0,-11334000.0,226000.0,486794000.0,37365000.0,32557000.0,2024,1931000.0,-37139000.0,2024-12-31,2025-03-11
25232,MÉLIUZ S.A.,19494000.0,-4857000.0,460204000.0,-1140000.0,0.0,633890000.0,72857000.0,40682000.0,2025,4857000.0,-72857000.0,2025-12-31,2026-03-18
9040,NADIR FIGUEIREDO IND E COM S.A.,28744000.0,-29288000.0,486567000.0,6857000.0,270419000.0,708420000.0,29732000.0,76348000.0,2013,29288000.0,240687000.0,2013-12-31,2014-03-28
9040,NADIR FIGUEIREDO IND E COM S.A.,30395000.0,-26822000.0,543254000.0,17191000.0,190715000.0,685774000.0,23298000.0,186824000.0,2014,26822000.0,167417000.0,2014-12-31,2015-03-30
9040,NADIR FIGUEIREDO IND E COM S.A.,44417000.0,-48322000.0,570662000.0,7693000.0,228367000.0,651329000.0,6375000.0,-41882000.0,2015,48322000.0,221992000.0,2015-12-31,2016-03-23
9040,NADIR FIGUEIREDO IND E COM S.A.,62172000.0,-67997000.0,599633000.0,32065000.0,164288000.0,612488000.0,5198000.0,100313000.0,2016,67997000.0,159090000.0,2016-12-31,2017-03-17
9040,NADIR FIGUEIREDO IND E COM S.A.,102438000.0,-49063000.0,662112000.0,57510000.0,125559000.0,628207000.0,10702000.0,94029000.0,2017,49063000.0,114857000.0,2017-12-31,2018-03-15
9040,NADIR FIGUEIREDO IND E COM S.A.,141091000.0,-88841000.0,768081000.0,84225000.0,132042000.0,717627000.0,16599000.0,104895000.0,2018,88841000.0,115443000.0,2018-12-31,2019-03-08
9040,NADIR FIGUEIREDO IND E COM S.A.,130784000.0,-25497000.0,793252000.0,73601000.0,255547000.0,758223000.0,12926000.0,21174000.0,2019,25497000.0,242621000.0,2019-12-31,2020-03-05
22667,NAOMI PARTICIPAÇÕES S.A.,-11194000.0,0.0,0.0,-11138000.0,0.0,470789000.0,569000.0,-1243000.0,2013,0.0,-569000.0,2013-12-31,2018-05-29
22667,NAOMI PARTICIPAÇÕES S.A.,-207000.0,0.0,0.0,-160000.0,0.0,470625000.0,386000.0,-183000.0,2014,0.0,-386000.0,2014-12-31,2018-05-29
22667,NAOMI PARTICIPAÇÕES S.A.,-508000.0,0.0,0.0,-475000.0,0.0,527118000.0,727000.0,-818000.0,2015,0.0,-727000.0,2015-12-31,2018-05-29
22667,NAOMI PARTICIPAÇÕES S.A.,-425000.0,0.0,0.0,-357000.0,0.0,526785000.0,377000.0,-350000.0,2016,0.0,-377000.0,2016-12-31,2018-05-29
24783,NATURA &CO HOLDING S.A.,1351248000.0,-3002466000.0,14444690000.0,155467000.0,10786374000.0,21184512000.0,4513582000.0,1300356000.0,2019,3002466000.0,6272792000.0,2019-12-31,2020-03-05
24783,NATURA &CO HOLDING S.A.,789597000.0,-5773810000.0,36921980000.0,-663678000.0,13822913000.0,60917597000.0,5821672000.0,1285632000.0,2020,5773810000.0,8001241000.0,2020-12-31,2021-03-04
24783,NATURA &CO HOLDING S.A.,1118230000.0,-5033540000.0,40164687000.0,1139239000.0,12716832000.0,60448490000.0,4007257000.0,-114170000.0,2021,5033540000.0,8709575000.0,2021-12-31,2022-03-09
24783,NATURA &CO HOLDING S.A.,-457781000.0,-7281659000.0,36349623000.0,-2858626000.0,13592286000.0,54685390000.0,4195713000.0,671539000.0,2022,7281659000.0,9396573000.0,2022-12-31,2023-03-13
24783,NATURA &CO HOLDING S.A.,-154848000.0,-2513499000.0,26737277000.0,2974510000.0,6111702000.0,42747015000.0,3750944000.0,-2347673000.0,2023,2513499000.0,2360758000.0,2023-12-31,2024-03-12
24783,NATURA &CO HOLDING S.A.,908071000.0,-692809000.0,24089804000.0,-8929680000.0,6842685000.0,37133423000.0,2641683000.0,-2553253000.0,2024,692809000.0,4201002000.0,2024-12-31,2025-03-14
19550,NATURA COSMETICOS S.A.,1415996000.0,-522472000.0,7010311000.0,847806000.0,2893906000.0,6248321000.0,1016293000.0,979015000.0,2013,522472000.0,1877613000.0,2013-12-31,2014-06-10
19550,NATURA COSMETICOS S.A.,1364672000.0,-752116000.0,7408422000.0,741221000.0,3981210000.0,7200083000.0,1164174000.0,757458000.0,2014,752116000.0,2817036000.0,2014-12-31,2015-02-11
19550,NATURA COSMETICOS S.A.,1256769000.0,-2308627000.0,7899002000.0,522732000.0,5535880000.0,9394981000.0,1591843000.0,1578025000.0,2015,2308627000.0,3944037000.0,2015-12-31,2016-02-17
19550,NATURA COSMETICOS S.A.,1082868000.0,-1729297000.0,7912664000.0,308238000.0,4390171000.0,8421579000.0,1091470000.0,778634000.0,2016,1729297000.0,3298701000.0,2016-12-31,2017-02-22
19550,NATURA COSMETICOS S.A.,1358641000.0,-991841000.0,9852708000.0,670251000.0,9331900000.0,14957462000.0,1693131000.0,1153305000.0,2017,991841000.0,7638769000.0,2017-12-31,2018-03-14
19550,NATURA COSMETICOS S.A.,1256693000.0,-2639709000.0,13397419000.0,548379000.0,8440380000.0,15379549000.0,1215048000.0,844267000.0,2018,2639709000.0,7225332000.0,2018-12-31,2019-02-28
19550,NATURA COSMETICOS S.A.,1351248000.0,-2747263000.0,14444690000.0,392391000.0,7902992000.0,18133938000.0,1463013000.0,1335417000.0,2019,2747263000.0,6439979000.0,2019-12-31,2020-03-05
19550,NATURA COSMETICOS S.A.,2035021000.0,-3597770000.0,18345397000.0,1102271000.0,9127769000.0,25448693000.0,2951283000.0,3012298000.0,2020,3597770000.0,6176486000.0,2020-12-31,2021-03-31
19550,NATURA COSMÉTICOS S.A.,2102574000.0,-3791384000.0,20735341000.0,934152000.0,8296383000.0,26270598000.0,2840196000.0,891229000.0,2021,3791384000.0,5456187000.0,2021-12-31,2022-03-29
19550,NATURA COSMÉTICOS S.A.,1584207000.0,-5677097000.0,20207176000.0,123717000.0,7622192000.0,24648800000.0,2054667000.0,1311498000.0,2022,5677097000.0,5567525000.0,2022-12-31,2023-03-16
19550,NATURA COSMÉTICOS S.A.,1980386000.0,-2113132000.0,14928231000.0,6439948000.0,2512302000.0,19557364000.0,1598054000.0,-3174320000.0,2023,2113132000.0,914248000.0,2023-12-31,2024-03-19
19550,NATURA COSMÉTICOS S.A.,1595698000.0,-545521000.0,21271580000.0,760639000.0,2389399000.0,20315234000.0,1741187000.0,1909139000.0,2024,545521000.0,648212000.0,2024-12-31,2025-03-13
19550,NATURA COSMÉTICOS S.A.,1415968000.0,-866918000.0,21823488000.0,-1785238000.0,6175392000.0,28971321000.0,1490706000.0,-114984000.0,2025,866918000.0,4684686000.0,2025-12-31,2026-03-16
15539,NEOENERGIA S.A.,1455625000.0,-1195623000.0,10614298000.0,1070811000.0,7185305000.0,20459145000.0,1974366000.0,2255324000.0,2013,1195623000.0,5210939000.0,2013-12-31,2014-03-24
15539,NEOENERGIA S.A.,1664718000.0,-1921022000.0,12308947000.0,776886000.0,8556561000.0,22657862000.0,91435000.0,1072209000.0,2014,1921022000.0,8465126000.0,2014-12-31,2017-11-28
15539,NEOENERGIA S.A.,1454553000.0,-5606867000.0,14617679000.0,371983000.0,11807626000.0,27371492000.0,138878000.0,2150542000.0,2015,5606867000.0,11668748000.0,2015-12-31,2017-11-28
15539,NEOENERGIA S.A.,1857425000.0,-5463402000.0,14834231000.0,354303000.0,11960921000.0,27967404000.0,380935000.0,1079749000.0,2016,5463402000.0,11579986000.0,2016-12-31,2019-04-24
15539,NEOENERGIA S.A.,2123785000.0,-4186349000.0,20508070000.0,451529000.0,18314238000.0,42145769000.0,3856434000.0,694362000.0,2017,4186349000.0,14457804000.0,2017-12-31,2019-04-23
15539,NEOENERGIA S.A.,3269886000.0,-7292683000.0,25953659000.0,1593951000.0,21056092000.0,46564478000.0,3933675000.0,1328445000.0,2018,7292683000.0,17122417000.0,2018-12-31,2019-04-23
15539,NEOENERGIA S.A.,4273181000.0,-5393095000.0,28461313000.0,2309322000.0,22663738000.0,54214782000.0,4040719000.0,3409648000.0,2019,5393095000.0,18623019000.0,2019-12-31,2020-02-17
15539,NEOENERGIA S.A.,4878000000.0,-1755000000.0,31989000000.0,2905000000.0,26380000000.0,66297000000.0,5060000000.0,3543000000.0,2020,1755000000.0,21320000000.0,2020-12-31,2021-02-09
15539,NEOENERGIA S.A.,7872000000.0,-2934000000.0,43165000000.0,4066000000.0,38623000000.0,85800000000.0,5545000000.0,132000000.0,2021,2934000000.0,33078000000.0,2021-12-31,2022-02-17
15539,NEOENERGIA S.A.,9339000000.0,-4339000000.0,42787000000.0,4787000000.0,43503000000.0,92318000000.0,6802000000.0,4620000000.0,2022,4339000000.0,36701000000.0,2022-12-31,2023-03-02
15539,NEOENERGIA S.A.,9799000000.0,-4844000000.0,44343000000.0,4527000000.0,45883000000.0,99112000000.0,7448000000.0,1632000000.0,2023,4844000000.0,38435000000.0,2023-12-31,2024-02-07
15539,NEOENERGIA S.A.,9701000000.0,-5250000000.0,48993000000.0,3682000000.0,52600000000.0,109541000000.0,7730000000.0,3242000000.0,2024,5250000000.0,44870000000.0,2024-12-31,2025-02-21
15539,NEOENERGIA S.A.,11271000000.0,-7078000000.0,52633000000.0,5057000000.0,57727000000.0,119278000000.0,8453000000.0,1923000000.0,2025,7078000000.0,49274000000.0,2025-12-31,2026-02-11
25399,NEOGRID PARTICIPAÇÕES S.A.,28776000.0,-16869000.0,207099000.0,8654000.0,126024000.0,333782000.0,24908000.0,25231000.0,2019,16869000.0,101116000.0,2019-12-31,2020-11-25
25399,NEOGRID PARTICIPAÇÕES S.A.,34120000.0,-10981000.0,212581000.0,12359000.0,127983000.0,660933000.0,114417000.0,45719000.0,2020,10981000.0,13566000.0,2020-12-31,2021-03-29
25399,NEOGRID PARTICIPAÇÕES S.A.,25458000.0,-15932000.0,245604000.0,14580000.0,90157000.0,769767000.0,96456000.0,33469000.0,2021,15932000.0,-6299000.0,2021-12-31,2022-03-14
25399,NEOGRID PARTICIPAÇÕES S.A.,-4082000.0,-24173000.0,265747000.0,13115000.0,66690000.0,708044000.0,69759000.0,-10670000.0,2022,24173000.0,-3069000.0,2022-12-31,2023-03-06
25399,NEOGRID PARTICIPAÇÕES S.A.,2806000.0,-12445000.0,268322000.0,1019000.0,21871000.0,650802000.0,62742000.0,6258000.0,2023,12445000.0,-40871000.0,2023-12-31,2024-03-05
25399,NEOGRID PARTICIPAÇÕES S.A.,-40379000.0,-8695000.0,274098000.0,-33816000.0,18009000.0,606878000.0,91238000.0,1865000.0,2024,8695000.0,-73229000.0,2024-12-31,2025-05-15
25399,NEOGRID PARTICIPAÇÕES S.A.,-9400000.0,-6398000.0,270844000.0,-5383000.0,15803000.0,564284000.0,81318000.0,14531000.0,2025,6398000.0,-65515000.0,2025-12-31,2026-03-25
14621,NET SERVIÇOS DE COMUNICAÇÃO S.A.,1053801000.0,-606028000.0,9708757000.0,176568000.0,2657317000.0,12826492000.0,282890000.0,2337938000.0,2013,606028000.0,2374427000.0,2013-12-31,2014-03-19
21180,NEXPE PARTICIPAÇÕES S.A,90180000.0,-2199000.0,373768000.0,95803000.0,0.0,916370000.0,26490000.0,85937000.0,2013,2199000.0,-26490000.0,2013-12-31,2014-03-18
21180,NEXPE PARTICIPAÇÕES S.A,-25237000.0,-2110000.0,279985000.0,-17294000.0,0.0,638876000.0,36497000.0,41916000.0,2014,2110000.0,-36497000.0,2014-12-31,2015-03-20
21180,NEXPE PARTICIPAÇÕES S.A,-99354000.0,-20257000.0,166295000.0,-89738000.0,0.0,499905000.0,16066000.0,-12545000.0,2015,20257000.0,-16066000.0,2015-12-31,2016-03-29
21180,NEXPE PARTICIPAÇÕES S.A,-122819000.0,-15223000.0,110194000.0,-127728000.0,0.0,424213000.0,10587000.0,-27945000.0,2016,15223000.0,-10587000.0,2016-12-31,2017-03-27
21180,NEXPE PARTICIPAÇÕES S.A,-113505000.0,-1961000.0,89071000.0,-105933000.0,0.0,376042000.0,57284000.0,-62336000.0,2017,1961000.0,-57284000.0,2017-12-31,2018-03-28
21180,NEXPE PARTICIPAÇÕES S.A,-69823000.0,-1468000.0,111308000.0,-68374000.0,0.0,347192000.0,51732000.0,-49951000.0,2018,1468000.0,-51732000.0,2018-12-31,2019-03-26
21180,NEXPE PARTICIPAÇÕES S.A,-72483000.0,-2930000.0,136112000.0,-70765000.0,0.0,402956000.0,8164000.0,-49404000.0,2019,2930000.0,-8164000.0,2019-12-31,2020-03-30
21180,NEXPE PARTICIPAÇÕES S.A,-174054000.0,-5668000.0,101601000.0,-177892000.0,0.0,205215000.0,8957000.0,-17617000.0,2020,5668000.0,-8957000.0,2020-12-31,2021-03-01
21180,NEXPE PARTICIPAÇÕES S.A,-54946000.0,-19402000.0,143337000.0,-73138000.0,0.0,159076000.0,12816000.0,-23211000.0,2021,19402000.0,-12816000.0,2021-12-31,2022-03-24
21180,NEXPE PARTICIPAÇÕES S.A,-135959000.0,-20430000.0,120233000.0,-150738000.0,52391000.0,143102000.0,10364000.0,-105828000.0,2022,20430000.0,42027000.0,2022-12-31,2023-09-22
21180,NEXPE PARTICIPAÇÕES S.A,-29931000.0,-19494000.0,115384000.0,-48006000.0,60959000.0,120033000.0,7925000.0,-32222000.0,2023,19494000.0,53034000.0,2023-12-31,2024-04-18
21180,NEXPE PARTICIPAÇÕES S.A,-27742000.0,-35626000.0,114309000.0,-48496000.0,1562000.0,36561000.0,6363000.0,8007000.0,2024,35626000.0,-4801000.0,2024-12-31,2025-05-15
21180,NEXPE PARTICIPAÇÕES S.A,117055000.0,-9075000.0,659000.0,107550000.0,417000.0,10897000.0,565000.0,-13169000.0,2025,9075000.0,-148000.0,2025-12-31,2026-03-31
24384,NOTRE DAME INTERMÉDICA PARTICIPAÇÕES S.A.,501922000.0,-202829000.0,5304923000.0,238165000.0,1487201000.0,4821792000.0,27822000.0,310235000.0,2017,202829000.0,1459379000.0,2017-12-31,2018-04-23
24384,NOTRE DAME INTERMÉDICA PARTICIPAÇÕES S.A.,617459000.0,-190119000.0,6135217000.0,334073000.0,937313000.0,5755866000.0,136834000.0,378935000.0,2018,190119000.0,800479000.0,2018-12-31,2019-02-25
24384,NOTRE DAME INTERMÉDICA PARTICIPAÇÕES S.A.,906724000.0,-352157000.0,8412439000.0,423583000.0,2177939000.0,13148040000.0,3514439000.0,337927000.0,2019,352157000.0,-1336500000.0,2019-12-31,2020-02-20
24384,NOTRE DAME INTERMÉDICA PARTICIPAÇÕES S.A.,1381204000.0,-283523000.0,10673268000.0,735745000.0,3488403000.0,16353539000.0,2563751000.0,979505000.0,2020,283523000.0,924652000.0,2020-12-31,2021-03-16
21334,NUTRIPLANT INDUSTRIA E COMERCIO S.A.,4755000.0,-15859000.0,44057000.0,-1763000.0,30754000.0,100167000.0,5113000.0,2447000.0,2013,15859000.0,25641000.0,2013-12-31,2014-05-12
21334,NUTRIPLANT INDUSTRIA E COMERCIO S.A.,2494000.0,-16385000.0,44411000.0,-6024000.0,27493000.0,95778000.0,5734000.0,9760000.0,2014,16385000.0,21759000.0,2014-12-31,2015-03-20
21334,NUTRIPLANT INDUSTRIA E COMERCIO S.A.,-1488000.0,-32975000.0,34863000.0,-22756000.0,14867000.0,79924000.0,1575000.0,10629000.0,2015,32975000.0,13292000.0,2015-12-31,2016-03-29
21334,NUTRIPLANT INDUSTRIA E COMERCIO S.A.,-3666000.0,-19705000.0,30362000.0,-14718000.0,11857000.0,73129000.0,137000.0,1932000.0,2016,19705000.0,11720000.0,2016-12-31,2017-03-28
21334,NUTRIPLANT INDUSTRIA E COMERCIO S.A.,734000.0,-19575000.0,37102000.0,-9485000.0,13008000.0,69662000.0,3423000.0,4240000.0,2017,19575000.0,9585000.0,2017-12-31,2018-03-30
21334,NUTRIPLANT INDUSTRIA E COMERCIO S.A.,2941000.0,-10570000.0,51031000.0,-2719000.0,12219000.0,71388000.0,2806000.0,370000.0,2018,10570000.0,9413000.0,2018-12-31,2019-04-03
21334,NUTRIPLANT INDUSTRIA E COMERCIO S.A.,878000.0,-12905000.0,63422000.0,34457000.0,11964000.0,58409000.0,622000.0,-1699000.0,2019,12905000.0,11342000.0,2019-12-31,2020-04-07
21334,NUTRIPLANT INDUSTRIA E COMERCIO S.A.,5395000.0,-3657000.0,75183000.0,3432000.0,8871000.0,66946000.0,1957000.0,4957000.0,2020,3657000.0,6914000.0,2020-12-31,2021-03-31
21334,NUTRIPLANT INDUSTRIA E COMERCIO S.A.,11893000.0,-4900000.0,128388000.0,6692000.0,11892000.0,81365000.0,726000.0,-3183000.0,2021,4900000.0,11166000.0,2021-12-31,2022-03-29
21334,NUTRIPLANT INDUSTRIA E COMERCIO S.A.,16754000.0,-7111000.0,174794000.0,8319000.0,9554000.0,96648000.0,662000.0,4174000.0,2022,7111000.0,8892000.0,2022-12-31,2023-03-28
21334,NUTRIPLANT INDUSTRIA E COMERCIO S.A.,9830000.0,-7543000.0,179054000.0,3508000.0,6636000.0,103283000.0,3404000.0,7974000.0,2023,7543000.0,3232000.0,2023-12-31,2024-03-28
21334,NUTRIPLANT INDUSTRIA E COMERCIO S.A.,18284000.0,-10052000.0,200267000.0,10276000.0,11058000.0,107024000.0,1991000.0,-2627000.0,2024,10052000.0,9067000.0,2024-12-31,2025-03-28
21334,NUTRIPLANT INDUSTRIA E COMERCIO S.A.,7823000.0,-13867000.0,216120000.0,5386000.0,21861000.0,129991000.0,3008000.0,-7203000.0,2025,13867000.0,18853000.0,2025-12-31,2026-03-27
25534,OCEANPACT SERVIÇOS MARITIMOS S.A.,40670000.0,-29809000.0,443215000.0,9616000.0,425554000.0,695017000.0,44008000.0,45696000.0,2019,29809000.0,381546000.0,2019-12-31,2021-01-19
25534,OCEANPACT SERVIÇOS MARITIMOS S.A.,71064000.0,-107326000.0,642582000.0,-22810000.0,804397000.0,1123531000.0,166539000.0,100462000.0,2020,107326000.0,637858000.0,2020-12-31,2021-03-30
25534,OCEANPACT SERVIÇOS MARITIMOS S.A.,31120000.0,-170908000.0,882243000.0,-47378000.0,1260641000.0,2485140000.0,491332000.0,27876000.0,2021,170908000.0,769309000.0,2021-12-31,2022-03-25
25534,OCEANPACT SERVIÇOS MARITIMOS S.A.,32675000.0,-258780000.0,1200957000.0,-92975000.0,1188613000.0,2274211000.0,84251000.0,34561000.0,2022,258780000.0,1104362000.0,2022-12-31,2023-03-20
25534,OCEANPACT SERVIÇOS MARITIMOS S.A.,275244000.0,-248890000.0,1648883000.0,73315000.0,1181824000.0,2383270000.0,214287000.0,321956000.0,2023,248890000.0,967537000.0,2023-12-31,2024-03-06
25534,OCEANPACT SERVIÇOS MARITIMOS S.A.,279511000.0,-329769000.0,1721058000.0,-15598000.0,1698508000.0,3031483000.0,515103000.0,258621000.0,2024,329769000.0,1183405000.0,2024-12-31,2025-02-26
25534,OCEANPACT SERVIÇOS MARITIMOS S.A.,328424000.0,-281858000.0,2133917000.0,105475000.0,2083671000.0,3477655000.0,696563000.0,401422000.0,2025,281858000.0,1387108000.0,2025-12-31,2026-03-04
26956,OCEÂNICA ENGENHARIA E CONSULTORIA S.A.,18475000.0,-35059000.0,320341000.0,-6158000.0,310930000.0,466932000.0,9309000.0,52808000.0,2021,35059000.0,301621000.0,2021-12-31,2022-06-15
26956,OCEÂNICA ENGENHARIA E CONSULTORIA S.A.,210904000.0,-131347000.0,791613000.0,75047000.0,739630000.0,1079927000.0,185920000.0,81987000.0,2022,131347000.0,553710000.0,2022-12-31,2023-03-09
26956,OCEÂNICA ENGENHARIA E CONSULTORIA S.A.,216929000.0,-230594000.0,903337000.0,21038000.0,1340451000.0,1778493000.0,212929000.0,196301000.0,2023,230594000.0,1127522000.0,2023-12-31,2024-03-18
26956,OCEÂNICA ENGENHARIA E CONSULTORIA S.A.,78944000.0,-1048828000.0,1103636000.0,-296000000.0,5135088000.0,5284218000.0,203778000.0,-456607000.0,2024,1048828000.0,4931310000.0,2024-12-31,2025-09-23
26956,OCEÂNICA ENGENHARIA E CONSULTORIA S.A.,328738000.0,-1654809000.0,1738742000.0,-29168000.0,5507857000.0,5804468000.0,429026000.0,-245376000.0,2025,1654809000.0,5078831000.0,2025-12-31,2026-03-22
20125,ODONTOPREV S.A.,263085000.0,-44828000.0,1069606000.0,188436000.0,0.0,1073885000.0,10266000.0,216690000.0,2013,44828000.0,-10266000.0,2013-12-31,2014-03-10
20125,ODONTOPREV S.A.,273455000.0,-51987000.0,1156121000.0,194992000.0,0.0,1102673000.0,12613000.0,280396000.0,2014,51987000.0,-12613000.0,2014-12-31,2015-03-04
20125,ODONTOPREV S.A.,308660000.0,-63400000.0,1249691000.0,221162000.0,0.0,1195650000.0,16358000.0,237090000.0,2015,63400000.0,-16358000.0,2015-12-31,2016-03-09
20125,ODONTOPREV S.A.,281739000.0,-32272000.0,1365039000.0,216050000.0,0.0,1358010000.0,22040000.0,196299000.0,2016,32272000.0,-22040000.0,2016-12-31,2017-02-21
20125,ODONTOPREV S.A.,575900000.0,-4942000.0,1437283000.0,502830000.0,0.0,1389568000.0,17674000.0,289483000.0,2017,4942000.0,-17674000.0,2017-12-31,2018-02-28
20125,ODONTOPREV S.A.,381565000.0,-8230000.0,1591841000.0,285277000.0,0.0,1647584000.0,21142000.0,324197000.0,2018,8230000.0,-21142000.0,2018-12-31,2019-02-26
20125,ODONTOPREV S.A.,386324000.0,-13729000.0,1808926000.0,284821000.0,0.0,1768742000.0,27067000.0,308794000.0,2019,13729000.0,-27067000.0,2019-12-31,2020-03-27
20125,ODONTOPREV S.A.,514863000.0,-15931000.0,1765338000.0,359721000.0,0.0,1921049000.0,34847000.0,305267000.0,2020,15931000.0,-34847000.0,2020-12-31,2021-03-04
20125,ODONTOPREV S.A.,507952000.0,-15057000.0,1842434000.0,381340000.0,0.0,1933841000.0,16422000.0,858423000.0,2021,15057000.0,-16422000.0,2021-12-31,2022-02-23
11312,OI S.A. - EM RECUPERAÇÃO JUDICIAL,5286617000.0,-4649665000.0,28422147000.0,1493015000.0,35853626000.0,70096071000.0,2424830000.0,7035312000.0,2013,4649665000.0,33428796000.0,2013-12-31,2014-02-19
11312,OI S.A. - EM RECUPERAÇÃO JUDICIAL,5674638000.0,-5891332000.0,28247099000.0,-4406421000.0,35849395000.0,102789122000.0,2449206000.0,5530569000.0,2014,5891332000.0,33400189000.0,2014-12-31,2015-03-27
11312,OI S.A. - EM RECUPERAÇÃO JUDICIAL,2702396000.0,-13307650000.0,27353765000.0,-5347601000.0,59857417000.0,97014806000.0,14898063000.0,-1053671000.0,2015,13307650000.0,44959354000.0,2015-12-31,2016-03-24
11312,OI S.A. - EM RECUPERAÇÃO JUDICIAL,60055000.0,-4668624000.0,25996423000.0,-7121116000.0,48086287000.0,82171198000.0,7563251000.0,3100320000.0,2016,4668624000.0,40523036000.0,2016-12-31,2017-03-22
11312,OI S.A. - EM RECUPERAÇÃO JUDICIAL,-2361028000.0,-10332971000.0,23789654000.0,-6656162000.0,54515233000.0,68639036000.0,6862684000.0,4401758000.0,2017,10332971000.0,47652549000.0,2017-12-31,2018-04-12
11312,OI S.A. - EM RECUPERAÇÃO JUDICIAL,-5268258000.0,-4341595000.0,22060014000.0,24615555000.0,16449906000.0,65437797000.0,4385329000.0,2862536000.0,2018,4341595000.0,12064577000.0,2018-12-31,2019-03-26
11312,OI S.A. - EM RECUPERAÇÃO JUDICIAL,-2977370000.0,-8772181000.0,20136183000.0,-9095107000.0,18226749000.0,71891822000.0,2081945000.0,2311638000.0,2019,8772181000.0,16144804000.0,2019-12-31,2020-03-25
11312,OI S.A. - EM RECUPERAÇÃO JUDICIAL,-1811219000.0,-16477660000.0,9284303000.0,-10528499000.0,26343734000.0,73839787000.0,4107941000.0,4406703000.0,2020,16477660000.0,22235793000.0,2020-12-31,2021-05-10
11312,OI S.A. - EM RECUPERAÇÃO JUDICIAL,-2037139000.0,-9905998000.0,10483479000.0,-8492526000.0,32983118000.0,77950476000.0,2917251000.0,-110630000.0,2021,9905998000.0,30065867000.0,2021-12-31,2022-05-05
11312,OI S.A. - EM RECUPERAÇÃO JUDICIAL,-18264878000.0,-6935821000.0,10485230000.0,-19265934000.0,22302491000.0,29616098000.0,3005731000.0,-2588421000.0,2022,6935821000.0,19296760000.0,2022-12-31,2023-05-22
11312,OI S.A. - EM RECUPERAÇÃO JUDICIAL,-1805187000.0,-7183107000.0,9717700000.0,-5427756000.0,25485857000.0,26123961000.0,1790329000.0,-2798190000.0,2023,7183107000.0,23695528000.0,2023-12-31,2024-03-27
11312,OI S.A. - EM RECUPERAÇÃO JUDICIAL,-1956309000.0,-9471729000.0,3180421000.0,9610110000.0,11954059000.0,19760628000.0,1525981000.0,-1341643000.0,2024,9471729000.0,10428078000.0,2024-12-31,2025-03-26
26417,OLIVEIRA TRUST S.A.,36367000.0,-71000.0,46440000.0,30915000.0,0.0,7857000.0,214000.0,34732000.0,2020,71000.0,-214000.0,2020-12-31,2021-08-03
26417,OLIVEIRA TRUST S.A.,90037000.0,-621000.0,179843000.0,124500000.0,0.0,143250000.0,113819000.0,116185000.0,2021,621000.0,-113819000.0,2021-12-31,2022-02-22
26417,OLIVEIRA TRUST S.A.,98247000.0,-758000.0,219999000.0,80046000.0,0.0,226520000.0,169636000.0,121404000.0,2022,758000.0,-169636000.0,2022-12-31,2023-03-01
26417,OLIVEIRA TRUST S.A.,93435000.0,-1734000.0,248929000.0,81014000.0,0.0,284005000.0,130198000.0,112640000.0,2023,1734000.0,-130198000.0,2023-12-31,2024-03-01
26417,OLIVEIRA TRUST S.A.,121622000.0,-1754000.0,295530000.0,103558000.0,0.0,466685000.0,175976000.0,145805000.0,2024,1754000.0,-175976000.0,2024-12-31,2025-02-26
26417,OLIVEIRA TRUST S.A.,131078000.0,-1409000.0,329215000.0,132083000.0,0.0,395454000.0,78478000.0,31893000.0,2025,1409000.0,-78478000.0,2025-12-31,2026-03-03
26123,ONCOCLÍNICAS DO BRASIL SERVIÇOS MÉDICOS S.A.,19616000.0,-98666000.0,2035191000.0,-125205000.0,1631737000.0,3362658000.0,740788000.0,97559000.0,2020,98666000.0,890949000.0,2020-12-31,2021-06-07
26123,ONCOCLÍNICAS DO BRASIL SERVIÇOS MÉDICOS S.A.,177215000.0,-181537000.0,2702066000.0,-22417000.0,2430372000.0,6032410000.0,536838000.0,-9283000.0,2021,181537000.0,1893534000.0,2021-12-31,2022-03-29
26123,ONCOCLÍNICAS DO BRASIL SERVIÇOS MÉDICOS S.A.,470565000.0,-490106000.0,4088252000.0,113770000.0,3474172000.0,8219779000.0,263208000.0,-271644000.0,2022,490106000.0,3210964000.0,2022-12-31,2023-03-28
26123,ONCOCLÍNICAS DO BRASIL SERVIÇOS MÉDICOS S.A.,758018000.0,-695548000.0,5488776000.0,312562000.0,4555475000.0,9181154000.0,550704000.0,-51563000.0,2023,695548000.0,4004771000.0,2023-12-31,2024-03-27
26123,ONCOCLÍNICAS DO BRASIL SERVIÇOS MÉDICOS S.A.,-119947000.0,-875005000.0,6227227000.0,-717425000.0,5478399000.0,11202332000.0,550744000.0,-184851000.0,2024,875005000.0,4927655000.0,2024-12-31,2025-03-28
26123,ONCOCLÍNICAS DO BRASIL SERVIÇOS MÉDICOS S.A.,-1990415000.0,-1500701000.0,5739367000.0,-3671107000.0,3798816000.0,7130514000.0,509549000.0,-118627000.0,2025,1500701000.0,3289267000.0,2025-12-31,2026-04-09
27910,ORANJEBTC S.A. - EDUCAÇÃO E INVESTIMENTO,-466514000.0,-2985000.0,0.0,-469986000.0,123587000.0,1825499000.0,19237000.0,-66140000.0,2025,2985000.0,104350000.0,2025-12-31,2026-03-24
27227,ORIGEM ENERGIA S.A.,380957000.0,-233769000.0,1140780000.0,228983000.0,846198000.0,2790103000.0,306809000.0,293330000.0,2022,233769000.0,539389000.0,2022-12-31,2023-03-13
27227,ORIGEM ENERGIA S.A.,408978000.0,-278728000.0,1585984000.0,326263000.0,2621133000.0,5030484000.0,1823416000.0,387443000.0,2023,278728000.0,797717000.0,2023-12-31,2024-03-25
27227,ORIGEM ENERGIA S.A.,353311000.0,-1682267000.0,1484842000.0,-512341000.0,3553139000.0,5115549000.0,794909000.0,267974000.0,2024,1682267000.0,2758230000.0,2024-12-31,2025-04-10
27227,ORIGEM ENERGIA S.A.,578513000.0,-1121795000.0,1784893000.0,552544000.0,3701239000.0,6137047000.0,1133360000.0,955116000.0,2025,1121795000.0,2567879000.0,2025-12-31,2026-03-26
27049,ORIZON MEIO AMBIENTE S.A.,52430000.0,-251646000.0,551518000.0,-82609000.0,1015913000.0,2367340000.0,28669000.0,-57886000.0,2022,251646000.0,987244000.0,2022-12-31,2023-04-17
27049,ORIZON MEIO AMBIENTE S.A.,66386000.0,-195006000.0,658813000.0,-9935000.0,1126562000.0,2603312000.0,249528000.0,-34377000.0,2023,195006000.0,877034000.0,2023-12-31,2024-03-28
27049,ORIZON MEIO AMBIENTE S.A.,179910000.0,-208823000.0,754653000.0,55922000.0,1304394000.0,2710166000.0,50165000.0,46002000.0,2024,208823000.0,1254229000.0,2024-12-31,2025-04-02
27049,ORIZON MEIO AMBIENTE S.A.,225787000.0,-296587000.0,877017000.0,35988000.0,1505116000.0,2983796000.0,202332000.0,73304000.0,2025,296587000.0,1302784000.0,2025-12-31,2026-03-25
25550,ORIZON VALORIZAÇÃO DE RESÍDUOS S.A.,-21182000.0,-52002000.0,348153000.0,-16581000.0,447379000.0,653114000.0,2317000.0,59157000.0,2019,52002000.0,445062000.0,2019-12-31,2020-12-16
25550,ORIZON VALORIZAÇÃO DE RESÍDUOS S.A.,103278000.0,-82331000.0,391968000.0,23610000.0,325658000.0,670861000.0,6044000.0,84457000.0,2020,82331000.0,319614000.0,2020-12-31,2021-03-31
25550,ORIZON VALORIZAÇÃO DE RESÍDUOS S.A.,79682000.0,-125697000.0,435516000.0,-55509000.0,556276000.0,1206063000.0,2917000.0,-93173000.0,2021,125697000.0,553359000.0,2021-12-31,2022-03-31
25550,ORIZON VALORIZAÇÃO DE RESÍDUOS S.A.,57505000.0,-231580000.0,626224000.0,-143464000.0,1015154000.0,2073296000.0,168875000.0,12667000.0,2022,231580000.0,846279000.0,2022-12-31,2023-09-22
25550,ORIZON VALORIZAÇÃO DE RESÍDUOS S.A.,189720000.0,-199191000.0,776276000.0,50167000.0,1125389000.0,2262344000.0,289426000.0,35479000.0,2023,199191000.0,835963000.0,2023-12-31,2024-04-01
25550,ORIZON VALORIZAÇÃO DE RESÍDUOS S.A.,273118000.0,-229413000.0,903473000.0,74476000.0,1867298000.0,3334198000.0,493299000.0,183957000.0,2024,229413000.0,1373999000.0,2024-12-31,2025-04-22
25550,ORIZON VALORIZAÇÃO DE RESÍDUOS S.A.,309951000.0,-325161000.0,1050340000.0,73962000.0,2122412000.0,4293945000.0,851334000.0,242883000.0,2025,325161000.0,1271078000.0,2025-12-31,2026-03-25
21342,OSX BRASIL S.A. - EM RECUPERAÇÃO JUDICIAL,-2294892000.0,-98932000.0,745123000.0,-2399842000.0,5027125000.0,8542602000.0,164255000.0,-2570977000.0,2013,98932000.0,4862870000.0,2013-12-31,2014-04-17
21342,OSX BRASIL S.A. - EM RECUPERAÇÃO JUDICIAL,-3925832000.0,-446502000.0,731084000.0,-4236936000.0,5893948000.0,6049548000.0,146614000.0,407722000.0,2014,446502000.0,5747334000.0,2014-12-31,2015-04-15
21342,OSX BRASIL S.A. - EM RECUPERAÇÃO JUDICIAL,391721000.0,-992157000.0,414197000.0,-987345000.0,9277852000.0,8270933000.0,62496000.0,23612000.0,2015,992157000.0,9215356000.0,2015-12-31,2016-04-12
21342,OSX BRASIL S.A. - EM RECUPERAÇÃO JUDICIAL,-963952000.0,-493562000.0,1093000.0,-1445855000.0,3377997000.0,1687484000.0,890000.0,-1255425000.0,2016,493562000.0,3377107000.0,2016-12-31,2017-06-26
21342,OSX BRASIL S.A. - EM RECUPERAÇÃO JUDICIAL,-83733000.0,-421995000.0,10629000.0,-502697000.0,3729125000.0,1743785000.0,1906000.0,-29566000.0,2017,421995000.0,3727219000.0,2017-12-31,2018-03-29
21342,OSX BRASIL S.A. - EM RECUPERAÇÃO JUDICIAL,-66931000.0,-362926000.0,9060000.0,-427575000.0,4016981000.0,1740647000.0,890000.0,-301000.0,2018,362926000.0,4016091000.0,2018-12-31,2019-03-26
21342,OSX BRASIL S.A. - EM RECUPERAÇÃO JUDICIAL,-210804000.0,-360290000.0,12013000.0,-568628000.0,4307993000.0,2012059000.0,1115000.0,303000.0,2019,360290000.0,4306878000.0,2019-12-31,2020-03-31
21342,OSX BRASIL S.A. - EM RECUPERAÇÃO JUDICIAL,-581257000.0,-320881000.0,10031000.0,-871911000.0,4500362000.0,1487657000.0,826000.0,208000.0,2020,320881000.0,4499536000.0,2020-12-31,2021-03-30
21342,OSX BRASIL S.A. - EM RECUPERAÇÃO JUDICIAL,833997000.0,-407131000.0,26406000.0,122860000.0,4754958000.0,2231041000.0,4829000.0,4150000.0,2021,407131000.0,4750129000.0,2021-12-31,2022-03-28
21342,OSX BRASIL S.A. - EM RECUPERAÇÃO JUDICIAL,557912000.0,-686111000.0,35083000.0,-288421000.0,5344755000.0,2746315000.0,17807000.0,12317000.0,2022,686111000.0,5326948000.0,2022-12-31,2023-03-28
21342,OSX BRASIL S.A. - EM RECUPERAÇÃO JUDICIAL,-348620000.0,-960530000.0,45246000.0,-1191067000.0,6049337000.0,2366947000.0,2141000.0,-21474000.0,2023,960530000.0,6047196000.0,2023-12-31,2024-03-28
21342,OSX BRASIL S.A. - EM RECUPERAÇÃO JUDICIAL,-978893000.0,-937925000.0,64419000.0,-1591264000.0,6721366000.0,1392267000.0,614000.0,37000.0,2024,937925000.0,6720752000.0,2024-12-31,2025-03-28
21342,OSX BRASIL S.A. - EM RECUPERAÇÃO JUDICIAL,-243356000.0,-1096997000.0,82656000.0,-1106833000.0,7675526000.0,690943000.0,9315000.0,7028000.0,2025,1096997000.0,7666211000.0,2025-12-31,2026-03-31
23507,OUROFINO S.A.,97902000.0,-37507000.0,534045000.0,69207000.0,216487000.0,693371000.0,23380000.0,15509000.0,2015,37507000.0,193107000.0,2015-12-31,2016-03-22
23507,OUROFINO S.A.,8850000.0,-51820000.0,456587000.0,-5351000.0,315438000.0,775576000.0,70325000.0,42202000.0,2016,51820000.0,245113000.0,2016-12-31,2017-03-21
23507,OUROFINO S.A.,66351000.0,-26815000.0,505281000.0,37901000.0,313100000.0,810227000.0,123360000.0,99503000.0,2017,26815000.0,189740000.0,2017-12-31,2018-03-06
23507,OUROFINO S.A.,97974000.0,-37026000.0,589215000.0,68867000.0,287529000.0,846007000.0,65183000.0,42808000.0,2018,37026000.0,222346000.0,2018-12-31,2019-02-26
23507,OUROFINO S.A.,71796000.0,-25527000.0,619585000.0,46278000.0,281082000.0,869536000.0,45009000.0,56388000.0,2019,25527000.0,236073000.0,2019-12-31,2020-02-11
23507,OUROFINO S.A.,102116000.0,-55733000.0,730108000.0,89713000.0,394339000.0,1103937000.0,225575000.0,111936000.0,2020,55733000.0,168764000.0,2020-12-31,2021-03-04
23507,OUROFINO S.A.,141111000.0,-51571000.0,904991000.0,113957000.0,382375000.0,1192643000.0,161254000.0,46500000.0,2021,51571000.0,221121000.0,2021-12-31,2022-02-24
23507,OUROFINO S.A.,177318000.0,-52545000.0,1041107000.0,130658000.0,412369000.0,1346505000.0,165036000.0,89590000.0,2022,52545000.0,247333000.0,2022-12-31,2023-03-02
23507,OUROFINO S.A.,81011000.0,-58531000.0,943281000.0,-49976000.0,431974000.0,1279009000.0,304029000.0,190301000.0,2023,58531000.0,127945000.0,2023-12-31,2024-07-15
23507,OUROFINO S.A.,186832000.0,-50003000.0,1024792000.0,134329000.0,359354000.0,1384706000.0,233957000.0,73936000.0,2024,50003000.0,125397000.0,2024-12-31,2025-03-17
23507,OUROFINO S.A.,236474000.0,-42237000.0,1224992000.0,222311000.0,489583000.0,1565822000.0,250821000.0,99914000.0,2025,42237000.0,238762000.0,2025-12-31,2026-03-05
25143,PACAEMBU CONSTRUTORA S.A.,120466000.0,-2850000.0,566009000.0,111579000.0,10558000.0,419105000.0,193830000.0,557000.0,2019,2850000.0,-183272000.0,2019-12-31,2020-08-07
25143,PACAEMBU CONSTRUTORA S.A.,94683000.0,-7554000.0,682889000.0,80144000.0,121450000.0,580094000.0,338942000.0,-591000.0,2020,7554000.0,-217492000.0,2020-12-31,2021-03-26
25143,PACAEMBU CONSTRUTORA S.A.,34858000.0,-12194000.0,602727000.0,23858000.0,146568000.0,633257000.0,234374000.0,-105458000.0,2021,12194000.0,-87806000.0,2021-12-31,2022-03-30
25143,PACAEMBU CONSTRUTORA S.A.,42650000.0,-21553000.0,859857000.0,24189000.0,193007000.0,735591000.0,232361000.0,-44471000.0,2022,21553000.0,-39354000.0,2022-12-31,2023-03-27
25143,PACAEMBU CONSTRUTORA S.A.,119202000.0,-23794000.0,1175245000.0,106020000.0,251889000.0,944992000.0,374710000.0,46862000.0,2023,23794000.0,-122821000.0,2023-12-31,2024-03-05
25143,PACAEMBU CONSTRUTORA S.A.,247526000.0,-28752000.0,1692380000.0,261207000.0,281141000.0,1235901000.0,346958000.0,162352000.0,2024,28752000.0,-65817000.0,2024-12-31,2025-02-27
25143,PACAEMBU CONSTRUTORA S.A.,343666000.0,-54563000.0,2319828000.0,342674000.0,550271000.0,1783633000.0,533740000.0,161099000.0,2025,54563000.0,16531000.0,2025-12-31,2026-03-06
80144,PACIFIC RUBIALES ENERGY CORP.,2327955000.0,-353217000.0,9973366000.0,910442000.0,10474950000.0,26460921000.0,1493023000.0,3481807000.0,2013,353217000.0,8981927000.0,2013-12-31,2014-03-13
18414,PADTEC HOLDING S.A.,7076000.0,-49534000.0,1538362000.0,-15501000.0,207910000.0,892891000.0,75978000.0,49405000.0,2013,49534000.0,131932000.0,2013-12-31,2014-03-28
18414,PADTEC HOLDING S.A.,-41259000.0,-60937000.0,1280021000.0,-23491000.0,216919000.0,731419000.0,50227000.0,-4883000.0,2014,60937000.0,166692000.0,2014-12-31,2015-03-30
18414,PADTEC HOLDING S.A.,-172229000.0,-74001000.0,720000000.0,-244046000.0,96443000.0,342002000.0,31343000.0,83540000.0,2015,74001000.0,65100000.0,2015-12-31,2016-03-18
18414,PADTEC HOLDING S.A.,135745000.0,-534000.0,941000.0,119079000.0,0.0,95034000.0,13798000.0,-177514000.0,2016,534000.0,-13798000.0,2016-12-31,2017-03-28
18414,PADTEC HOLDING S.A.,23121000.0,-2204000.0,486000.0,22912000.0,0.0,55247000.0,323000.0,-17029000.0,2017,2204000.0,-323000.0,2017-12-31,2018-03-22
18414,PADTEC HOLDING S.A.,9574000.0,-234000.0,0.0,11302000.0,0.0,64151000.0,3594000.0,-11652000.0,2018,234000.0,-3594000.0,2018-12-31,2019-03-22
18414,PADTEC HOLDING S.A.,3890000.0,-1282000.0,0.0,5439000.0,0.0,63671000.0,3328000.0,-6525000.0,2019,1282000.0,-3328000.0,2019-12-31,2020-03-24
18414,PADTEC HOLDING S.A.,17757000.0,-7513000.0,169293000.0,17211000.0,85867000.0,376604000.0,64680000.0,3737000.0,2020,7513000.0,21187000.0,2020-12-31,2021-02-11
18414,PADTEC HOLDING S.A.,55339000.0,-25708000.0,343740000.0,50949000.0,107807000.0,429991000.0,87468000.0,36951000.0,2021,25708000.0,20339000.0,2021-12-31,2022-03-15
18414,PADTEC HOLDING S.A.,27161000.0,-17039000.0,365725000.0,9754000.0,138274000.0,496619000.0,49620000.0,-55776000.0,2022,17039000.0,88654000.0,2022-12-31,2023-03-22
18414,PADTEC HOLDING S.A.,30176000.0,-31102000.0,368687000.0,15413000.0,131408000.0,516506000.0,50456000.0,35790000.0,2023,31102000.0,80952000.0,2023-12-31,2024-03-07
18414,PADTEC HOLDING S.A.,-5836.0,-53213.0,298759.0,-27838.0,357264.0,719682.0,158084.0,-33159.0,2024,53213.0,199180.0,2024-12-31,2025-03-25
18414,PADTEC HOLDING S.A.,23146.0,-48061.0,291854.0,6961.0,295026.0,653086.0,80358.0,28858.0,2025,48061.0,214668.0,2025-12-31,2026-02-25
94,PANATLANTICA S.A.,68165000.0,-26130000.0,746372000.0,64815000.0,172389000.0,582407000.0,11693000.0,33162000.0,2013,26130000.0,160696000.0,2013-12-31,2014-03-18
94,PANATLANTICA S.A.,23799000.0,-31433000.0,736923000.0,15545000.0,200382000.0,635008000.0,6908000.0,36659000.0,2014,31433000.0,193474000.0,2014-12-31,2015-03-05
94,PANATLANTICA S.A.,22313000.0,-40246000.0,634929000.0,11069000.0,236357000.0,643375000.0,6710000.0,63002000.0,2015,40246000.0,229647000.0,2015-12-31,2016-03-18
94,PANATLANTICA S.A.,28238000.0,-39528000.0,683821000.0,14789000.0,263000000.0,753713000.0,10544000.0,60613000.0,2016,39528000.0,252456000.0,2016-12-31,2017-03-17
94,PANATLANTICA S.A.,38411000.0,-38683000.0,813954000.0,17292000.0,275635000.0,780950000.0,11137000.0,27163000.0,2017,38683000.0,264498000.0,2017-12-31,2018-02-26
94,PANATLANTICA S.A.,70435000.0,-33930000.0,1066091000.0,64243000.0,297000000.0,895309000.0,25682000.0,14800000.0,2018,33930000.0,271318000.0,2018-12-31,2019-02-28
94,PANATLANTICA S.A.,41713000.0,-31581000.0,1050533000.0,17825000.0,344217000.0,955559000.0,22473000.0,126381000.0,2019,31581000.0,321744000.0,2019-12-31,2020-02-28
94,PANATLANTICA S.A.,235983000.0,-27011000.0,1436306000.0,182494000.0,398203000.0,1369593000.0,34850000.0,138505000.0,2020,27011000.0,363353000.0,2020-12-31,2021-02-26
94,PANATLANTICA S.A.,415832000.0,-49204000.0,2668221000.0,293348000.0,753103000.0,1992069000.0,65247000.0,-78367000.0,2021,49204000.0,687856000.0,2021-12-31,2022-03-03
94,PANATLANTICA S.A.,103163000.0,-127864000.0,2331132000.0,55693000.0,619997000.0,1899576000.0,13098000.0,329349000.0,2022,127864000.0,606899000.0,2022-12-31,2023-03-06
94,PANATLANTICA S.A.,55725000.0,-95271000.0,1879266000.0,13418000.0,406192000.0,1564782000.0,9445000.0,271152000.0,2023,95271000.0,396747000.0,2023-12-31,2024-03-11
94,PANATLANTICA S.A.,128411000.0,-63519000.0,2109725000.0,84659000.0,482988000.0,1617429000.0,25071000.0,209989000.0,2024,63519000.0,457917000.0,2024-12-31,2025-03-24
94,PANATLANTICA S.A.,85087000.0,-68406000.0,1928530000.0,49866000.0,318505000.0,1416094000.0,21699000.0,218404000.0,2025,68406000.0,296806000.0,2025-12-31,2026-03-27
19798,PARAMOUNT TEXTEIS INDUSTRIA E COMERCIO S/A,-23503.0,-19720.0,170518.0,-41853.0,122140.0,345068.0,1609.0,25717.0,2013,19720.0,120531.0,2013-12-31,2014-04-08
9393,PARANAPANEMA S.A. - EM RECUPERAÇÃO JUDICIAL,160143000.0,-804463000.0,5548621000.0,5905000.0,1118099000.0,4434969000.0,79517000.0,-361447000.0,2013,804463000.0,1038582000.0,2013-12-31,2014-02-26
9393,PARANAPANEMA S.A. - EM RECUPERAÇÃO JUDICIAL,126596000.0,-708870000.0,4734359000.0,123881000.0,1333083000.0,4964224000.0,276872000.0,673139000.0,2014,708870000.0,1056211000.0,2014-12-31,2015-02-11
9393,PARANAPANEMA S.A. - EM RECUPERAÇÃO JUDICIAL,143393000.0,-2004824000.0,5374268000.0,134786000.0,1951404000.0,5306234000.0,253713000.0,-449881000.0,2015,2004824000.0,1697691000.0,2015-12-31,2016-02-11
9393,PARANAPANEMA S.A. - EM RECUPERAÇÃO JUDICIAL,-33496000.0,-1586276000.0,4586455000.0,-373168000.0,1845140000.0,3544412000.0,142824000.0,-469834000.0,2016,1586276000.0,1702316000.0,2016-12-31,2017-03-30
9393,PARANAPANEMA S.A. - EM RECUPERAÇÃO JUDICIAL,-341278000.0,-687588000.0,3508460000.0,-135770000.0,1927978000.0,4211491000.0,345551000.0,113646000.0,2017,687588000.0,1582427000.0,2017-12-31,2018-02-07
9393,PARANAPANEMA S.A. - EM RECUPERAÇÃO JUDICIAL,-65489000.0,-1201125000.0,4765777000.0,-323373000.0,2148913000.0,4623494000.0,216668000.0,261830000.0,2018,1201125000.0,1932245000.0,2018-12-31,2019-02-13
9393,PARANAPANEMA S.A. - EM RECUPERAÇÃO JUDICIAL,122354000.0,-706745000.0,5227641000.0,-25075000.0,2210885000.0,3870086000.0,118036000.0,229701000.0,2019,706745000.0,2092849000.0,2019-12-31,2020-03-16
9393,PARANAPANEMA S.A. - EM RECUPERAÇÃO JUDICIAL,-229839000.0,-1117167000.0,4293474000.0,-861604000.0,2889201000.0,4031714000.0,138761000.0,133460000.0,2020,1117167000.0,2750440000.0,2020-12-31,2021-03-04
9393,PARANAPANEMA S.A. - EM RECUPERAÇÃO JUDICIAL,-327813000.0,-738757000.0,4714962000.0,-801105000.0,3250703000.0,3066448000.0,40115000.0,32501000.0,2021,738757000.0,3210588000.0,2021-12-31,2022-03-17
9393,PARANAPANEMA S.A. - EM RECUPERAÇÃO JUDICIAL,-1413685000.0,-1884465000.0,2005986000.0,-2701084000.0,3192291000.0,1988597000.0,2500000.0,217756000.0,2022,1884465000.0,3189791000.0,2022-12-31,2023-03-17
9393,PARANAPANEMA S.A. - EM RECUPERAÇÃO JUDICIAL,-757282000.0,-935202000.0,972820000.0,-1389934000.0,3711464000.0,1784257000.0,85000.0,-124416000.0,2023,935202000.0,3711379000.0,2023-12-31,2024-03-15
9393,PARANAPANEMA S.A. - EM RECUPERAÇÃO JUDICIAL,-439359000.0,-1772813000.0,459926000.0,-2138610000.0,5217078000.0,1627102000.0,8524000.0,76717000.0,2024,1772813000.0,5208554000.0,2024-12-31,2025-03-14
9393,PARANAPANEMA S.A. - EM RECUPERAÇÃO JUDICIAL,-599353000.0,-1324441000.0,562435000.0,-1331490000.0,5698972000.0,1207162000.0,2166000.0,60706000.0,2025,1324441000.0,5696806000.0,2025-12-31,2026-03-30
1597,PARTICIPAÇÕES INDUST. DO NORDESTE S.A.,71442000.0,-11210000.0,3776000.0,64842000.0,45190000.0,338751000.0,69446000.0,29347000.0,2013,11210000.0,-24256000.0,2013-12-31,2014-03-28
1597,PARTICIPAÇÕES INDUST. DO NORDESTE S.A.,64629000.0,-9669000.0,3389000.0,61216000.0,25619000.0,364071000.0,65549000.0,19515000.0,2014,9669000.0,-39930000.0,2014-12-31,2015-03-31
1597,PARTICIPAÇÕES INDUST. DO NORDESTE S.A.,1135911000.0,-11133000.0,3170000.0,774370000.0,0.0,1718422000.0,76537000.0,61010000.0,2015,11133000.0,-76537000.0,2015-12-31,2016-03-24
1597,PARTICIPAÇÕES INDUST. DO NORDESTE S.A.,-8065000.0,-6948000.0,4305000.0,-7036000.0,0.0,1497321000.0,78882000.0,22161000.0,2016,6948000.0,-78882000.0,2016-12-31,2017-03-29
1597,PARTICIPAÇÕES INDUST. DO NORDESTE S.A.,11009000.0,-5975000.0,4405000.0,10176000.0,0.0,1543137000.0,19210000.0,12840000.0,2017,5975000.0,-19210000.0,2017-12-31,2018-03-23
1597,PARTICIPAÇÕES INDUST. DO NORDESTE S.A.,15506000.0,-1357000.0,3292000.0,11800000.0,0.0,2083025000.0,17667000.0,10184000.0,2018,1357000.0,-17667000.0,2018-12-31,2019-03-22
1597,PARTICIPAÇÕES INDUST. DO NORDESTE S.A.,9849000.0,-234000.0,2395000.0,7067000.0,0.0,3031637000.0,15674000.0,12992000.0,2019,234000.0,-15674000.0,2019-12-31,2020-03-20
1597,PARTICIPAÇÕES INDUST. DO NORDESTE S.A.,-681000.0,-255000.0,1353000.0,-6804000.0,0.0,5670951000.0,89357000.0,18501000.0,2020,255000.0,-89357000.0,2020-12-31,2021-03-27
22209,PASCRO PARTICIPAÇÕES S.A.,-19795000.0,-1061000.0,113101000.0,-20840000.0,50995000.0,183129000.0,30000.0,24442000.0,2013,1061000.0,50965000.0,2013-12-31,2014-03-31
25305,PATRIMAR ENGENHARIA S.A.,31290000.0,-6405000.0,231059000.0,26539000.0,70729000.0,594872000.0,50234000.0,36735000.0,2019,6405000.0,20495000.0,2019-12-31,2020-08-05
25305,PATRIMAR ENGENHARIA S.A.,99293000.0,-13784000.0,435227000.0,94367000.0,137755000.0,825317000.0,119256000.0,19297000.0,2020,13784000.0,18499000.0,2020-12-31,2021-02-23
25305,PATRIMAR ENGENHARIA S.A.,171330000.0,-13478000.0,882168000.0,154764000.0,272886000.0,1311921000.0,243926000.0,126035000.0,2021,13478000.0,28960000.0,2021-12-31,2023-10-19
25305,PATRIMAR ENGENHARIA S.A.,83444000.0,-36113000.0,829418000.0,72546000.0,460321000.0,1686545000.0,330137000.0,-12237000.0,2022,36113000.0,130184000.0,2022-12-31,2023-10-19
25305,PATRIMAR ENGENHARIA S.A.,116416000.0,-55309000.0,1355499000.0,79512000.0,808115000.0,2111294000.0,425150000.0,-73946000.0,2023,55309000.0,382965000.0,2023-12-31,2024-03-05
25305,PATRIMAR ENGENHARIA S.A.,103521000.0,-92157000.0,1464532000.0,35152000.0,1243250000.0,2569705000.0,302281000.0,-485697000.0,2024,92157000.0,940969000.0,2024-12-31,2025-03-13
25305,PATRIMAR ENGENHARIA S.A.,123637000.0,-115880000.0,1463176000.0,32589000.0,1521378000.0,3019668000.0,399855000.0,-211760000.0,2025,115880000.0,1121523000.0,2025-12-31,2026-03-05
13773,PBG S/A,138713000.0,-39363000.0,834032000.0,90511000.0,293134000.0,904908000.0,57677000.0,-2210000.0,2013,39363000.0,235457000.0,2013-12-31,2014-03-25
13773,PBG S/A,157757000.0,-54221000.0,949147000.0,93484000.0,447368000.0,1132348000.0,92383000.0,70580000.0,2014,54221000.0,354985000.0,2014-12-31,2015-03-23
13773,PBG S/A,134405000.0,-76726000.0,1060395000.0,52673000.0,697728000.0,1351893000.0,87664000.0,-45134000.0,2015,76726000.0,610064000.0,2015-12-31,2016-03-11
13773,PBG S/A,75808000.0,-116868000.0,1016400000.0,2142000.0,586661000.0,1237360000.0,105745000.0,138942000.0,2016,116868000.0,480916000.0,2016-12-31,2017-03-21
13773,PBG S/A,149006000.0,-92896000.0,1023937000.0,64170000.0,513561000.0,1252008000.0,94379000.0,102736000.0,2017,92896000.0,419182000.0,2017-12-31,2018-02-23
13773,PBG S/A,244404000.0,-68534000.0,1054190000.0,134312000.0,595637000.0,1622155000.0,82624000.0,5392000.0,2018,68534000.0,513013000.0,2018-12-31,2019-02-18
13773,PBG S/A,75071000.0,-91571000.0,1114269000.0,13163000.0,795907000.0,1836292000.0,275378000.0,170827000.0,2019,91571000.0,520529000.0,2019-12-31,2020-04-14
13773,PBG S/A,115579000.0,-77962000.0,1331780000.0,128242000.0,727766000.0,2034288000.0,326325000.0,252682000.0,2020,77962000.0,401441000.0,2020-12-31,2021-03-26
13773,PBG S/A,288741000.0,-89967000.0,1912127000.0,216222000.0,762392000.0,2157347000.0,189718000.0,288101000.0,2021,89967000.0,572674000.0,2021-12-31,2022-03-17
13773,PBG S/A,314245000.0,-127816000.0,2196681000.0,153105000.0,883571000.0,2479770000.0,256088000.0,227015000.0,2022,127816000.0,627483000.0,2022-12-31,2023-03-28
13773,PBG S/A,135617000.0,-196637000.0,2190834000.0,-35103000.0,1379234000.0,3296008000.0,486472000.0,186333000.0,2023,196637000.0,892762000.0,2023-12-31,2024-03-13
13773,PBG S/A,130052000.0,-262258000.0,2407806000.0,-102017000.0,1163703000.0,3346770000.0,79440000.0,94813000.0,2024,262258000.0,1084263000.0,2024-12-31,2025-03-13
13773,PBG S/A,114522000.0,-387602000.0,2606148000.0,-291722000.0,1287316000.0,3483526000.0,171306000.0,202544000.0,2025,387602000.0,1116010000.0,2025-12-31,2026-03-30
20478,PDG REALTY S.A. EMPREEND E PARTICIPACOES,242010000.0,-569121000.0,5316929000.0,-153257000.0,5365021000.0,16798855000.0,1309457000.0,-728348000.0,2013,569121000.0,4055564000.0,2013-12-31,2014-02-13
20478,PDG REALTY S.A. EMPREEND E PARTICIPACOES,164211000.0,-719705000.0,4256603000.0,-475414000.0,4993858000.0,15924225000.0,1044265000.0,76023000.0,2014,719705000.0,3949593000.0,2014-12-31,2015-03-18
20478,PDG REALTY S.A. EMPREEND E PARTICIPACOES,-2128620000.0,-959300000.0,1824301000.0,-2842482000.0,3618149000.0,10958045000.0,604093000.0,768670000.0,2015,959300000.0,3014056000.0,2015-12-31,2016-03-29
20478,PDG REALTY S.A. EMPREEND E PARTICIPACOES,-4621302000.0,-932422000.0,247228000.0,-5430942000.0,2982128000.0,4651014000.0,200973000.0,-325683000.0,2016,932422000.0,2781155000.0,2016-12-31,2017-03-29
20478,PDG REALTY S.A. EMPREEND E PARTICIPACOES,-1774291000.0,-342739000.0,458253000.0,160563000.0,1542922000.0,2968868000.0,144784000.0,252469000.0,2017,342739000.0,1398138000.0,2017-12-31,2018-03-29
20478,PDG REALTY S.A. EMPREEND E PARTICIPACOES,-404239000.0,-584843000.0,213455000.0,-846015000.0,1607306000.0,2475628000.0,128274000.0,206937000.0,2018,584843000.0,1479032000.0,2018-12-31,2019-04-03
20478,PDG REALTY S.A. EMPREEND E PARTICIPACOES,-456455000.0,-477699000.0,300222000.0,-909851000.0,1659979000.0,1934884000.0,111353000.0,131943000.0,2019,477699000.0,1548626000.0,2019-12-31,2020-03-30
20478,PDG REALTY S.A. EMPREEND E PARTICIPACOES,-276761000.0,-478029000.0,208194000.0,-456703000.0,1264990000.0,1730597000.0,109288000.0,39840000.0,2020,478029000.0,1155702000.0,2020-12-31,2021-03-30
20478,PDG REALTY S.A. EMPREEND E PARTICIPACOES,-352513000.0,-969037000.0,432957000.0,-121445000.0,1122993000.0,1275373000.0,84886000.0,24652000.0,2021,969037000.0,1038107000.0,2021-12-31,2022-03-25
20478,PDG REALTY S.A. EMPREEND E PARTICIPACOES,-60474000.0,-959554000.0,119318000.0,-82820000.0,1278666000.0,1174676000.0,91722000.0,4170000.0,2022,959554000.0,1186944000.0,2022-12-31,2023-10-26
20478,PDG REALTY S.A. EMPREEND E PARTICIPACOES,-533282000.0,346715000.0,91747000.0,1119394000.0,230997000.0,670201000.0,52633000.0,-56116000.0,2023,346715000.0,178364000.0,2023-12-31,2024-03-28
20478,PDG REALTY S.A. EMPREEND E PARTICIPACOES,-153400000.0,-482752000.0,119955000.0,-429848000.0,205479000.0,534650000.0,17439000.0,-48114000.0,2024,482752000.0,188040000.0,2024-12-31,2025-03-31
20478,PDG REALTY S.A. EMPREEND E PARTICIPACOES,-126423000.0,-237941000.0,125272000.0,-333739000.0,383237000.0,427402000.0,18821000.0,-4387000.0,2025,237941000.0,364416000.0,2025-12-31,2026-03-30
25089,PET CENTER COMÉRCIO E PARTICIPAÇÕES S.A.,162204000.0,-84217000.0,2097525000.0,75036000.0,226081000.0,3447347000.0,673672000.0,165194000.0,2021,84217000.0,-447591000.0,2021-12-31,2022-03-29
25089,PET CENTER COMÉRCIO E PARTICIPAÇÕES S.A.,135670000.0,-125565000.0,2834533000.0,50590000.0,113101000.0,3647129000.0,185411000.0,202790000.0,2022,125565000.0,-72310000.0,2022-12-31,2023-03-23
25089,PET CENTER COMÉRCIO E PARTICIPAÇÕES S.A.,128087000.0,-184758000.0,3173241000.0,16349000.0,434708000.0,3995411000.0,56225000.0,429095000.0,2023,184758000.0,378483000.0,2023-12-31,2024-03-07
25089,PET CENTER COMÉRCIO E PARTICIPAÇÕES S.A.,62989000.0,-231587000.0,3322608000.0,-42756000.0,467465000.0,3895459000.0,76559000.0,460541000.0,2024,231587000.0,390906000.0,2024-12-31,2025-03-20
25089,PET CENTER COMÉRCIO E PARTICIPAÇÕES S.A.,152227000.0,-225131000.0,3586622000.0,40042000.0,404503000.0,3932838000.0,122832000.0,587912000.0,2025,225131000.0,281671000.0,2025-12-31,2026-03-26
9512,PETROLEO BRASILEIRO S.A. PETROBRAS,34356460000.0,-10112986000.0,304889934000.0,23006885000.0,267820895000.0,752966638000.0,37171824000.0,56209345000.0,2013,10112986000.0,230649071000.0,2013-12-31,2014-02-25
9512,PETROLEO BRASILEIRO S.A. PETROBRAS,-21916000000.0,-9255000000.0,337260000000.0,-21924000000.0,351035000000.0,793375000000.0,44239000000.0,62241000000.0,2014,9255000000.0,306796000000.0,2014-12-31,2015-04-24
9512,PETROLEO BRASILEIRO S.A. PETROBRAS,-13188000000.0,-21545000000.0,321638000000.0,-35171000000.0,492849000000.0,900135000000.0,97845000000.0,86407000000.0,2015,21545000000.0,395004000000.0,2015-12-31,2016-03-21
9512,PETROLEO BRASILEIRO S.A. PETROBRAS,16482000000.0,-30823000000.0,282589000000.0,-13045000000.0,385784000000.0,804945000000.0,69108000000.0,89709000000.0,2016,30823000000.0,316676000000.0,2016-12-31,2017-03-24
9512,PETROLEO BRASILEIRO S.A. PETROBRAS,37773000000.0,-34936000000.0,283695000000.0,377000000.0,361483000000.0,831515000000.0,74494000000.0,86467000000.0,2017,34936000000.0,286989000000.0,2017-12-31,2018-03-16
9512,PETROLEO BRASILEIRO S.A. PETROBRAS,64876000000.0,-32747000000.0,349836000000.0,26698000000.0,326876000000.0,860473000000.0,53854000000.0,95846000000.0,2018,32747000000.0,273022000000.0,2018-12-31,2019-02-27
9512,PETROLEO BRASILEIRO S.A. PETROBRAS,81701000000.0,-39730000000.0,302245000000.0,40970000000.0,351161000000.0,926011000000.0,29714000000.0,101766000000.0,2019,39730000000.0,321447000000.0,2019-12-31,2020-02-19
9512,PETROLEO BRASILEIRO S.A. PETROBRAS,49621000000.0,-52405000000.0,272069000000.0,6246000000.0,392548000000.0,987419000000.0,60856000000.0,148106000000.0,2020,52405000000.0,331692000000.0,2020-12-31,2021-03-22
9512,PETROLEO BRASILEIRO S.A. PETROBRAS,210831000000.0,-27636000000.0,452668000000.0,107264000000.0,327818000000.0,972951000000.0,58410000000.0,203126000000.0,2021,27636000000.0,269408000000.0,2021-12-31,2022-02-23
9512,PETROLEO BRASILEIRO S.A. PETROBRAS,294255000000.0,-28677000000.0,641256000000.0,189005000000.0,280703000000.0,976709000000.0,41723000000.0,255410000000.0,2022,28677000000.0,238980000000.0,2022-12-31,2023-03-02
9512,PETROLEO BRASILEIRO S.A. PETROBRAS,189342000000.0,-22682000000.0,511994000000.0,125166000000.0,303062000000.0,1050888000000.0,61613000000.0,215696000000.0,2023,22682000000.0,241449000000.0,2023-12-31,2024-03-25
9512,PETROLEO BRASILEIRO S.A. PETROBRAS,137201000000.0,-92959000000.0,490829000000.0,37009000000.0,373467000000.0,1124797000000.0,20254000000.0,204037000000.0,2024,92959000000.0,353213000000.0,2024-12-31,2025-02-26
9512,PETROLEO BRASILEIRO S.A. PETROBRAS,145628000000.0,-3315000000.0,497549000000.0,110605000000.0,384025000000.0,1223389000000.0,35608000000.0,200333000000.0,2025,3315000000.0,348417000000.0,2025-12-31,2026-03-05
25780,PETRORECÔNCAVO S.A.,231820000.0,-354197000.0,787841000.0,-81759000.0,894040000.0,2080173000.0,30861000.0,456099000.0,2020,354197000.0,863179000.0,2020-12-31,2021-02-26
25780,PETRORECÔNCAVO S.A.,284606000.0,-158500000.0,1040604000.0,176899000.0,741291000.0,4715393000.0,217159000.0,638899000.0,2021,158500000.0,524132000.0,2021-12-31,2022-06-02
25780,PETRORECÔNCAVO S.A.,1258200000.0,-114294000.0,2975939000.0,1153391000.0,655581000.0,6585094000.0,361028000.0,1506150000.0,2022,114294000.0,294553000.0,2022-12-31,2023-03-22
25780,PETRORECÔNCAVO S.A.,679817000.0,-138039000.0,2814361000.0,708938000.0,902980000.0,6829184000.0,197184000.0,1391806000.0,2023,138039000.0,705796000.0,2023-12-31,2024-03-05
25780,PETRORECÔNCAVO S.A.,948220000.0,-874677000.0,3264554000.0,437498000.0,1792321000.0,7437571000.0,295548000.0,2219127000.0,2024,874677000.0,1496773000.0,2024-12-31,2025-03-19
25780,PETRORECÔNCAVO S.A.,721579000.0,-660466000.0,3157609000.0,638352000.0,3105016000.0,8668015000.0,229508000.0,1504449000.0,2025,660466000.0,2875508000.0,2025-12-31,2026-03-18
25070,PLANO & PLANO DESENVOLVIMENTO IMOBILIÁRIO S.A.,150509000.0,-4698000.0,900952000.0,132204000.0,290689000.0,961345000.0,204223000.0,739000.0,2020,4698000.0,86466000.0,2020-12-31,2021-03-25
25070,PLANO & PLANO DESENVOLVIMENTO IMOBILIÁRIO S.A.,163760000.0,-9276000.0,1271260000.0,135084000.0,405970000.0,1268517000.0,200338000.0,73711000.0,2021,9276000.0,205632000.0,2021-12-31,2022-04-19
25070,PLANO & PLANO DESENVOLVIMENTO IMOBILIÁRIO S.A.,161873000.0,-24364000.0,1492205000.0,132566000.0,532806000.0,1621634000.0,254237000.0,68614000.0,2022,24364000.0,278569000.0,2022-12-31,2023-08-01
25070,PLANO & PLANO DESENVOLVIMENTO IMOBILIÁRIO S.A.,320533000.0,-32884000.0,2072023000.0,276915000.0,387535000.0,2039019000.0,312182000.0,314660000.0,2023,32884000.0,75353000.0,2023-12-31,2024-03-14
25070,PLANO & PLANO DESENVOLVIMENTO IMOBILIÁRIO S.A.,447731000.0,-78357000.0,2589397000.0,390565000.0,588790000.0,2581180000.0,733767000.0,289753000.0,2024,78357000.0,-144977000.0,2024-12-31,2025-03-17
25070,PLANO & PLANO DESENVOLVIMENTO IMOBILIÁRIO S.A.,515029000.0,-110105000.0,3281707000.0,422700000.0,1093419000.0,4237860000.0,1093455000.0,-76132000.0,2025,110105000.0,-36000.0,2025-12-31,2026-03-12
13471,PLASCAR PARTICIPACOES INDUSTRIAIS S.A.,-47497000.0,-66820000.0,848213000.0,-77599000.0,462302000.0,975255000.0,1640000.0,116929000.0,2013,66820000.0,460662000.0,2013-12-31,2014-03-31
13471,PLASCAR PARTICIPACOES INDUSTRIAIS S.A.,38470000.0,-71047000.0,658343000.0,-76253000.0,386607000.0,818263000.0,844000.0,139176000.0,2014,71047000.0,385763000.0,2014-12-31,2015-02-06
13471,PLASCAR PARTICIPACOES INDUSTRIAIS S.A.,-51179000.0,-91388000.0,480774000.0,-198565000.0,323285000.0,638763000.0,315000.0,150440000.0,2015,91388000.0,322970000.0,2015-12-31,2016-03-29
13471,PLASCAR PARTICIPACOES INDUSTRIAIS S.A.,-113507000.0,-133151000.0,351385000.0,-252112000.0,333886000.0,581418000.0,459000.0,60228000.0,2016,133151000.0,333427000.0,2016-12-31,2017-03-09
13471,PLASCAR PARTICIPACOES INDUSTRIAIS S.A.,-41666000.0,-107224000.0,389175000.0,-72025000.0,370963000.0,533380000.0,1128000.0,20008000.0,2017,107224000.0,369835000.0,2017-12-31,2018-02-07
13471,PLASCAR PARTICIPACOES INDUSTRIAIS S.A.,-125630000.0,-130929000.0,346821000.0,-257536000.0,444485000.0,433256000.0,303000.0,-411000.0,2018,130929000.0,444182000.0,2018-12-31,2019-03-28
13471,PLASCAR PARTICIPACOES INDUSTRIAIS S.A.,6379000.0,-96391000.0,407550000.0,-6825000.0,195756000.0,631482000.0,17383000.0,-28623000.0,2019,96391000.0,178373000.0,2019-12-31,2020-03-04
13471,PLASCAR PARTICIPACOES INDUSTRIAIS S.A.,-83647000.0,-53065000.0,369188000.0,-117013000.0,183789000.0,605117000.0,33681000.0,23817000.0,2020,53065000.0,150108000.0,2020-12-31,2021-03-04
13471,PLASCAR PARTICIPACOES INDUSTRIAIS S.A.,-40856000.0,-95893000.0,612684000.0,-122230000.0,194527000.0,618665000.0,12487000.0,52134000.0,2021,95893000.0,182040000.0,2021-12-31,2022-03-15
13471,PLASCAR PARTICIPACOES INDUSTRIAIS S.A.,3585000.0,-112489000.0,848190000.0,-97121000.0,304739000.0,725491000.0,24815000.0,32197000.0,2022,112489000.0,279924000.0,2022-12-31,2023-03-14
13471,PLASCAR PARTICIPACOES INDUSTRIAIS S.A.,50202000.0,-120397000.0,947129000.0,-714000.0,295120000.0,679089000.0,16841000.0,72145000.0,2023,120397000.0,278279000.0,2023-12-31,2024-03-18
13471,PLASCAR PARTICIPACOES INDUSTRIAIS S.A.,17157000.0,-157237000.0,1131800000.0,-109995000.0,318378000.0,662858000.0,35510000.0,45047000.0,2024,157237000.0,282868000.0,2024-12-31,2025-04-25
13471,PLASCAR PARTICIPACOES INDUSTRIAIS S.A.,-24266000.0,-182234000.0,1152103000.0,-203946000.0,265410000.0,608138000.0,25900000.0,123573000.0,2025,182234000.0,239510000.0,2025-12-31,2026-03-17
27995,PLATÃO CAPITAL S.A.,-7348000.0,-54278000.0,12432000.0,-59727000.0,304189000.0,301715000.0,784000.0,78396000.0,2024,54278000.0,303405000.0,2024-12-31,2025-12-10
27995,PLATÃO CAPITAL S.A.,-616000.0,-53611000.0,23418000.0,-57613000.0,345465000.0,288367000.0,0.0,9557000.0,2025,53611000.0,345465000.0,2025-12-31,2026-05-19
19658,POMIFRUTAS S/A EM RECUPERACAO JUDICIAL,24825000.0,-15471000.0,44202000.0,7767000.0,59002000.0,135299000.0,111000.0,26369000.0,2013,15471000.0,58891000.0,2013-12-31,2014-03-14
19658,POMIFRUTAS S/A EM RECUPERACAO JUDICIAL,1974000.0,-11513000.0,58606000.0,-8552000.0,46252000.0,125920000.0,121000.0,24963000.0,2014,11513000.0,46131000.0,2014-12-31,2015-03-13
19658,POMIFRUTAS S/A EM RECUPERACAO JUDICIAL,-21114000.0,-10847000.0,37352000.0,-31092000.0,53307000.0,110110000.0,309000.0,-12365000.0,2015,10847000.0,52998000.0,2015-12-31,2016-06-30
19658,POMIFRUTAS S/A EM RECUPERACAO JUDICIAL,-12686000.0,-16541000.0,45510000.0,-18368000.0,58769000.0,92735000.0,65000.0,-8992000.0,2016,16541000.0,58704000.0,2016-12-31,2017-03-28
19658,POMIFRUTAS S/A EM RECUPERACAO JUDICIAL,-21681000.0,-11969000.0,44730000.0,-20051000.0,64287000.0,64655000.0,67000.0,3761000.0,2017,11969000.0,64220000.0,2017-12-31,2018-03-27
19658,POMIFRUTAS S/A EM RECUPERACAO JUDICIAL,-11379000.0,15569000.0,5216000.0,-7505000.0,47930000.0,36137000.0,26000.0,18842000.0,2018,15569000.0,47904000.0,2018-12-31,2019-03-29
19658,POMIFRUTAS S/A EM RECUPERACAO JUDICIAL,-2077000.0,-11264000.0,9545000.0,597000.0,54026000.0,32632000.0,142000.0,2395000.0,2019,11264000.0,53884000.0,2019-12-31,2020-04-14
19658,POMIFRUTAS S/A EM RECUPERACAO JUDICIAL,1310000.0,-11986000.0,12742000.0,2159000.0,62196000.0,33684000.0,1729000.0,2113000.0,2020,11986000.0,60467000.0,2020-12-31,2021-03-30
19658,POMIFRUTAS S/A EM RECUPERACAO JUDICIAL,-566000.0,-13908000.0,15696000.0,288000.0,61548000.0,32018000.0,30000.0,-1364000.0,2021,13908000.0,61518000.0,2021-12-31,2022-03-28
19658,POMIFRUTAS S/A EM RECUPERACAO JUDICIAL,-4974000.0,-9317000.0,5713000.0,-5200000.0,61743000.0,32466000.0,92000.0,2966000.0,2022,9317000.0,61651000.0,2022-12-31,2023-03-27
19658,POMIFRUTAS S/A EM RECUPERACAO JUDICIAL,-1237000.0,-4458000.0,7531000.0,-5444000.0,67652000.0,30637000.0,12000.0,-5959000.0,2023,4458000.0,67640000.0,2023-12-31,2024-03-26
27618,PORTO SAÚDE PARTICIPAÇÕES S.A.,69839000.0,-24299000.0,3551013000.0,88782000.0,0.0,2029537000.0,25456000.0,-502963000.0,2023,24299000.0,-25456000.0,2023-12-31,2024-05-14
27618,PORTO SAÚDE PARTICIPAÇÕES S.A.,450704000.0,-22020000.0,6532163000.0,353417000.0,0.0,3317357000.0,299627000.0,52492000.0,2024,22020000.0,-299627000.0,2024-12-31,2025-02-14
27618,PORTO SAÚDE PARTICIPAÇÕES S.A.,629234000.0,-26182000.0,8345588000.0,666306000.0,0.0,4449758000.0,400668000.0,302611000.0,2025,26182000.0,-400668000.0,2025-12-31,2026-02-05
16659,PORTO SEGURO S.A.,1268234000.0,217227000.0,0.0,1397311000.0,0.0,20409315000.0,1336503000.0,1386158000.0,2013,217227000.0,-1336503000.0,2013-12-31,2014-02-25
16659,PORTO SEGURO S.A.,426673000.0,-384619000.0,0.0,876188000.0,0.0,22420409000.0,1003862000.0,899903000.0,2014,384619000.0,-1003862000.0,2014-12-31,2015-02-25
16659,PORTO SEGURO S.A.,342556000.0,-564157000.0,15457182000.0,998342000.0,0.0,23175407000.0,1154904000.0,1041700000.0,2015,564157000.0,-1154904000.0,2015-12-31,2016-02-04
16659,PORTO SEGURO S.A.,119506000.0,-803477000.0,16134566000.0,911346000.0,0.0,25356707000.0,882067000.0,520461000.0,2016,803477000.0,-882067000.0,2016-12-31,2017-02-06
16659,PORTO SEGURO S.A.,401944000.0,-718477000.0,16894102000.0,1098238000.0,0.0,28683957000.0,1266575000.0,1314404000.0,2017,718477000.0,-1266575000.0,2017-12-31,2018-02-05
16659,PORTO SEGURO S.A.,1240152000.0,-574364000.0,17821958000.0,1309377000.0,0.0,30560958000.0,769472000.0,1031725000.0,2018,574364000.0,-769472000.0,2018-12-31,2019-02-04
16659,PORTO SEGURO S.A.,987954000.0,-648164000.0,18080692000.0,1379109000.0,0.0,32711299000.0,893263000.0,1233451000.0,2019,648164000.0,-893263000.0,2019-12-31,2020-02-03
16659,PORTO SEGURO S.A.,1684156000.0,-978772000.0,18619960000.0,1688216000.0,0.0,36730202000.0,915881000.0,1438758000.0,2020,978772000.0,-915881000.0,2020-12-31,2021-02-25
16659,PORTO SEGURO S.A.,1247040000.0,-1090081000.0,21225633000.0,1544263000.0,0.0,41629238000.0,1400834000.0,2471524000.0,2021,1090081000.0,-1400834000.0,2021-12-31,2022-02-07
16659,PORTO SEGURO S.A.,707497000.0,-1296860000.0,27723741000.0,1152290000.0,0.0,50490921000.0,2433908000.0,2850592000.0,2022,1296860000.0,-2433908000.0,2022-12-31,2023-02-09
16659,PORTO SEGURO S.A.,2806691000.0,-1303874000.0,32395077000.0,2314857000.0,0.0,44239599000.0,1105403000.0,69766000.0,2023,1303874000.0,-1105403000.0,2023-12-31,2024-02-27
16659,PORTO SEGURO S.A.,3099486000.0,-824457000.0,35243466000.0,2690782000.0,0.0,47913736000.0,2191494000.0,2415087000.0,2024,824457000.0,-2191494000.0,2024-12-31,2025-02-14
16659,PORTO SEGURO S.A.,3073644000.0,-456986000.0,40883141000.0,3424078000.0,0.0,55864993000.0,1897923000.0,1368371000.0,2025,456986000.0,-1897923000.0,2025-12-31,2026-02-05
27600,PORTO SERVIÇO S.A,371912000.0,-38871000.0,2265091000.0,221200000.0,0.0,1658719000.0,36557000.0,219721000.0,2024,38871000.0,-36557000.0,2024-12-31,2025-02-14
27600,PORTO SERVIÇO S.A,373522000.0,-32602000.0,2312941000.0,263801000.0,0.0,1710803000.0,41361000.0,109824000.0,2025,32602000.0,-41361000.0,2025-12-31,2026-02-05
20362,POSITIVO TECNOLOGIA S.A.,74864000.0,-97578000.0,2566533000.0,15590000.0,554232000.0,1879734000.0,164974000.0,43889000.0,2013,97578000.0,389258000.0,2013-12-31,2014-02-20
20362,POSITIVO TECNOLOGIA S.A.,86905000.0,-89479000.0,2331559000.0,23271000.0,519149000.0,1759796000.0,224361000.0,166633000.0,2014,89479000.0,294788000.0,2014-12-31,2015-03-06
20362,POSITIVO TECNOLOGIA S.A.,-61952000.0,-122644000.0,1843191000.0,-79881000.0,848580000.0,1919040000.0,554886000.0,80693000.0,2015,122644000.0,293694000.0,2015-12-31,2016-03-23
20362,POSITIVO TECNOLOGIA S.A.,121275000.0,-144556000.0,1746015000.0,8838000.0,678226000.0,1822893000.0,478376000.0,68975000.0,2016,144556000.0,199850000.0,2016-12-31,2017-03-16
20362,POSITIVO TECNOLOGIA S.A.,39077000.0,-148199000.0,1913608000.0,-47551000.0,531307000.0,1733859000.0,387826000.0,112580000.0,2017,148199000.0,143481000.0,2017-12-31,2018-03-14
20362,POSITIVO TECNOLOGIA S.A.,75014000.0,-112911000.0,1951337000.0,-461000.0,610235000.0,1789529000.0,393348000.0,-64563000.0,2018,112911000.0,216887000.0,2018-12-31,2019-03-27
20362,POSITIVO TECNOLOGIA S.A.,98855000.0,-107981000.0,1915308000.0,20848000.0,712124000.0,1945403000.0,460714000.0,-3671000.0,2019,107981000.0,251410000.0,2019-12-31,2020-03-04
20362,POSITIVO TECNOLOGIA S.A.,277676000.0,-100576000.0,2192173000.0,195842000.0,762934000.0,2824635000.0,544162000.0,-223656000.0,2020,100576000.0,218772000.0,2020-12-31,2021-03-17
20362,POSITIVO TECNOLOGIA S.A.,303149000.0,-158768000.0,3365487000.0,202896000.0,900602000.0,3754136000.0,359007000.0,-145748000.0,2021,158768000.0,541595000.0,2021-12-31,2022-03-30
20362,POSITIVO TECNOLOGIA S.A.,625095000.0,-357620000.0,4993235000.0,306357000.0,1531985000.0,4199825000.0,426576000.0,-329969000.0,2022,357620000.0,1105409000.0,2022-12-31,2023-03-21
20362,POSITIVO TECNOLOGIA S.A.,508577000.0,-358746000.0,3926631000.0,250882000.0,1385733000.0,4581833000.0,591375000.0,540734000.0,2023,358746000.0,794358000.0,2023-12-31,2024-03-21
20362,POSITIVO TECNOLOGIA S.A.,309510000.0,-321544000.0,3688326000.0,85038000.0,1282824000.0,4466987000.0,566929000.0,529080000.0,2024,321544000.0,715895000.0,2024-12-31,2025-03-19
20362,POSITIVO TECNOLOGIA S.A.,230002000.0,-342599000.0,3354898000.0,12234000.0,1273577000.0,4473551000.0,618362000.0,297712000.0,2025,342599000.0,655215000.0,2025-12-31,2026-03-19
24236,PRINER SERVIÇOS INDUSTRIAIS S.A.,11586000.0,-7503000.0,204112000.0,6269000.0,16679000.0,121565000.0,12063000.0,2835000.0,2016,7503000.0,4616000.0,2016-12-31,2017-10-03
24236,PRINER SERVIÇOS INDUSTRIAIS S.A.,-7527000.0,-8518000.0,236502000.0,-7388000.0,65176000.0,182406000.0,644000.0,215000.0,2017,8518000.0,64532000.0,2017-12-31,2018-03-29
24236,PRINER SERVIÇOS INDUSTRIAIS S.A.,15096000.0,-15462000.0,327237000.0,5140000.0,67637000.0,207986000.0,3400000.0,12834000.0,2018,15462000.0,64237000.0,2018-12-31,2020-01-23
24236,PRINER SERVIÇOS INDUSTRIAIS S.A.,7760000.0,-18050000.0,348612000.0,-10798000.0,86030000.0,239541000.0,34157000.0,31406000.0,2019,18050000.0,51873000.0,2019-12-31,2020-03-30
24236,PRINER SERVIÇOS INDUSTRIAIS S.A.,-4632000.0,-11410000.0,242213000.0,-3096000.0,64139000.0,336630000.0,52035000.0,-25207000.0,2020,11410000.0,12104000.0,2020-12-31,2021-03-30
24236,PRINER SERVIÇOS INDUSTRIAIS S.A.,20492000.0,-8524000.0,433141000.0,14499000.0,67054000.0,374377000.0,66038000.0,19554000.0,2021,8524000.0,1016000.0,2021-12-31,2022-03-30
24236,PRINER SERVIÇOS INDUSTRIAIS S.A.,104458000.0,-30043000.0,813494000.0,64934000.0,157213000.0,619939000.0,105039000.0,93304000.0,2022,30043000.0,52174000.0,2022-12-31,2023-03-16
24236,PRINER SERVIÇOS INDUSTRIAIS S.A.,87399000.0,-59031000.0,1046411000.0,25080000.0,373969000.0,837004000.0,125891000.0,21642000.0,2023,59031000.0,248078000.0,2023-12-31,2024-03-22
24236,PRINER SERVIÇOS INDUSTRIAIS S.A.,89846000.0,-74984000.0,1100583000.0,27817000.0,488508000.0,1229162000.0,232537000.0,107751000.0,2024,74984000.0,255971000.0,2024-12-31,2025-03-13
24236,PRINER SERVIÇOS INDUSTRIAIS S.A.,95662000.0,-142151000.0,1563623000.0,8404000.0,841406000.0,1890643000.0,343246000.0,99978000.0,2025,142151000.0,498160000.0,2025-12-31,2026-03-12
27740,PRIO FORTE S.A.,535529000.0,-5091000.0,3542587000.0,537439000.0,0.0,1811329000.0,496414000.0,,2023,5091000.0,-496414000.0,2023-12-31,2024-10-22
27740,PRIO FORTE S.A.,378208000.0,-836847000.0,2348825000.0,6445650000.0,18725892000.0,47107502000.0,1922644000.0,,2024,836847000.0,16803248000.0,2024-12-31,2025-03-28
27740,PRIO FORTE S.A.,3156218000.0,-7949329000.0,10177997000.0,3659199000.0,19937411000.0,51955278000.0,2212322000.0,,2025,7949329000.0,17725089000.0,2025-12-31,2026-03-26
22187,PRIO S.A.,-2605228000.0,-90167000.0,4395000.0,-2237870000.0,70380000.0,1805279000.0,33582000.0,-282875000.0,2013,90167000.0,36798000.0,2013-12-31,2014-03-31
22187,PRIO S.A.,-1067875000.0,-65573000.0,486839000.0,-1003073000.0,87568000.0,1061138000.0,350634000.0,88168000.0,2014,65573000.0,-263066000.0,2014-12-31,2015-03-30
22187,PRIO S.A.,84214000.0,-311873000.0,253071000.0,110421000.0,32125000.0,1177037000.0,283951000.0,-20171000.0,2015,311873000.0,-251826000.0,2015-12-31,2016-03-23
22187,PRIO S.A.,259084000.0,-319950000.0,397871000.0,241622000.0,32119000.0,1082369000.0,24793000.0,114000000.0,2016,319950000.0,7326000.0,2016-12-31,2017-03-28
22187,PRIO S.A.,42209000.0,-185531000.0,533922000.0,30627000.0,150670000.0,1251764000.0,92445000.0,51536000.0,2017,185531000.0,58225000.0,2017-12-31,2020-11-03
22187,PRIO S.A.,170300000.0,-242447000.0,848920000.0,204875000.0,279702000.0,1537063000.0,154109000.0,270116000.0,2018,242447000.0,125593000.0,2018-12-31,2019-03-11
22187,PRIO S.A.,878256000.0,-714396000.0,1644346000.0,842346000.0,2258058000.0,5489751000.0,459396000.0,444671000.0,2019,714396000.0,1798662000.0,2019-12-31,2020-08-28
22187,PRIO S.A.,942749000.0,-1927820000.0,1904185000.0,452913000.0,2535819000.0,6792833000.0,809273000.0,1617546000.0,2020,1927820000.0,1726546000.0,2020-12-31,2021-03-02
22187,PRIO S.A.,2121443000.0,-1568858000.0,4396003000.0,1333046000.0,3901293000.0,12221416000.0,970681000.0,2183736000.0,2021,1568858000.0,2930612000.0,2021-12-31,2022-02-15
22187,PRIO S.A.,3916213000.0,-558099000.0,6363475000.0,3427072000.0,9222756000.0,20302520000.0,9612961000.0,4927159000.0,2022,558099000.0,-390205000.0,2022-12-31,2023-03-01
22187,PRIO S.A.,7155862000.0,-2576442000.0,11905041000.0,5179905000.0,9554402000.0,28310932000.0,2335403000.0,7740287000.0,2023,2576442000.0,7218999000.0,2023-12-31,2024-03-08
22187,PRIO S.A.,6945461000.0,-8361195000.0,14360653000.0,10301606000.0,22433677000.0,55746165000.0,3993359000.0,9669485000.0,2024,8361195000.0,18440318000.0,2024-12-31,2025-03-13
22187,PRIO S.A.,1809322000.0,-9595280000.0,15583960000.0,2251479000.0,28438286000.0,64179605000.0,3398291000.0,8176080000.0,2025,9595280000.0,25039995000.0,2025-12-31,2026-03-10
19232,PRODUTORES ENERGET.DE MANSO S.A.- PROMAN,4105000.0,-3830000.0,7242000.0,307000.0,11590000.0,16735000.0,0.0,4555000.0,2021,3830000.0,11590000.0,2021-12-31,2022-03-13
19232,PRODUTORES ENERGET.DE MANSO S.A.- PROMAN,5105000.0,-5014000.0,8514000.0,242000.0,11146000.0,16729000.0,0.0,5677000.0,2022,5014000.0,11146000.0,2022-12-31,2023-03-20
19232,PRODUTORES ENERGET.DE MANSO S.A.- PROMAN,3849000.0,-4807000.0,8708000.0,-510000.0,11195000.0,15629000.0,0.0,4539000.0,2023,4807000.0,11195000.0,2023-12-31,2024-03-25
19232,PRODUTORES ENERGET.DE MANSO S.A.- PROMAN,5230000.0,-5167000.0,8269000.0,211000.0,10959000.0,15317000.0,0.0,5827000.0,2024,5167000.0,10959000.0,2024-12-31,2025-03-13
19232,PRODUTORES ENERGET.DE MANSO S.A.- PROMAN,4956000.0,-5105000.0,8836000.0,218000.0,10601000.0,14711000.0,0.0,5558000.0,2025,5105000.0,10601000.0,2025-12-31,2026-03-10
20346,PROFARMA DISTRIB PROD FARMACEUTICOS S.A.,76009000.0,-69084000.0,3470310000.0,19064000.0,540001000.0,1778666000.0,59582000.0,-90119000.0,2013,69084000.0,480419000.0,2013-12-31,2014-03-31
20346,PROFARMA DISTRIB PROD FARMACEUTICOS S.A.,19910000.0,-100878000.0,3449124000.0,-52388000.0,415790000.0,1828215000.0,174097000.0,58866000.0,2014,100878000.0,241693000.0,2014-12-31,2018-06-29
20346,PROFARMA DISTRIB PROD FARMACEUTICOS S.A.,58376000.0,-105656000.0,3465143000.0,-21182000.0,527668000.0,2282159000.0,253048000.0,59265000.0,2015,105656000.0,274620000.0,2015-12-31,2018-04-19
20346,PROFARMA DISTRIB PROD FARMACEUTICOS S.A.,76164000.0,-158032000.0,4084669000.0,-48963000.0,608707000.0,2712233000.0,205506000.0,-107293000.0,2016,158032000.0,403201000.0,2016-12-31,2018-04-20
20346,PROFARMA DISTRIB PROD FARMACEUTICOS S.A.,-11265000.0,-163331000.0,4100711000.0,-112720000.0,757205000.0,2619492000.0,193172000.0,-51826000.0,2017,163331000.0,564033000.0,2017-12-31,2018-03-22
20346,PROFARMA DISTRIB PROD FARMACEUTICOS S.A.,54913000.0,-98639000.0,4271127000.0,-9734000.0,636010000.0,2890224000.0,229160000.0,-55845000.0,2018,98639000.0,406850000.0,2018-12-31,2019-05-16
20346,PROFARMA DISTRIB PROD FARMACEUTICOS S.A.,60949000.0,-102346000.0,4801292000.0,11978000.0,668151000.0,3183388000.0,225816000.0,126923000.0,2019,102346000.0,442335000.0,2019-12-31,2020-03-11
20346,PROFARMA DISTRIB PROD FARMACEUTICOS S.A.,120636000.0,-104607000.0,5481341000.0,61797000.0,601110000.0,3761067000.0,371792000.0,39344000.0,2020,104607000.0,229318000.0,2020-12-31,2021-03-16
20346,PROFARMA DISTRIB PROD FARMACEUTICOS S.A.,130712000.0,-98797000.0,6413199000.0,79113000.0,558453000.0,4032894000.0,188517000.0,107576000.0,2021,98797000.0,369936000.0,2021-12-31,2022-03-16
20346,PROFARMA DISTRIB PROD FARMACEUTICOS S.A.,242945000.0,-199468000.0,7816218000.0,85040000.0,663663000.0,4364933000.0,183255000.0,126322000.0,2022,199468000.0,480408000.0,2022-12-31,2023-10-17
20346,PROFARMA DISTRIB PROD FARMACEUTICOS S.A.,261133000.0,-228133000.0,8661744000.0,77858000.0,779904000.0,4937926000.0,193743000.0,260899000.0,2023,228133000.0,586161000.0,2023-12-31,2024-03-06
20346,PROFARMA DISTRIB PROD FARMACEUTICOS S.A.,299687000.0,-225192000.0,10153623000.0,122813000.0,799719000.0,5616238000.0,229552000.0,497088000.0,2024,225192000.0,570167000.0,2024-12-31,2025-03-18
20346,PROFARMA DISTRIB PROD FARMACEUTICOS S.A.,349952000.0,-295066000.0,11450521000.0,126013000.0,874670000.0,6234275000.0,235121000.0,459716000.0,2025,295066000.0,639549000.0,2025-12-31,2026-03-27
21482,PRUMO LOGISTICA SA,-145523000.0,-83121000.0,56036000.0,-135841000.0,2253637000.0,5003524000.0,928384000.0,76443000.0,2013,83121000.0,1325253000.0,2013-12-31,2014-03-26
21482,PRUMO LOGISTICA SA,-48445000.0,-85093000.0,144579000.0,-47631000.0,3161338000.0,6791519000.0,646737000.0,-597392000.0,2014,85093000.0,2514601000.0,2014-12-31,2015-03-25
21482,PRUMO LOGISTICA SA,-74179000.0,-431919000.0,101572000.0,-216898000.0,3930316000.0,7510528000.0,604480000.0,-487659000.0,2015,431919000.0,3325836000.0,2015-12-31,2016-03-24
21482,PRUMO LOGISTICA SA,-209192000.0,-662996000.0,143551000.0,-237036000.0,4174988000.0,7808106000.0,405799000.0,-101262000.0,2016,662996000.0,3769189000.0,2016-12-31,2017-03-28
21482,PRUMO LOGISTICA SA,-325709000.0,-643312000.0,232739000.0,-989117000.0,4789085000.0,7449509000.0,83033000.0,-57113000.0,2017,643312000.0,4706052000.0,2017-12-31,2018-03-21
23728,PRÁTICA PARTICIPAÇÕES S/A,7580000.0,-4599000.0,85697000.0,2932000.0,26906000.0,93971000.0,5398000.0,3848000.0,2014,4599000.0,21508000.0,2014-12-31,2015-10-13
23728,PRÁTICA PARTICIPAÇÕES S/A,2902000.0,1988000.0,83974000.0,-1526000.0,37072000.0,97054000.0,7128000.0,468000.0,2015,1988000.0,29944000.0,2015-12-31,2016-04-04
23728,PRÁTICA PARTICIPAÇÕES S/A,8767000.0,2152000.0,82166000.0,3062000.0,24403000.0,90697000.0,6992000.0,15716000.0,2016,2152000.0,17411000.0,2016-12-31,2017-03-28
24546,PRÁTICA PRODUTOS S.A.,13101000.0,-3725000.0,95645000.0,7552000.0,22167000.0,93042000.0,4118000.0,5167000.0,2017,3725000.0,18049000.0,2017-12-31,2018-08-21
24546,PRÁTICA PRODUTOS S.A.,10849000.0,-7901000.0,111567000.0,5773000.0,42058000.0,108922000.0,7386000.0,1754000.0,2018,7901000.0,34672000.0,2018-12-31,2019-04-17
24546,PRÁTICA PRODUTOS S.A.,14059000.0,-8656000.0,137640000.0,8030000.0,50516000.0,125660000.0,13104000.0,8641000.0,2019,8656000.0,37412000.0,2019-12-31,2020-03-31
24546,PRÁTICA PRODUTOS S.A.,6130000.0,-11021000.0,120638000.0,4870000.0,58492000.0,138880000.0,32665000.0,22934000.0,2020,11021000.0,25827000.0,2020-12-31,2021-04-28
24546,PRÁTICA PRODUTOS S.A.,30236000.0,-11035000.0,178098000.0,19881000.0,61519000.0,176650000.0,21358000.0,2968000.0,2021,11035000.0,40161000.0,2021-12-31,2022-03-31
24546,PRÁTICA PRODUTOS S.A.,26450000.0,-17958000.0,248863000.0,18008000.0,74735000.0,221901000.0,34676000.0,17012000.0,2022,17958000.0,40059000.0,2022-12-31,2023-04-25
24546,PRÁTICA PRODUTOS S.A.,47953000.0,-19547000.0,316490000.0,29059000.0,101749000.0,248087000.0,33859000.0,14655000.0,2023,19547000.0,67890000.0,2023-12-31,2024-04-01
24546,PRÁTICA PRODUTOS S.A.,49553000.0,-24158000.0,338466000.0,32623000.0,117841000.0,298099000.0,64007000.0,48129000.0,2024,24158000.0,53834000.0,2024-12-31,2025-03-31
24546,PRÁTICA PRODUTOS S.A.,38072000.0,-24630000.0,388697000.0,20198000.0,154792000.0,350802000.0,75366000.0,606000.0,2025,24630000.0,79426000.0,2025-12-31,2026-03-31
22497,QUALICORP CONSULTORIA E CORRETORA DE SEGUROS S.A.,231361000.0,-285506000.0,1199534000.0,-12195000.0,225343000.0,3242027000.0,327368000.0,399963000.0,2013,285506000.0,-102025000.0,2013-12-31,2014-03-17
22497,QUALICORP CONSULTORIA E CORRETORA DE SEGUROS S.A.,406365000.0,-220828000.0,1493014000.0,138804000.0,551089000.0,3785214000.0,538547000.0,444418000.0,2014,220828000.0,12542000.0,2014-12-31,2015-03-26
22497,QUALICORP CONSULTORIA E CORRETORA DE SEGUROS S.A.,421947000.0,-159364000.0,1730159000.0,240860000.0,547660000.0,3434432000.0,285790000.0,570179000.0,2015,159364000.0,261870000.0,2015-12-31,2016-03-29
22497,QUALICORP CONSULTORIA E CORRETORA DE SEGUROS S.A.,493617000.0,-178509000.0,1964404000.0,420577000.0,617505000.0,3589787000.0,125361000.0,621293000.0,2016,178509000.0,492144000.0,2016-12-31,2017-03-20
22497,QUALICORP CONSULTORIA E CORRETORA DE SEGUROS S.A.,608477000.0,-156808000.0,2075289000.0,385819000.0,613790000.0,3531358000.0,146733000.0,534648000.0,2017,156808000.0,467057000.0,2017-12-31,2018-03-15
22497,QUALICORP CONSULTORIA E CORRETORA DE SEGUROS S.A.,656153000.0,-91078000.0,1932124000.0,397043000.0,615726000.0,3549313000.0,137446000.0,779314000.0,2018,91078000.0,478280000.0,2018-12-31,2019-03-25
22497,QUALICORP CONSULTORIA E CORRETORA DE SEGUROS S.A.,604573000.0,-115968000.0,2003010000.0,392756000.0,1330400000.0,3380063000.0,201050000.0,870994000.0,2019,115968000.0,1129350000.0,2019-12-31,2020-03-12
22497,QUALICORP CONSULTORIA E CORRETORA DE SEGUROS S.A.,609230000.0,-109514000.0,2025951000.0,395187000.0,1351003000.0,4406978000.0,418767000.0,851266000.0,2020,109514000.0,932236000.0,2020-12-31,2021-03-30
22497,QUALICORP CONSULTORIA E CORRETORA DE SEGUROS S.A.,636787000.0,-228408000.0,2096548000.0,377306000.0,2226211000.0,4403581000.0,449462000.0,807929000.0,2021,228408000.0,1776749000.0,2021-12-31,2022-03-29
22497,QUALICORP CONSULTORIA E CORRETORA DE SEGUROS S.A.,362289000.0,-711152000.0,1951408000.0,101478000.0,2257712000.0,4512028000.0,377129000.0,564041000.0,2022,711152000.0,1880583000.0,2022-12-31,2023-03-28
22497,QUALICORP CONSULTORIA E CORRETORA DE SEGUROS S.A.,117493000.0,-390943000.0,1749906000.0,-75375000.0,2237213000.0,4509325000.0,394589000.0,498062000.0,2023,390943000.0,1842624000.0,2023-12-31,2024-03-21
22497,QUALICORP CONSULTORIA E CORRETORA DE SEGUROS S.A.,185348000.0,-339876000.0,1580459000.0,15063000.0,1881851000.0,4366325000.0,322307000.0,377935000.0,2024,339876000.0,1559544000.0,2024-12-31,2025-02-26
22497,QUALICORP CONSULTORIA E CORRETORA DE SEGUROS S.A.,279975000.0,-323364000.0,1426845000.0,17049000.0,1762322000.0,3938536000.0,222668000.0,286480000.0,2025,323364000.0,1539654000.0,2025-12-31,2026-02-26
23302,QUALITY SOFTWARE S.A.,11681333.0,-696576.0,63876143.0,7450417.0,6013889.0,42504097.0,2528760.0,-4238320.0,2015,696576.0,3485129.0,2015-12-31,2016-04-27
23302,QUALITY SOFTWARE S.A.,9424773.0,-2581328.0,68186234.0,3765314.0,4734081.0,56272846.0,1568165.0,4244296.0,2016,2581328.0,3165916.0,2016-12-31,2017-03-24
23302,QUALITY SOFTWARE S.A.,221190.0,-3596648.0,90493494.0,-4630873.0,9029733.0,90998612.0,4353559.0,-3445525.0,2017,3596648.0,4676174.0,2017-12-31,2018-04-17
23302,QUALITY SOFTWARE S.A.,9833755.0,-6439931.0,119473557.0,3205956.0,23107112.0,99272904.0,4446867.0,-1384778.0,2018,6439931.0,18660245.0,2018-12-31,2019-03-28
23302,QUALITY SOFTWARE S.A.,10139716.0,-6596474.0,128656222.0,2200882.0,32279366.0,108262614.0,12171637.0,2956053.0,2019,6596474.0,20107729.0,2019-12-31,2020-03-30
23302,QUALITY SOFTWARE S.A.,20915977.0,-5157749.0,129180974.0,10068258.0,25770994.0,114608251.0,19396059.0,13039549.0,2020,5157749.0,6374935.0,2020-12-31,2021-03-30
23302,QUALITY SOFTWARE S.A.,18967045.0,-4880420.0,145117126.0,10706275.0,26676449.0,119799761.0,12629079.0,666463.0,2021,4880420.0,14047370.0,2021-12-31,2022-03-30
23302,QUALITY SOFTWARE S.A.,34842189.0,-19061944.0,64077336.0,12649092.0,69763265.0,219374312.0,21310879.0,8548364.0,2022,19061944.0,48452386.0,2022-12-31,2023-03-30
23302,QUALITY SOFTWARE S.A.,41231799.0,-17330756.0,67727134.0,19768295.0,67685536.0,228060515.0,21131364.0,8049475.0,2023,17330756.0,46554172.0,2023-12-31,2024-03-28
23302,QUALITY SOFTWARE S.A.,36465408.0,-16638475.0,67771322.0,25746166.0,81805645.0,279567562.0,37601374.0,37811058.0,2024,16638475.0,44204271.0,2024-12-31,2025-04-23
23302,QUALITY SOFTWARE S.A.,39852141.0,-21521638.0,65675705.0,25768350.0,85553964.0,288681693.0,28492117.0,5782391.0,2025,21521638.0,57061847.0,2025-12-31,2026-03-23
5258,RAIA DROGASIL S.A.,149834000.0,-20310000.0,6232919000.0,100985000.0,244825000.0,3614093000.0,241885000.0,305743000.0,2013,20310000.0,2940000.0,2013-12-31,2014-03-17
5258,RAIA DROGASIL S.A.,500863000.0,-153747000.0,8897849000.0,339785000.0,296388000.0,4699201000.0,266051000.0,501695000.0,2015,153747000.0,30337000.0,2015-12-31,2016-02-18
5258,RAIA DROGASIL S.A.,705538000.0,-219755000.0,11256565000.0,451252000.0,413968000.0,5659303000.0,276632000.0,555529000.0,2016,219755000.0,137336000.0,2016-12-31,2017-02-16
5258,RAIA DROGASIL S.A.,792584000.0,-212923000.0,13212505000.0,512653000.0,610959000.0,6464249000.0,264873000.0,628840000.0,2017,212923000.0,346086000.0,2017-12-31,2018-02-22
5258,RAIA DROGASIL S.A.,721510000.0,-154437000.0,14801445000.0,509313000.0,843150000.0,7352005000.0,241568000.0,682866000.0,2018,154437000.0,601582000.0,2018-12-31,2019-02-26
5258,RAIA DROGASIL S.A.,1118469000.0,-411246000.0,17565600000.0,788735000.0,1126476000.0,12248255000.0,299226000.0,749111000.0,2019,411246000.0,827250000.0,2019-12-31,2020-02-19
5258,RAIA DROGASIL S.A.,915984000.0,-353798000.0,20066840000.0,495533000.0,1653454000.0,13828088000.0,880357000.0,1477238000.0,2020,353798000.0,773097000.0,2020-12-31,2021-03-09
5258,RAIA DROGASIL S.A.,1366472000.0,-459226000.0,24127002000.0,764133000.0,1505222000.0,14775506000.0,356118000.0,1550545000.0,2021,459226000.0,1149104000.0,2021-12-31,2022-02-22
5258,RAIA DROGASIL S.A.,1839324000.0,-939701000.0,29067380000.0,1014968000.0,2317904000.0,17185306000.0,433541000.0,1682255000.0,2022,939701000.0,1884363000.0,2022-12-31,2023-03-07
5258,RAIA DROGASIL S.A.,2080489000.0,-1292531000.0,33973790000.0,1087143000.0,3130703000.0,20094412000.0,412321000.0,1785327000.0,2023,1292531000.0,2718382000.0,2023-12-31,2024-03-05
5258,RAIA DROGASIL S.A.,2352106000.0,-1377701000.0,38871522000.0,1211373000.0,3293930000.0,22163756000.0,528002000.0,2771263000.0,2024,1377701000.0,2765928000.0,2024-12-31,2025-03-20
5258,RAIA DROGASIL S.A.,2743567000.0,-1831677000.0,44250449000.0,1300243000.0,3867755000.0,25170475000.0,509619000.0,2430654000.0,2025,1831677000.0,3358136000.0,2025-12-31,2026-03-03
14109,RANDON S.A. IMPLEMENTOS E PARTICIPACOES,446422000.0,-340377000.0,4253328000.0,306766000.0,2605966000.0,4906918000.0,1166550000.0,426352000.0,2013,340377000.0,1439416000.0,2013-12-31,2014-04-02
14109,RANDON S.A. IMPLEMENTOS E PARTICIPACOES,369412000.0,-316046000.0,3778753000.0,246285000.0,2573420000.0,4873531000.0,1358090000.0,696111000.0,2014,316046000.0,1215330000.0,2014-12-31,2015-03-12
14109,RANDON S.A. IMPLEMENTOS E PARTICIPACOES,37230000.0,-466149000.0,3099402000.0,-751000.0,3094543000.0,5183866000.0,1328404000.0,157627000.0,2015,466149000.0,1766139000.0,2015-12-31,2016-03-23
14109,RANDON S.A. IMPLEMENTOS E PARTICIPACOES,21386000.0,-376340000.0,2623976000.0,-11366000.0,2429318000.0,4868291000.0,1133643000.0,445657000.0,2016,376340000.0,1295675000.0,2016-12-31,2017-03-24
14109,RANDON S.A. IMPLEMENTOS E PARTICIPACOES,190946000.0,-299298000.0,2936758000.0,104736000.0,2207658000.0,4970681000.0,1001599000.0,455898000.0,2017,299298000.0,1206059000.0,2017-12-31,2018-03-14
14109,RANDON S.A. IMPLEMENTOS E PARTICIPACOES,437490000.0,-460200000.0,4262602000.0,226903000.0,2838795000.0,5838143000.0,1229151000.0,376054000.0,2018,460200000.0,1609644000.0,2018-12-31,2019-03-20
14109,RANDON S.A. IMPLEMENTOS E PARTICIPACOES,530958000.0,-442944000.0,5092365000.0,300544000.0,2866659000.0,6328114000.0,1177202000.0,488006000.0,2019,442944000.0,1689457000.0,2019-12-31,2020-03-05
14109,RANDON S.A. IMPLEMENTOS E PARTICIPACOES,1014440000.0,-492720000.0,5363035000.0,833308000.0,3587607000.0,8980458000.0,1660364000.0,808482000.0,2020,492720000.0,1927243000.0,2020-12-31,2021-03-11
14109,RANDONCORP S.A.,1100515000.0,-574664000.0,9057457000.0,884711000.0,4039985000.0,10719787000.0,1890759000.0,909061000.0,2021,574664000.0,2149226000.0,2021-12-31,2022-02-24
14109,RANDONCORP S.A.,1252256000.0,-1162179000.0,11152417000.0,666402000.0,5417678000.0,12882347000.0,2504862000.0,1129815000.0,2022,1162179000.0,2912816000.0,2022-12-31,2023-02-28
14109,RANDONCORP S.A.,1284568000.0,-1190236000.0,10887843000.0,663489000.0,5338832000.0,12820143000.0,2864807000.0,2181891000.0,2023,1190236000.0,2474025000.0,2023-12-31,2024-03-12
14109,RANDONCORP S.A.,1280029000.0,-1313937000.0,11915741000.0,691696000.0,6732812000.0,15437636000.0,2252138000.0,376135000.0,2024,1313937000.0,4480674000.0,2024-12-31,2025-03-19
14109,RANDONCORP S.A.,856397000.0,-1553373000.0,13143266000.0,-59791000.0,9607358000.0,19077325000.0,3821860000.0,2581808000.0,2025,1553373000.0,5785498000.0,2025-12-31,2026-03-12
26964,REAG CAPITAL HOLDING S.A.,12581000.0,-947000.0,41007000.0,8123000.0,0.0,56310000.0,3885000.0,12557000.0,2021,947000.0,-3885000.0,2021-12-31,2022-05-05
26964,REAG CAPITAL HOLDING S.A.,9470000.0,-19960000.0,81403000.0,3910000.0,0.0,234996000.0,7160000.0,-127444000.0,2022,19960000.0,-7160000.0,2022-12-31,2023-05-19
26964,REAG CAPITAL HOLDING S.A.,-23976000.0,-422029000.0,133466000.0,-102729000.0,436310000.0,1439358000.0,22072000.0,-761821000.0,2023,422029000.0,414238000.0,2023-12-31,2024-05-14
12572,RECRUSUL S.A.,-2857000.0,-10598000.0,19050000.0,-7734000.0,7694000.0,96884000.0,6000.0,-3452000.0,2013,10598000.0,7688000.0,2013-12-31,2014-03-31
12572,RECRUSUL S.A.,-22636000.0,-37024000.0,2056000.0,-42697000.0,14323000.0,37133000.0,4000.0,-6807000.0,2014,37024000.0,14319000.0,2014-12-31,2015-06-30
12572,RECRUSUL S.A.,-5318000.0,-11793000.0,592000.0,-17106000.0,16162000.0,35212000.0,0.0,-2407000.0,2015,11793000.0,16162000.0,2015-12-31,2016-08-15
12572,RECRUSUL S.A.,-6463000.0,-24007000.0,0.0,-29823000.0,6220000.0,47984000.0,2000.0,-38584000.0,2016,24007000.0,6218000.0,2016-12-31,2017-03-31
12572,RECRUSUL S.A.,-26311000.0,-13354000.0,35000.0,-36911000.0,6746000.0,37470000.0,1000.0,-20365000.0,2017,13354000.0,6745000.0,2017-12-31,2018-03-22
12572,RECRUSUL S.A.,-4987000.0,-8066000.0,4462000.0,-13052000.0,0.0,40979000.0,2838000.0,-39688000.0,2018,8066000.0,-2838000.0,2018-12-31,2019-03-22
12572,RECRUSUL S.A.,240000.0,-3734000.0,18660000.0,-3463000.0,93000.0,38820000.0,193000.0,-2723000.0,2019,3734000.0,-100000.0,2019-12-31,2020-03-24
12572,RECRUSUL S.A.,662000.0,-2063000.0,28515000.0,-1369000.0,141000.0,44051000.0,1256000.0,-1421000.0,2020,2063000.0,-1115000.0,2020-12-31,2021-03-08
12572,RECRUSUL S.A.,832000.0,-2468000.0,59561000.0,-1635000.0,38000.0,66205000.0,4552000.0,-4682000.0,2021,2468000.0,-4514000.0,2021-12-31,2022-03-11
12572,RECRUSUL S.A.,7109000.0,-19736000.0,74091000.0,-12699000.0,0.0,58155000.0,1555000.0,-57892000.0,2022,19736000.0,-1555000.0,2022-12-31,2023-03-28
12572,RECRUSUL S.A.,-2297000.0,-2883000.0,56747000.0,-5174000.0,0.0,60626000.0,531000.0,-8829000.0,2023,2883000.0,-531000.0,2023-12-31,2024-03-15
12572,RECRUSUL S.A.,-14861000.0,-4858000.0,19854000.0,-19719000.0,0.0,46867000.0,5000.0,-3171000.0,2024,4858000.0,-5000.0,2024-12-31,2025-03-27
12572,RECRUSUL S.A.,-10369000.0,-6862000.0,1575000.0,-16965000.0,0.0,32671000.0,248000.0,-18827000.0,2025,6862000.0,-248000.0,2025-12-31,2026-04-01
24821,REDE D'OR SÃO LUIZ S.A.,2276982000.0,-1575101000.0,10914892000.0,1179618000.0,11846585000.0,19028904000.0,192008000.0,788822000.0,2018,1575101000.0,11654577000.0,2018-12-31,2020-11-15
24821,REDE D'OR SÃO LUIZ S.A.,2775852000.0,-2644182000.0,13319835000.0,1191517000.0,15406377000.0,26599665000.0,68684000.0,781971000.0,2019,2644182000.0,15337693000.0,2019-12-31,2020-11-16
24821,REDE D'OR SÃO LUIZ S.A.,1637226000.0,-9321851000.0,14029408000.0,459423000.0,23938537000.0,45657044000.0,146884000.0,-76949000.0,2020,9321851000.0,23791653000.0,2020-12-31,2021-02-24
24821,REDE D'OR SÃO LUIZ S.A.,3668367000.0,-7335189000.0,20381883000.0,1677735000.0,27629336000.0,52480620000.0,124621000.0,-121769000.0,2021,7335189000.0,27504715000.0,2021-12-31,2022-03-29
24821,REDE D'OR SÃO LUIZ S.A.,3898840000.0,-8256884000.0,22987443000.0,1262317000.0,32883225000.0,92490681000.0,1109796000.0,1318303000.0,2022,8256884000.0,31773429000.0,2022-12-31,2023-03-27
24821,REDE D'OR SÃO LUIZ S.A.,5565271000.0,-12332395000.0,46508558000.0,2113701000.0,34585949000.0,90342356000.0,3267408000.0,395912000.0,2023,12332395000.0,31318541000.0,2023-12-31,2024-03-26
24821,REDE D'OR SÃO LUIZ S.A.,7440430000.0,-10406911000.0,50571261000.0,3934120000.0,38870599000.0,102597882000.0,6570751000.0,6420407000.0,2024,10406911000.0,32299848000.0,2024-12-31,2025-03-10
24821,REDE D'OR SÃO LUIZ S.A.,9886202000.0,-15246242000.0,55725852000.0,4843623000.0,46234131000.0,106548532000.0,3705415000.0,538367000.0,2025,15246242000.0,42528716000.0,2025-12-31,2026-02-25
3190,REDE ENERGIA PARTICIPAÇÕES S.A.,3475000.0,-453491000.0,99723000.0,-129518000.0,1860799000.0,2788145000.0,52358000.0,61372000.0,2013,453491000.0,1808441000.0,2013-12-31,2014-11-21
3190,REDE ENERGIA PARTICIPAÇÕES S.A.,974691000.0,-837678000.0,4889415000.0,1717985000.0,2708127000.0,11915788000.0,356595000.0,185271000.0,2014,837678000.0,2351532000.0,2014-12-31,2015-03-31
3190,REDE ENERGIA PARTICIPAÇÕES S.A.,432763000.0,-906362000.0,8036332000.0,424888000.0,3732827000.0,12936780000.0,534452000.0,643821000.0,2015,906362000.0,3198375000.0,2015-12-31,2016-03-22
3190,REDE ENERGIA PARTICIPAÇÕES S.A.,629889000.0,-941581000.0,7739833000.0,204903000.0,3845373000.0,13926696000.0,449545000.0,1101079000.0,2016,941581000.0,3395828000.0,2016-12-31,2017-03-23
3190,REDE ENERGIA PARTICIPAÇÕES S.A.,727023000.0,-921241000.0,8977152000.0,116997000.0,4927042000.0,14925113000.0,389381000.0,678582000.0,2017,921241000.0,4537661000.0,2017-12-31,2018-03-15
3190,REDE ENERGIA PARTICIPAÇÕES S.A.,1181866000.0,-775330000.0,10069539000.0,577591000.0,6679063000.0,16514570000.0,147910000.0,675294000.0,2018,775330000.0,6531153000.0,2018-12-31,2019-03-21
3190,REDE ENERGIA PARTICIPAÇÕES S.A.,1662727000.0,-853293000.0,11198611000.0,984435000.0,7846483000.0,18710421000.0,240257000.0,1809580000.0,2019,853293000.0,7606226000.0,2019-12-31,2020-03-12
3190,REDE ENERGIA PARTICIPAÇÕES S.A.,1830272000.0,-620821000.0,11297925000.0,1227851000.0,9076612000.0,21653387000.0,749705000.0,3244309000.0,2020,620821000.0,8326907000.0,2020-12-31,2021-03-11
3190,REDE ENERGIA PARTICIPAÇÕES S.A.,3183602000.0,-1456349000.0,15610686000.0,2039722000.0,9828039000.0,24641840000.0,275772000.0,1038650000.0,2021,1456349000.0,9552267000.0,2021-12-31,2022-03-24
3190,REDE ENERGIA PARTICIPAÇÕES S.A.,3451540000.0,-1689614000.0,15119769000.0,2036123000.0,10947444000.0,25256054000.0,343498000.0,3818142000.0,2022,1689614000.0,10603946000.0,2022-12-31,2023-03-16
3190,REDE ENERGIA PARTICIPAÇÕES S.A.,4024292000.0,-1827296000.0,16131441000.0,2297216000.0,12447816000.0,27652729000.0,376132000.0,4231935000.0,2023,1827296000.0,12071684000.0,2023-12-31,2024-03-12
3190,REDE ENERGIA PARTICIPAÇÕES S.A.,3438041000.0,-1955206000.0,17884954000.0,2008005000.0,15745599000.0,30059241000.0,225695000.0,4014057000.0,2024,1955206000.0,15519904000.0,2024-12-31,2025-03-18
3190,REDE ENERGIA PARTICIPAÇÕES S.A.,3729186000.0,-2620036000.0,19392049000.0,1677899000.0,19049643000.0,32899734000.0,352971000.0,3591520000.0,2025,2620036000.0,18696672000.0,2025-12-31,2026-03-12
22128,REDENTOR ENERGIA S/A,74525000.0,-7000.0,0.0,71200000.0,0.0,490444000.0,8630000.0,33205000.0,2013,7000.0,-8630000.0,2013-12-31,2014-03-28
22128,REDENTOR ENERGIA S/A,85640000.0,-14000.0,0.0,86635000.0,0.0,503518000.0,738000.0,45615000.0,2014,14000.0,-738000.0,2014-12-31,2015-03-27
9989,REFINARIA DE PETROLEOS MANGUINHOS S.A.,-407080000.0,-58799000.0,115915000.0,-462847000.0,39060000.0,304512000.0,11000.0,-25000.0,2013,58799000.0,39049000.0,2013-12-31,2017-03-01
9989,REFINARIA DE PETROLEOS MANGUINHOS S.A.,-156082000.0,-32033000.0,238174000.0,-185444000.0,42352000.0,318362000.0,1370000.0,1222000.0,2014,32033000.0,40982000.0,2014-12-31,2017-03-01
9989,REFINARIA DE PETROLEOS MANGUINHOS S.A.,-296513000.0,-196967000.0,710127000.0,-482566000.0,46019000.0,368995000.0,726000.0,-636000.0,2015,196967000.0,45293000.0,2015-12-31,2017-08-18
9989,REFINARIA DE PETROLEOS MANGUINHOS S.A.,-582692000.0,-15168000.0,711544000.0,-565113000.0,47521000.0,640725000.0,-3000.0,942000.0,2016,15168000.0,47524000.0,2016-12-31,2017-04-24
9989,REFINARIA DE PETROLEOS MANGUINHOS S.A.,-288448000.0,-16751000.0,694505000.0,-236025000.0,41231000.0,1176464000.0,75000.0,11297000.0,2017,16751000.0,41156000.0,2017-12-31,2018-09-17
9989,REFINARIA DE PETROLEOS MANGUINHOS S.A.,-198059000.0,-32878000.0,1011894000.0,-177071000.0,11885000.0,1797759000.0,65000.0,84129000.0,2018,32878000.0,11820000.0,2018-12-31,2019-06-28
9989,REFINARIA DE PETROLEOS MANGUINHOS S.A.,-194951000.0,-41891000.0,1185113000.0,-228360000.0,0.0,2489899000.0,53000.0,40226000.0,2019,41891000.0,-53000.0,2019-12-31,2020-05-29
9989,REFINARIA DE PETROLEOS MANGUINHOS S.A.,-385818000.0,-38395000.0,1495594000.0,-412911000.0,0.0,3235804000.0,9000.0,36353000.0,2020,38395000.0,-9000.0,2020-12-31,2021-03-30
9989,REFINARIA DE PETROLEOS MANGUINHOS S.A.,-288956000.0,-72956000.0,2211159000.0,-361756000.0,0.0,4196772000.0,13000.0,40711000.0,2021,72956000.0,-13000.0,2021-12-31,2022-06-10
9989,REFINARIA DE PETROLEOS MANGUINHOS S.A.,-965602000.0,-74551000.0,4981609000.0,-935854000.0,2906000.0,5044804000.0,1011000.0,84835000.0,2022,74551000.0,1895000.0,2022-12-31,2023-07-28
9989,REFINARIA DE PETROLEOS MANGUINHOS S.A.,-1150312000.0,-63606000.0,5041332000.0,-979063000.0,3575000.0,5973871000.0,6000.0,56998000.0,2023,63606000.0,3569000.0,2023-12-31,2024-06-13
9989,REFINARIA DE PETROLEOS MANGUINHOS S.A.,-1273248000.0,-226377000.0,6983506000.0,-1041119000.0,235000.0,8693163000.0,93092000.0,156323000.0,2024,226377000.0,-92857000.0,2024-12-31,2025-03-31
21636,RENOVA ENERGIA S.A.,313712000.0,-291415000.0,93812000.0,30687000.0,1197465000.0,2280703000.0,354110000.0,-147777000.0,2021,291415000.0,843355000.0,2021-12-31,2022-03-28
21636,RENOVA ENERGIA S.A.,1002511000.0,-231495000.0,206403000.0,777120000.0,1000853000.0,2814419000.0,63773000.0,-233511000.0,2022,231495000.0,937080000.0,2022-12-31,2023-05-12
21636,RENOVA ENERGIA S.A.,200306000.0,-152875000.0,227838000.0,-9238000.0,1074626000.0,3076138000.0,17600000.0,3740000.0,2023,152875000.0,1057026000.0,2023-12-31,2024-03-28
21636,RENOVA ENERGIA S.A.,16816000.0,-151771000.0,259226000.0,-117069000.0,1144190000.0,3061346000.0,144216000.0,149537000.0,2024,151771000.0,999974000.0,2024-12-31,2025-03-28
21636,RENOVA ENERGIA S.A.,-2146000.0,-164245000.0,514958000.0,-162231000.0,737442000.0,3024583000.0,35730000.0,30496000.0,2025,164245000.0,701712000.0,2025-12-31,2026-03-31
21636,RENOVA ENERGIA S.A. - EM RECUPERAÇÃO JUDICIAL,88502000.0,-104687000.0,226011000.0,6271000.0,2390256000.0,3672179000.0,132598000.0,89288000.0,2013,104687000.0,2257658000.0,2013-12-31,2014-03-06
21636,RENOVA ENERGIA S.A. - EM RECUPERAÇÃO JUDICIAL,39744000.0,-113142000.0,302867000.0,-35723000.0,2845692000.0,5542242000.0,86599000.0,-47889000.0,2014,113142000.0,2759093000.0,2014-12-31,2015-03-04
21636,RENOVA ENERGIA S.A. - EM RECUPERAÇÃO JUDICIAL,470770000.0,-223186000.0,409830000.0,118192000.0,2372256000.0,6023461000.0,66147000.0,177282000.0,2015,223186000.0,2306109000.0,2015-12-31,2016-03-28
21636,RENOVA ENERGIA S.A. - EM RECUPERAÇÃO JUDICIAL,-752504000.0,-418771000.0,483137000.0,-1101472000.0,2808882000.0,5901136000.0,35786000.0,-133363000.0,2016,418771000.0,2773096000.0,2016-12-31,2017-03-22
21636,RENOVA ENERGIA S.A. - EM RECUPERAÇÃO JUDICIAL,-788310000.0,-470075000.0,734098000.0,-1139535000.0,1293338000.0,2929337000.0,24750000.0,-337965000.0,2017,470075000.0,1268588000.0,2017-12-31,2018-03-29
21636,RENOVA ENERGIA S.A. - EM RECUPERAÇÃO JUDICIAL,-534109000.0,-319578000.0,709795000.0,-856297000.0,412256000.0,2628385000.0,14929000.0,33328000.0,2018,319578000.0,397327000.0,2018-12-31,2019-03-27
21636,RENOVA ENERGIA S.A. - EM RECUPERAÇÃO JUDICIAL,-562596000.0,-447327000.0,98190000.0,-1014058000.0,1562298000.0,2290042000.0,4782000.0,18858000.0,2019,447327000.0,1557516000.0,2019-12-31,2020-08-28
21636,RENOVA ENERGIA S.A. - EM RECUPERAÇÃO JUDICIAL,-2772000.0,26439000.0,70497000.0,22434000.0,1463102000.0,2296932000.0,29374000.0,61487000.0,2020,26439000.0,1433728000.0,2020-12-31,2021-03-30
27650,REVEE S.A.,24944000.0,-149000.0,1134000.0,12042000.0,0.0,170973000.0,9941000.0,,2025,149000.0,-9941000.0,2025-12-31,2026-04-10
25720,RIO ALTO ENERGIAS RENOVÁVEIS S.A.,-4966000.0,-22923000.0,183000.0,-3838000.0,107412000.0,168293000.0,21155000.0,23457000.0,2020,22923000.0,86257000.0,2020-12-31,2021-03-01
25720,RIO ALTO ENERGIAS RENOVÁVEIS S.A.,-40589000.0,-15279000.0,2554000.0,-43209000.0,713544000.0,768323000.0,193350000.0,-74111000.0,2021,15279000.0,520194000.0,2021-12-31,2022-07-08
25720,RIO ALTO ENERGIAS RENOVÁVEIS S.A.,-29675000.0,-68574000.0,70022000.0,-87700000.0,1484455000.0,1645967000.0,404790000.0,80023000.0,2022,68574000.0,1079665000.0,2022-12-31,2023-12-21
25720,RIO ALTO ENERGIAS RENOVÁVEIS S.A.,-6759000.0,-124315000.0,127637000.0,-137206000.0,1948692000.0,1979632000.0,6538000.0,15456000.0,2023,124315000.0,1942154000.0,2023-12-31,2024-06-28
25720,RIO ALTO ENERGIAS RENOVÁVEIS S.A.,-188875000.0,-285448000.0,195994000.0,-450264000.0,2080747000.0,1966733000.0,6117000.0,130518000.0,2024,285448000.0,2074630000.0,2024-12-31,2025-04-07
25720,RIO ALTO ENERGIAS RENOVÁVEIS S.A.,-52380000.0,-303856000.0,139905000.0,-537416000.0,1307818000.0,1255588000.0,4346000.0,111935000.0,2025,303856000.0,1303472000.0,2025-12-31,2026-06-30
27006,RIO ALTO STL HOLDING I S.A.,-1261833.0,-37080.0,0.0,-337082.0,0.0,54380428.0,36567087.0,-1562465.0,2021,37080.0,-36567087.0,2021-12-31,2022-08-10
26298,RIO ENERGY PARTICIPAÇÕES S.A.,-985000.0,-6000.0,0.0,-981000.0,0.0,12463000.0,752000.0,403000.0,2020,6000.0,-752000.0,2020-12-31,2021-06-07
26298,RIO ENERGY PARTICIPAÇÕES S.A.,172826000.0,-274491000.0,466312000.0,-95186000.0,2666827000.0,3926321000.0,412384000.0,327315000.0,2021,274491000.0,2254443000.0,2021-12-31,2022-03-31
26298,RIO ENERGY PARTICIPAÇÕES S.A.,212461000.0,-349809000.0,519987000.0,-106343000.0,3082585000.0,4358086000.0,428396000.0,278925000.0,2022,349809000.0,2654189000.0,2022-12-31,2023-03-14
18368,RIO PARANAPANEMA ENERGIA S.A.,433410000.0,-218562000.0,1216220000.0,182647000.0,1458783000.0,4182588000.0,464069000.0,537503000.0,2015,218562000.0,994714000.0,2015-12-31,2016-03-28
18368,RIO PARANAPANEMA ENERGIA S.A.,645230000.0,-234633000.0,1333311000.0,361040000.0,1527751000.0,4388123000.0,852563000.0,771282000.0,2016,234633000.0,675188000.0,2016-12-31,2017-03-27
18368,RIO PARANAPANEMA ENERGIA S.A.,395953000.0,-168459000.0,1453347000.0,243881000.0,1487694000.0,4509694000.0,976841000.0,558322000.0,2017,168459000.0,510853000.0,2017-12-31,2018-03-15
18368,RIO PARANAPANEMA ENERGIA S.A.,489868000.0,-230720000.0,1318862000.0,255911000.0,1524034000.0,4470161000.0,991104000.0,371635000.0,2018,230720000.0,532930000.0,2018-12-31,2019-03-12
18368,RIO PARANAPANEMA ENERGIA S.A.,464324000.0,-204629000.0,1382480000.0,246390000.0,1372546000.0,4411784000.0,1121907000.0,647387000.0,2019,204629000.0,250639000.0,2019-12-31,2020-03-26
18368,RIO PARANAPANEMA ENERGIA S.A.,1392991000.0,-556796000.0,1451174000.0,701868000.0,1074801000.0,5720585000.0,1110250000.0,506086000.0,2020,556796000.0,-35449000.0,2020-12-31,2021-03-29
18368,RIO PARANAPANEMA ENERGIA S.A.,206138000.0,-299035000.0,1346811000.0,-8800000.0,1293195000.0,3964955000.0,185014000.0,-808856000.0,2021,299035000.0,1108181000.0,2021-12-31,2022-03-03
18368,RIO PARANAPANEMA ENERGIA S.A.,479925000.0,-200176000.0,1369443000.0,243225000.0,979230000.0,3716951000.0,220928000.0,457456000.0,2022,200176000.0,758302000.0,2022-12-31,2023-03-14
18368,RIO PARANAPANEMA ENERGIA S.A.,494677000.0,-128955000.0,1391868000.0,341617000.0,0.0,0.0,0.0,550585000.0,2023,128955000.0,0.0,2023-12-31,2024-02-29
18368,RIO PARANAPANEMA ENERGIA S.A.,0.0,0.0,0.0,0.0,0.0,0.0,0.0,0.0,2024,0.0,0.0,2024-12-31,2025-02-27
18368,RIO PARANAPANEMA ENERGIA S.A.,0.0,0.0,0.0,0.0,0.0,0.0,0.0,0.0,2025,0.0,0.0,2025-12-31,2026-04-09
24996,RIVA INCORPORADORA S.A,-658000.0,-786000.0,102483000.0,-3321000.0,246000.0,230514000.0,7848000.0,21593000.0,2020,786000.0,-7602000.0,2020-12-31,2021-03-23
24996,RIVA INCORPORADORA S.A,12905000.0,-5981000.0,135787000.0,6777000.0,62392000.0,1192176000.0,72613000.0,-107944000.0,2021,5981000.0,-10221000.0,2021-12-31,2022-03-16
24996,RIVA INCORPORADORA S.A,110862000.0,-9092000.0,422787000.0,99105000.0,28450000.0,1475793000.0,76701000.0,26719000.0,2022,9092000.0,-48251000.0,2022-12-31,2023-03-21
22330,RJ CAPITAL PARTNERS S.A.,-1595620.0,-70753.0,0.0,-1617962.0,28621.0,18122292.0,7637.0,,2014,70753.0,20984.0,2014-12-31,2016-10-28
22330,RJ CAPITAL PARTNERS S.A.,-95811.0,-135.0,0.0,-95946.0,28621.0,18112219.0,6757.0,,2015,135.0,21864.0,2015-12-31,2017-02-23
20451,RNI NEGÓCIOS IMOBILIÁRIOS S.A.,158087000.0,-55818000.0,753544000.0,129787000.0,777741000.0,2156964000.0,468393000.0,250752000.0,2013,55818000.0,309348000.0,2013-12-31,2014-03-20
20451,RNI NEGÓCIOS IMOBILIÁRIOS S.A.,79979000.0,-49974000.0,714750000.0,77487000.0,588834000.0,1975190000.0,392510000.0,96368000.0,2014,49974000.0,196324000.0,2014-12-31,2015-03-19
20451,RNI NEGÓCIOS IMOBILIÁRIOS S.A.,6870000.0,-58978000.0,557327000.0,10030000.0,584086000.0,1705574000.0,284919000.0,-860000.0,2015,58978000.0,299167000.0,2015-12-31,2016-03-17
20451,RNI NEGÓCIOS IMOBILIÁRIOS S.A.,-67809000.0,-52588000.0,385984000.0,-75271000.0,625099000.0,1578022000.0,199814000.0,-53256000.0,2016,52588000.0,425285000.0,2016-12-31,2017-03-16
20451,RNI NEGÓCIOS IMOBILIÁRIOS S.A.,-34159000.0,-29395000.0,182606000.0,-27139000.0,317559000.0,1191637000.0,90604000.0,-11040000.0,2018,29395000.0,226955000.0,2018-12-31,2019-03-14
20451,RNI NEGÓCIOS IMOBILIÁRIOS S.A.,8509000.0,-31073000.0,319768000.0,1258000.0,408639000.0,1446538000.0,105927000.0,-63285000.0,2019,31073000.0,302712000.0,2019-12-31,2020-03-11
20451,RNI NEGÓCIOS IMOBILIÁRIOS S.A.,12182000.0,-39396000.0,316765000.0,4322000.0,430861000.0,1579829000.0,64377000.0,-127537000.0,2020,39396000.0,366484000.0,2020-12-31,2021-03-12
20451,RNI NEGÓCIOS IMOBILIÁRIOS S.A.,19821000.0,-35910000.0,473400000.0,14887000.0,528677000.0,1936890000.0,57450000.0,-105036000.0,2021,35910000.0,471227000.0,2021-12-31,2022-03-09
20451,RNI NEGÓCIOS IMOBILIÁRIOS S.A.,49486000.0,-74569000.0,667091000.0,31688000.0,650259000.0,2211773000.0,70556000.0,-150287000.0,2022,74569000.0,579703000.0,2022-12-31,2023-09-20
20451,RNI NEGÓCIOS IMOBILIÁRIOS S.A.,-113363000.0,-101081000.0,400798000.0,-194992000.0,643029000.0,1924679000.0,87294000.0,-205150000.0,2023,101081000.0,555735000.0,2023-12-31,2024-03-20
20451,RNI NEGÓCIOS IMOBILIÁRIOS S.A.,-50104000.0,-75440000.0,541312000.0,-136661000.0,581903000.0,1613887000.0,41626000.0,-116610000.0,2024,75440000.0,540277000.0,2024-12-31,2025-03-12
20451,RNI NEGÓCIOS IMOBILIÁRIOS S.A.,-130064000.0,-78428000.0,349314000.0,-199612000.0,492037000.0,1047916000.0,20894000.0,-35229000.0,2025,78428000.0,471143000.0,2025-12-31,2026-03-18
25801,RODOBENS SA,272870000.0,-214116000.0,3669919000.0,226317000.0,369359000.0,5093542000.0,325038000.0,158905000.0,2020,214116000.0,44321000.0,2020-12-31,2021-02-14
25801,RODOBENS SA,639916000.0,-142735000.0,5368105000.0,471277000.0,319985000.0,6226727000.0,248014000.0,452932000.0,2021,142735000.0,71971000.0,2021-12-31,2022-03-15
25801,RODOBENS SA,597369000.0,-103978000.0,6254537000.0,501206000.0,292833000.0,7002807000.0,378081000.0,345457000.0,2022,103978000.0,-85248000.0,2022-12-31,2023-03-20
25801,RODOBENS SA,467793000.0,-68572000.0,5615807000.0,508023000.0,158715000.0,7251377000.0,275056000.0,285910000.0,2023,68572000.0,-116341000.0,2023-12-31,2024-03-20
25801,RODOBENS SA,357925000.0,-58033000.0,5427362000.0,335107000.0,89178000.0,7321301000.0,500277000.0,480163000.0,2024,58033000.0,-411099000.0,2024-12-31,2025-03-26
25801,RODOBENS SA,370815000.0,-88067000.0,5645722000.0,373359000.0,265117000.0,7510788000.0,403124000.0,-7641000.0,2025,88067000.0,-138007000.0,2025-12-31,2026-03-27
26352,RODOVIAS DO BRASIL HOLDING S.A.,446775000.0,-507030000.0,1131223000.0,-20651000.0,3625701000.0,4126390000.0,164001000.0,462816000.0,2022,507030000.0,3461700000.0,2022-12-31,2023-03-31
26352,RODOVIAS DO BRASIL HOLDING S.A.,610264000.0,-518651000.0,1262232000.0,113956000.0,3905672000.0,4525711000.0,232524000.0,464638000.0,2023,518651000.0,3673148000.0,2023-12-31,2024-03-27
26352,RODOVIAS DO BRASIL HOLDING S.A.,705371000.0,-515534000.0,1336565000.0,192884000.0,4004493000.0,4666712000.0,205775000.0,421954000.0,2024,515534000.0,3798718000.0,2024-12-31,2025-03-24
26352,RODOVIAS DO BRASIL HOLDING S.A.,783812000.0,-580746000.0,1371224000.0,230486000.0,3633034000.0,4502084000.0,406457000.0,350988000.0,2025,580746000.0,3226577000.0,2025-12-31,2026-03-31
7510,ROMI S.A.,30277000.0,-14808000.0,667423000.0,1842000.0,585576000.0,1421130000.0,107232000.0,324531000.0,2013,14808000.0,478344000.0,2013-12-31,2014-02-11
7510,ROMI S.A.,9583000.0,-11655000.0,648611000.0,7670000.0,498398000.0,1288996000.0,145580000.0,184005000.0,2014,11655000.0,352818000.0,2014-12-31,2015-02-10
7510,ROMI S.A.,-2042000.0,-8315000.0,606632000.0,7346000.0,391551000.0,1219716000.0,144581000.0,159315000.0,2015,8315000.0,246970000.0,2015-12-31,2016-02-16
7510,ROMI S.A.,-44434000.0,-24556000.0,586917000.0,-39469000.0,329903000.0,1084120000.0,122341000.0,85180000.0,2016,24556000.0,207562000.0,2016-12-31,2017-02-07
7510,ROMI S.A.,51265000.0,-11994000.0,672873000.0,37954000.0,249469000.0,1075423000.0,119352000.0,123070000.0,2017,11994000.0,130117000.0,2017-12-31,2018-02-08
7510,ROMI S.A.,46048000.0,-2619000.0,743462000.0,84250000.0,313589000.0,1242087000.0,100917000.0,-295000.0,2018,2619000.0,212672000.0,2018-12-31,2019-02-12
7510,ROMI S.A.,104493000.0,-8342000.0,765506000.0,129910000.0,349478000.0,1367241000.0,147807000.0,116056000.0,2019,8342000.0,201671000.0,2019-12-31,2020-02-11
7510,ROMI S.A.,106868000.0,-11772000.0,973150000.0,174699000.0,536504000.0,1746708000.0,195418000.0,145634000.0,2020,11772000.0,341086000.0,2020-12-31,2021-02-09
7510,ROMI S.A.,211548000.0,-14000000.0,1383499000.0,204148000.0,582165000.0,1954520000.0,99911000.0,41657000.0,2021,14000000.0,482254000.0,2021-12-31,2022-02-09
7510,ROMI S.A.,271138000.0,-16751000.0,1592302000.0,216096000.0,721014000.0,2244933000.0,131999000.0,111069000.0,2022,16751000.0,589015000.0,2022-12-31,2023-01-31
7510,ROMI S.A.,173167000.0,-26038000.0,1227247000.0,164587000.0,785181000.0,2282042000.0,282418000.0,154330000.0,2023,26038000.0,502763000.0,2023-12-31,2024-01-30
7510,ROMI S.A.,112620000.0,-25599000.0,1220011000.0,114964000.0,855484000.0,2546623000.0,262220000.0,203988000.0,2024,25599000.0,593264000.0,2024-12-31,2025-02-14
7510,ROMI S.A.,93423000.0,-28124000.0,1326712000.0,86170000.0,1021466000.0,2759061000.0,376534000.0,178239000.0,2025,28124000.0,644932000.0,2025-12-31,2026-02-04
16306,ROSSI RESIDENCIAL S.A. - EM RECUPERAÇÃO JUDICIAL,194936000.0,-214327000.0,2132780000.0,60559000.0,3118786000.0,7592893000.0,367149000.0,-336093000.0,2013,214327000.0,2751637000.0,2013-12-31,2014-03-27
16306,ROSSI RESIDENCIAL S.A. - EM RECUPERAÇÃO JUDICIAL,-354213000.0,-296262000.0,1617041000.0,-608812000.0,2426745000.0,6791026000.0,278709000.0,333505000.0,2014,296262000.0,2148036000.0,2014-12-31,2015-03-19
16306,ROSSI RESIDENCIAL S.A. - EM RECUPERAÇÃO JUDICIAL,-333285000.0,-273355000.0,1226141000.0,-551171000.0,1925424000.0,5260789000.0,146220000.0,205533000.0,2015,273355000.0,1779204000.0,2015-12-31,2016-03-30
16306,ROSSI RESIDENCIAL S.A. - EM RECUPERAÇÃO JUDICIAL,-312139000.0,-253656000.0,538002000.0,-528492000.0,2042381000.0,4817364000.0,45883000.0,-212872000.0,2016,253656000.0,1996498000.0,2016-12-31,2017-03-23
16306,ROSSI RESIDENCIAL S.A. - EM RECUPERAÇÃO JUDICIAL,-435807000.0,-256096000.0,326028000.0,-350753000.0,1754819000.0,3840053000.0,29572000.0,37529000.0,2017,256096000.0,1725247000.0,2017-12-31,2018-03-26
16306,ROSSI RESIDENCIAL S.A. - EM RECUPERAÇÃO JUDICIAL,-438435000.0,-179030000.0,148724000.0,-607067000.0,1604295000.0,2542246000.0,47369000.0,94191000.0,2018,179030000.0,1556926000.0,2018-12-31,2019-03-27
16306,ROSSI RESIDENCIAL S.A. - EM RECUPERAÇÃO JUDICIAL,-296167000.0,-155719000.0,60789000.0,-311364000.0,1463297000.0,2026107000.0,25375000.0,88559000.0,2019,155719000.0,1437922000.0,2019-12-31,2020-03-18
16306,ROSSI RESIDENCIAL S.A. - EM RECUPERAÇÃO JUDICIAL,-380453000.0,-141756000.0,76159000.0,-8916000.0,882758000.0,1632496000.0,24773000.0,-1047000.0,2020,141756000.0,857985000.0,2020-12-31,2021-03-17
16306,ROSSI RESIDENCIAL S.A. - EM RECUPERAÇÃO JUDICIAL,-270085000.0,-129718000.0,59416000.0,-188871000.0,602950000.0,1266760000.0,7510000.0,-21896000.0,2021,129718000.0,595440000.0,2021-12-31,2022-03-16
16306,ROSSI RESIDENCIAL S.A. - EM RECUPERAÇÃO JUDICIAL,-362817000.0,-94180000.0,-37403000.0,-442044000.0,591273000.0,673696000.0,3143000.0,29507000.0,2022,94180000.0,588130000.0,2022-12-31,2023-09-29
16306,ROSSI RESIDENCIAL S.A. - EM RECUPERAÇÃO JUDICIAL,-352989000.0,-103254000.0,9917000.0,254703000.0,308144000.0,542480000.0,1842000.0,8388000.0,2023,103254000.0,306302000.0,2023-12-31,2024-06-24
16306,ROSSI RESIDENCIAL S.A. - EM RECUPERAÇÃO JUDICIAL,66696000.0,-160886000.0,146362000.0,85990000.0,389045000.0,458067000.0,2175000.0,25025000.0,2024,160886000.0,386870000.0,2024-12-31,2026-03-26
23450,RUMO LOGÍSTICA OPERADORA MULTIMODAL S.A.,206689000.0,-67647000.0,915441000.0,114679000.0,784709000.0,2583844000.0,85475000.0,73141000.0,2014,67647000.0,699234000.0,2014-12-31,2015-03-03
23450,RUMO LOGÍSTICA OPERADORA MULTIMODAL S.A.,1051477000.0,-1451343000.0,4037923000.0,-165338000.0,8585176000.0,21562650000.0,72988000.0,1503356000.0,2015,1451343000.0,8512188000.0,2015-12-31,2016-02-25
17450,RUMO S.A.,1212883000.0,-1217958000.0,3641426000.0,27978000.0,6972308000.0,18881716000.0,2917636000.0,876566000.0,2013,1217958000.0,4054672000.0,2013-12-31,2014-02-26
17450,RUMO S.A.,-729330000.0,-1516926000.0,3666224000.0,-2017881000.0,6793052000.0,15714173000.0,1327122000.0,377954000.0,2014,1516926000.0,5465930000.0,2014-12-31,2016-03-01
17450,RUMO S.A.,-18242000.0,-1350445000.0,4148816000.0,-1190878000.0,5675752000.0,15116936000.0,35832000.0,1339462000.0,2015,1350445000.0,5639920000.0,2015-12-31,2016-03-30
17450,RUMO S.A.,287740000.0,-1694171000.0,4311713000.0,-1052572000.0,8523175000.0,23031314000.0,260527000.0,1212750000.0,2016,1694171000.0,8262648000.0,2016-12-31,2017-02-20
17450,RUMO S.A.,1415339000.0,-2023845000.0,5946349000.0,-258438000.0,9670946000.0,26229516000.0,178004000.0,2311248000.0,2017,2023845000.0,9492942000.0,2017-12-31,2018-02-27
17450,RUMO S.A.,1750743000.0,-2186188000.0,6584936000.0,272967000.0,10594381000.0,27134113000.0,141527000.0,2704713000.0,2018,2186188000.0,10452854000.0,2018-12-31,2019-02-13
17450,RUMO S.A.,2113246000.0,-2077027000.0,7087840000.0,785871000.0,11719737000.0,32832664000.0,1963014000.0,3524802000.0,2019,2077027000.0,9756723000.0,2019-12-31,2020-02-13
17450,RUMO S.A.,1948481000.0,-3471767000.0,6966159000.0,304675000.0,19912038000.0,45908371000.0,7778606000.0,2906270000.0,2020,3471767000.0,12133432000.0,2020-12-31,2021-06-01
17450,RUMO S.A.,1519734000.0,-2712877000.0,7439632000.0,155741000.0,21178748000.0,48174554000.0,9448193000.0,3340015000.0,2021,2712877000.0,11730555000.0,2021-12-31,2022-02-17
17450,RUMO S.A.,3036172000.0,-2531233000.0,9841508000.0,514021000.0,16758088000.0,45951745000.0,7385421000.0,4830993000.0,2022,2531233000.0,9372667000.0,2022-12-31,2023-02-15
17450,RUMO S.A.,3474474000.0,-3252834000.0,10937716000.0,721917000.0,18964841000.0,49238436000.0,7233993000.0,5450996000.0,2023,3252834000.0,11730848000.0,2023-12-31,2024-03-27
17450,RUMO S.A.,2429087000.0,-4698094000.0,13936389000.0,-949242000.0,19123218000.0,50593023000.0,7461618000.0,7664727000.0,2024,4698094000.0,11661600000.0,2024-12-31,2025-02-20
17450,RUMO S.A.,4579664000.0,-2595050000.0,13847776000.0,865125000.0,23123837000.0,53783092000.0,7018132000.0,7141811000.0,2025,2595050000.0,16105705000.0,2025-12-31,2026-03-04
24490,SABER SERVIÇOS EDUCACIONAIS S.A.,-60357000.0,-212290000.0,621712000.0,-119582000.0,7611425000.0,12621512000.0,1219153000.0,-63937000.0,2018,212290000.0,6392272000.0,2018-12-31,2019-06-21
24490,SABER SERVIÇOS EDUCACIONAIS S.A.,369780000.0,-729579000.0,2151018000.0,-253148000.0,643000.0,7610252000.0,61141000.0,-493603000.0,2019,729579000.0,-60498000.0,2019-12-31,2020-06-05
24490,SABER SERVIÇOS EDUCACIONAIS S.A.,-405247000.0,-67008000.0,610502000.0,-2897953000.0,0.0,5173261000.0,256069000.0,318586000.0,2020,67008000.0,-256069000.0,2020-12-31,2021-04-19
24490,SABER SERVIÇOS EDUCACIONAIS S.A.,205561000.0,-59383000.0,639139000.0,175143000.0,0.0,3855535000.0,75079000.0,196709000.0,2021,59383000.0,-75079000.0,2021-12-31,2022-03-31
24490,SABER SERVIÇOS EDUCACIONAIS S.A.,3532000.0,-106965000.0,517350000.0,52085000.0,0.0,2770537000.0,66987000.0,-59040000.0,2022,106965000.0,-66987000.0,2022-12-31,2023-03-23
24490,SABER SERVIÇOS EDUCACIONAIS S.A.,233063000.0,-121826000.0,728413000.0,339111000.0,0.0,2571124000.0,33341000.0,325376000.0,2023,121826000.0,-33341000.0,2023-12-31,2024-03-28
27138,SAFIRA HOLDING S.A.,25771000.0,-2434000.0,999284000.0,16381000.0,21583000.0,304841000.0,15300000.0,5075000.0,2021,2434000.0,6283000.0,2021-12-31,2022-11-11
27138,SAFIRA HOLDING S.A.,36275000.0,-4944000.0,671499000.0,22094000.0,35734000.0,583433000.0,16767000.0,22637000.0,2022,4944000.0,18967000.0,2022-12-31,2023-03-31
27138,SAFIRA HOLDING S.A.,34912000.0,-3854000.0,845831000.0,23063000.0,51804000.0,515618000.0,22174000.0,22943000.0,2023,3854000.0,29630000.0,2023-12-31,2024-03-27
12696,SANSUY S.A. INDUSTRIA DE PLASTICOS,-20188000.0,-49292000.0,449127000.0,-66069000.0,55531000.0,421613000.0,12499000.0,30272000.0,2013,49292000.0,43032000.0,2013-12-31,2014-03-28
12696,SANSUY S.A. INDUSTRIA DE PLASTICOS,-42503000.0,-68000000.0,442462000.0,-105686000.0,61573000.0,435789000.0,6568000.0,18898000.0,2014,68000000.0,55005000.0,2014-12-31,2015-03-27
12696,SANSUY S.A. INDUSTRIA DE PLASTICOS,-58350000.0,-86086000.0,417444000.0,-139197000.0,69059000.0,427172000.0,9686000.0,9290000.0,2015,86086000.0,59373000.0,2015-12-31,2016-02-26
12696,SANSUY S.A. INDUSTRIA DE PLASTICOS,-60323000.0,-86765000.0,353124000.0,-140902000.0,65267000.0,407681000.0,5534000.0,13040000.0,2016,86765000.0,59733000.0,2016-12-31,2017-02-24
12696,SANSUY S.A. INDUSTRIA DE PLASTICOS,-84443000.0,-84027000.0,385405000.0,-163632000.0,68009000.0,387859000.0,4504000.0,10689000.0,2017,84027000.0,63505000.0,2017-12-31,2018-02-23
12696,SANSUY S.A. INDUSTRIA DE PLASTICOS,-81182000.0,-78102000.0,423156000.0,-155902000.0,85414000.0,371337000.0,6441000.0,2778000.0,2018,78102000.0,78973000.0,2018-12-31,2019-04-16
12696,SANSUY S.A. INDUSTRIA DE PLASTICOS,-100935000.0,-92699000.0,455875000.0,-184955000.0,97180000.0,378891000.0,13022000.0,17895000.0,2019,92699000.0,84158000.0,2019-12-31,2020-03-27
12696,SANSUY S.A. INDUSTRIA DE PLASTICOS,-50592000.0,-92596000.0,511424000.0,-140567000.0,123932000.0,399452000.0,9778000.0,3303000.0,2020,92596000.0,114154000.0,2020-12-31,2021-03-26
12696,SANSUY S.A. INDUSTRIA DE PLASTICOS,-6507000.0,-114788000.0,744692000.0,-114498000.0,126390000.0,449897000.0,10589000.0,34652000.0,2021,114788000.0,115801000.0,2021-12-31,2022-02-25
12696,SANSUY S.A. INDUSTRIA DE PLASTICOS,-11152000.0,-288537000.0,833187000.0,-290768000.0,128436000.0,449836000.0,7172000.0,33627000.0,2022,288537000.0,121264000.0,2022-12-31,2023-03-28
12696,SANSUY S.A. INDUSTRIA DE PLASTICOS,63502000.0,-206602000.0,886754000.0,-137582000.0,155384000.0,504147000.0,7486000.0,37525000.0,2023,206602000.0,147898000.0,2023-12-31,2024-02-20
12696,SANSUY S.A. INDUSTRIA DE PLASTICOS,297034000.0,-320877000.0,944820000.0,-21253000.0,206047000.0,551164000.0,21893000.0,27050000.0,2024,320877000.0,184154000.0,2024-12-31,2025-02-28
12696,SANSUY S.A. INDUSTRIA DE PLASTICOS,-24048000.0,-265703000.0,975914000.0,-284204000.0,266010000.0,570135000.0,10674000.0,26016000.0,2025,265703000.0,255336000.0,2025-12-31,2026-03-02
17892,SANTOS BRASIL PARTICIPACOES S.A.,392421000.0,-71951000.0,1377354000.0,255060000.0,321694000.0,2206630000.0,122987000.0,410813000.0,2013,71951000.0,198707000.0,2013-12-31,2014-02-10
17892,SANTOS BRASIL PARTICIPACOES S.A.,152664000.0,-60278000.0,1003545000.0,91559000.0,357949000.0,2162126000.0,218409000.0,264717000.0,2014,60278000.0,139540000.0,2014-12-31,2015-02-09
17892,SANTOS BRASIL PARTICIPACOES S.A.,15024000.0,-81907000.0,964320000.0,-18129000.0,339548000.0,2018451000.0,226115000.0,167557000.0,2015,81907000.0,113433000.0,2015-12-31,2016-03-09
17892,SANTOS BRASIL PARTICIPACOES S.A.,-8633000.0,-49711000.0,834101000.0,-19910000.0,229834000.0,1893843000.0,192557000.0,121738000.0,2016,49711000.0,37277000.0,2016-12-31,2017-02-15
17892,SANTOS BRASIL PARTICIPACOES S.A.,31590000.0,-85959000.0,824052000.0,-5321000.0,233098000.0,2764690000.0,270731000.0,107589000.0,2017,85959000.0,-37633000.0,2017-12-31,2018-06-18
17892,SANTOS BRASIL PARTICIPACOES S.A.,65369000.0,-82434000.0,921515000.0,2979000.0,227395000.0,2858331000.0,253663000.0,75226000.0,2018,82434000.0,-26268000.0,2018-12-31,2019-02-21
17892,SANTOS BRASIL PARTICIPACOES S.A.,85985000.0,-98444000.0,972594000.0,15375000.0,436396000.0,3196122000.0,266376000.0,98902000.0,2019,98444000.0,170020000.0,2019-12-31,2020-03-05
17892,SANTOS BRASIL PARTICIPACOES S.A.,59531000.0,-88639000.0,929563000.0,-13761000.0,433194000.0,4229264000.0,643861000.0,146291000.0,2020,88639000.0,-210667000.0,2020-12-31,2021-03-08
17892,SANTOS BRASIL PARTICIPACOES S.A.,376753000.0,-78500000.0,1534229000.0,271732000.0,393235000.0,4752317000.0,823340000.0,386688000.0,2021,78500000.0,-430105000.0,2021-12-31,2022-03-10
17892,SANTOS BRASIL PARTICIPACOES S.A.,602802000.0,-160832000.0,1931841000.0,429450000.0,335067000.0,4348678000.0,614631000.0,733837000.0,2022,160832000.0,-279564000.0,2022-12-31,2023-11-29
17892,SANTOS BRASIL PARTICIPACOES S.A.,779078000.0,-161140000.0,2134925000.0,504304000.0,423886000.0,4707845000.0,367481000.0,798866000.0,2023,161140000.0,56405000.0,2023-12-31,2024-03-20
17892,SANTOS BRASIL PARTICIPACOES S.A.,1207280000.0,-263544000.0,2903016000.0,741966000.0,2725880000.0,5541642000.0,730094000.0,1403022000.0,2024,263544000.0,1995786000.0,2024-12-31,2025-02-20
17892,SANTOS BRASIL PARTICIPACOES S.A.,1676068000.0,-465280000.0,3627414000.0,871664000.0,2711664000.0,5906097000.0,735017000.0,1631753000.0,2025,465280000.0,1976647000.0,2025-12-31,2026-03-12
13781,SAO CARLOS EMPREEND E PARTICIPACOES S.A.,407096000.0,-110004000.0,644069000.0,249219000.0,1101611000.0,2266398000.0,343869000.0,174985000.0,2013,110004000.0,757742000.0,2013-12-31,2014-03-13
13781,SAO CARLOS EMPREEND E PARTICIPACOES S.A.,228204000.0,-111363000.0,305326000.0,121287000.0,1176522000.0,2429894000.0,276531000.0,230103000.0,2014,111363000.0,899991000.0,2014-12-31,2015-03-05
13781,SAO CARLOS EMPREEND E PARTICIPACOES S.A.,340135000.0,-188141000.0,477209000.0,163376000.0,1725587000.0,3058115000.0,147107000.0,180070000.0,2015,188141000.0,1578480000.0,2015-12-31,2016-03-09
13781,SAO CARLOS EMPREEND E PARTICIPACOES S.A.,298607000.0,-203782000.0,450238000.0,76866000.0,1658867000.0,3056224000.0,57089000.0,29353000.0,2016,203782000.0,1601778000.0,2016-12-31,2017-03-08
13781,SAO CARLOS EMPREEND E PARTICIPACOES S.A.,298901000.0,-163882000.0,552424000.0,120117000.0,1498001000.0,2985242000.0,62027000.0,17452000.0,2017,163882000.0,1435974000.0,2017-12-31,2018-03-08
13781,SAO CARLOS EMPREEND E PARTICIPACOES S.A.,151247000.0,-134365000.0,369220000.0,17035000.0,1238359000.0,2723444000.0,9509000.0,38466000.0,2018,134365000.0,1228850000.0,2018-12-31,2019-03-11
13781,SAO CARLOS EMPREEND E PARTICIPACOES S.A.,211280000.0,-121177000.0,372375000.0,86919000.0,1417052000.0,2956464000.0,56337000.0,17834000.0,2019,121177000.0,1360715000.0,2019-12-31,2020-03-05
13781,SAO CARLOS EMPREEND E PARTICIPACOES S.A.,219680000.0,-100086000.0,339364000.0,88865000.0,1438629000.0,3075269000.0,413228000.0,69777000.0,2020,100086000.0,1025401000.0,2020-12-31,2021-03-04
13781,SAO CARLOS EMPREEND E PARTICIPACOES S.A.,155743000.0,-114616000.0,288062000.0,34400000.0,1801903000.0,3459214000.0,22068000.0,119384000.0,2021,114616000.0,1779835000.0,2021-12-31,2022-02-23
13781,SAO CARLOS EMPREEND E PARTICIPACOES S.A.,149947000.0,-231524000.0,385143000.0,-82926000.0,1945061000.0,3519439000.0,18439000.0,-44383000.0,2022,231524000.0,1926622000.0,2022-12-31,2024-03-04
13781,SAO CARLOS EMPREEND E PARTICIPACOES S.A.,551983000.0,-265196000.0,1400006000.0,303685000.0,1556248000.0,3564533000.0,126672000.0,-7843000.0,2023,265196000.0,1429576000.0,2023-12-31,2024-03-13
13781,SAO CARLOS EMPREEND E PARTICIPACOES S.A.,90493000.0,-162842000.0,508888000.0,-32922000.0,1162915000.0,2873684000.0,7292000.0,-108849000.0,2024,162842000.0,1155623000.0,2024-12-31,2025-04-22
13781,SAO CARLOS EMPREEND E PARTICIPACOES S.A.,78523000.0,-172705000.0,299829000.0,-48442000.0,1025909000.0,3034606000.0,1039000.0,-61429000.0,2025,172705000.0,1024870000.0,2025-12-31,2026-03-12
9415,SAO PAULO TURISMO S.A.,-11560000.0,-7558000.0,194579000.0,-13769000.0,0.0,363266000.0,31177000.0,-3887000.0,2015,7558000.0,-31177000.0,2015-12-31,2016-03-30
10472,SARAIVA LIVREIROS S.A. - EM RECUPERAÇÃO JUDICIAL,49124000.0,-44511000.0,2143751000.0,13021000.0,445684000.0,1326029000.0,23086000.0,-22518000.0,2013,44511000.0,422598000.0,2013-12-31,2014-03-20
10472,SARAIVA LIVREIROS S.A. - EM RECUPERAÇÃO JUDICIAL,67792000.0,-81315000.0,2275315000.0,5747000.0,801243000.0,1871799000.0,275019000.0,51231000.0,2014,81315000.0,526224000.0,2014-12-31,2015-03-19
10472,SARAIVA LIVREIROS S.A. - EM RECUPERAÇÃO JUDICIAL,-99844000.0,-101039000.0,1772815000.0,93714000.0,675888000.0,1750734000.0,126503000.0,-37199000.0,2015,101039000.0,549385000.0,2015-12-31,2016-03-29
10472,SARAIVA LIVREIROS S.A. - EM RECUPERAÇÃO JUDICIAL,-4772000.0,-142699000.0,1737563000.0,-49823000.0,343222000.0,1333877000.0,125290000.0,252458000.0,2016,142699000.0,217932000.0,2016-12-31,2017-03-28
10472,SARAIVA LIVREIROS S.A. - EM RECUPERAÇÃO JUDICIAL,-19075000.0,-55808000.0,1724886000.0,-52012000.0,317667000.0,1399185000.0,68943000.0,36636000.0,2017,55808000.0,248724000.0,2017-12-31,2018-03-14
10472,SARAIVA LIVREIROS S.A. - EM RECUPERAÇÃO JUDICIAL,-205673000.0,-68719000.0,1445422000.0,-301754000.0,172871000.0,978674000.0,95423000.0,276797000.0,2018,68719000.0,77448000.0,2018-12-31,2019-03-28
10472,SARAIVA LIVREIROS S.A. - EM RECUPERAÇÃO JUDICIAL,-503281000.0,-66539000.0,669658000.0,-318072000.0,483913000.0,852189000.0,20464000.0,25268000.0,2019,66539000.0,463449000.0,2019-12-31,2020-03-30
10472,SARAIVA LIVREIROS S.A. - EM RECUPERAÇÃO JUDICIAL,-382421000.0,-34198000.0,246325000.0,-419628000.0,276677000.0,333193000.0,28603000.0,3935000.0,2020,34198000.0,248074000.0,2020-12-31,2021-03-30
10472,SARAIVA LIVREIROS S.A. - EM RECUPERAÇÃO JUDICIAL,8674000.0,-37204000.0,88883000.0,46199000.0,261879000.0,246655000.0,8022000.0,-19986000.0,2021,37204000.0,253857000.0,2021-12-31,2022-03-28
10472,SARAIVA LIVREIROS S.A. - EM RECUPERAÇÃO JUDICIAL,189368000.0,-107018000.0,86582000.0,115773000.0,70378000.0,107602000.0,1904000.0,18468000.0,2022,107018000.0,68474000.0,2022-12-31,2023-03-27
25410,SBF COMÉRCIO DE PRODUTOS ESPORTIVOS S.A.,672154000.0,-162672000.0,4429744000.0,505082000.0,1179542000.0,5236702000.0,104945000.0,-126444000.0,2019,162672000.0,1074597000.0,2019-12-31,2020-09-22
25410,SBF COMÉRCIO DE PRODUTOS ESPORTIVOS S.A.,-110323000.0,-194413000.0,3578582000.0,-112225000.0,1784957000.0,6754531000.0,167964000.0,206469000.0,2020,194413000.0,1616993000.0,2020-12-31,2021-03-30
25410,SBF COMÉRCIO DE PRODUTOS ESPORTIVOS S.A.,194583000.0,-235554000.0,4754898000.0,80310000.0,2239880000.0,5637573000.0,234791000.0,90562000.0,2021,235554000.0,2005089000.0,2021-12-31,2022-03-29
25410,SBF COMÉRCIO DE PRODUTOS ESPORTIVOS S.A.,170118000.0,-320365000.0,6185094000.0,40170000.0,2737517000.0,10026057000.0,373384000.0,458365000.0,2022,320365000.0,2364133000.0,2022-12-31,2023-03-02
25410,SBF COMÉRCIO DE PRODUTOS ESPORTIVOS S.A.,477951000.0,-585237000.0,9377358000.0,129060000.0,3165051000.0,8832574000.0,90677000.0,699458000.0,2023,585237000.0,3074374000.0,2023-12-31,2024-03-18
25410,SBF COMÉRCIO DE PRODUTOS ESPORTIVOS S.A.,571569000.0,-277028000.0,9516148000.0,522755000.0,2897360000.0,8922504000.0,80261000.0,1163351000.0,2024,277028000.0,2817099000.0,2024-12-31,2025-03-17
25410,SBF COMÉRCIO DE PRODUTOS ESPORTIVOS S.A.,912889000.0,-520790000.0,12088651000.0,642305000.0,2919719000.0,10283053000.0,42241000.0,642823000.0,2025,520790000.0,2877478000.0,2025-12-31,2026-03-09
14664,SCHULZ S.A.,124521000.0,-84488000.0,812424000.0,61497000.0,419165000.0,957343000.0,9368000.0,88026000.0,2013,84488000.0,409797000.0,2013-12-31,2014-02-26
14664,SCHULZ S.A.,87117000.0,-78869000.0,733658000.0,54068000.0,453836000.0,1012083000.0,31482000.0,123963000.0,2014,78869000.0,422354000.0,2014-12-31,2015-03-16
14664,SCHULZ S.A.,75478000.0,-125646000.0,648090000.0,48099000.0,416850000.0,1003959000.0,28759000.0,126431000.0,2015,125646000.0,388091000.0,2015-12-31,2016-03-24
14664,SCHULZ S.A.,38524000.0,-96930000.0,579706000.0,30650000.0,340208000.0,936439000.0,47712000.0,79261000.0,2016,96930000.0,292496000.0,2016-12-31,2017-03-30
14664,SCHULZ S.A.,58215000.0,-83818000.0,686769000.0,40120000.0,399835000.0,1077513000.0,74923000.0,44794000.0,2017,83818000.0,324912000.0,2017-12-31,2018-04-02
14664,SCHULZ S.A.,96362000.0,-180810000.0,1060404000.0,97153000.0,535080000.0,1397290000.0,35857000.0,133085000.0,2019,180810000.0,499223000.0,2019-12-31,2020-02-27
14664,SCHULZ S.A.,143693000.0,-409692000.0,1051181000.0,141819000.0,687652000.0,1782481000.0,166764000.0,192274000.0,2020,409692000.0,520888000.0,2020-12-31,2021-03-10
14664,SCHULZ S.A.,240483000.0,-300422000.0,1705670000.0,192716000.0,929988000.0,2180790000.0,74288000.0,-17835000.0,2021,300422000.0,855700000.0,2021-12-31,2022-03-10
14664,SCHULZ S.A.,378971000.0,-453623000.0,2093038000.0,269981000.0,839337000.0,2370322000.0,71953000.0,458316000.0,2022,453623000.0,767384000.0,2022-12-31,2023-02-15
14664,SCHULZ S.A.,304254000.0,-310365000.0,1925762000.0,277892000.0,685552000.0,2380110000.0,63979000.0,486725000.0,2023,310365000.0,621573000.0,2023-12-31,2024-02-27
14664,SCHULZ S.A.,290270000.0,-301454000.0,1945886000.0,255191000.0,749173000.0,2602298000.0,26838000.0,387024000.0,2024,301454000.0,722335000.0,2024-12-31,2025-03-21
14664,SCHULZ S.A.,238279000.0,-308102000.0,1938864000.0,288876000.0,1011311000.0,3093604000.0,26052000.0,269605000.0,2025,308102000.0,985259000.0,2025-12-31,2026-03-19
26794,SELF IT ACADEMIAS HOLDING S.A.,-41873000.0,-20606000.0,86859000.0,-60503000.0,157490000.0,384708000.0,23952000.0,-2882000.0,2020,20606000.0,133538000.0,2020-12-31,2021-12-10
26794,SELF IT ACADEMIAS HOLDING S.A.,-46981000.0,-25648000.0,97904000.0,-69355000.0,166279000.0,421981000.0,28204000.0,-20406000.0,2021,25648000.0,138075000.0,2021-12-31,2022-04-29
25372,SENDAS DISTRIBUIDORA S.A.,1728000000.0,0.0,30232000000.0,1060000000.0,8821000000.0,35905000000.0,5026000000.0,3159000000.0,2019,0.0,3795000000.0,2019-12-31,2021-02-02
25372,SENDAS DISTRIBUIDORA S.A.,2068000000.0,0.0,36043000000.0,1556000000.0,7831000000.0,18821000000.0,3532000000.0,3498000000.0,2020,0.0,4299000000.0,2020-12-31,2021-03-01
26786,SENIOR SISTEMAS S.A.,137222000.0,-7170000.0,582475000.0,103374000.0,37122000.0,419695000.0,121642000.0,140615000.0,2021,7170000.0,-84520000.0,2021-12-31,2022-02-01
26786,SENIOR SISTEMAS S.A.,165500000.0,-11891000.0,718188000.0,134670000.0,26884000.0,557415000.0,146133000.0,176047000.0,2022,11891000.0,-119249000.0,2022-12-31,2023-03-07
26786,SENIOR SISTEMAS S.A.,213282000.0,-15066000.0,835430000.0,176179000.0,26220000.0,683189000.0,257483000.0,232742000.0,2023,15066000.0,-231263000.0,2023-12-31,2024-02-29
26786,SENIOR SISTEMAS S.A.,230549000.0,-17014000.0,975958000.0,194501000.0,29525000.0,874409000.0,278242000.0,276065000.0,2024,17014000.0,-248717000.0,2024-12-31,2025-02-25
26786,SENIOR SISTEMAS S.A.,284968000.0,-22151000.0,1170283000.0,246478000.0,28919000.0,1002431000.0,403501000.0,346691000.0,2025,22151000.0,-374582000.0,2025-12-31,2026-02-24
25160,SEQUOIA LOGÍSTICA E TRANSPORTES S.A.,24434000.0,-40090000.0,527263000.0,-7146000.0,347671000.0,612994000.0,91599000.0,29929000.0,2019,40090000.0,256072000.0,2019-12-31,2020-09-15
25160,SEQUOIA LOGÍSTICA E TRANSPORTES S.A.,43694000.0,-55163000.0,998109000.0,7028000.0,599123000.0,1375878000.0,409183000.0,28350000.0,2020,55163000.0,189940000.0,2020-12-31,2021-02-25
25160,SEQUOIA LOGÍSTICA E TRANSPORTES S.A.,47983000.0,-93741000.0,1520357000.0,-17861000.0,668118000.0,1982172000.0,168931000.0,-87896000.0,2021,93741000.0,499187000.0,2021-12-31,2022-03-10
25160,SEQUOIA LOGÍSTICA E TRANSPORTES S.A.,60394000.0,-211119000.0,1804323000.0,-106872000.0,879639000.0,1982851000.0,119350000.0,51916000.0,2022,211119000.0,760289000.0,2022-12-31,2023-03-29
25160,SEQUOIA LOGÍSTICA E TRANSPORTES S.A.,-703232000.0,-255281000.0,744741000.0,-822222000.0,717469000.0,1561132000.0,30045000.0,-279282000.0,2023,255281000.0,687424000.0,2023-12-31,2024-03-28
25160,SEQUOIA LOGÍSTICA E TRANSPORTES S.A.,-1077810000.0,-215012000.0,769016000.0,-1278391000.0,1007113000.0,1232156000.0,21853000.0,76728000.0,2024,215012000.0,985260000.0,2024-12-31,2025-06-11
25160,SEQUOIA LOGÍSTICA E TRANSPORTES S.A.,-27692000.0,-221586000.0,592928000.0,-195422000.0,360948000.0,752623000.0,56564000.0,-10942000.0,2025,221586000.0,304384000.0,2025-12-31,2026-06-24
23221,SER EDUCACIONAL S.A.,137378000.0,-31118000.0,456761000.0,116297000.0,107836000.0,803365000.0,217260000.0,130934000.0,2013,31118000.0,-109424000.0,2013-12-31,2014-03-26
23221,SER EDUCACIONAL S.A.,229349000.0,-41447000.0,705067000.0,213864000.0,107937000.0,1249163000.0,73248000.0,177040000.0,2014,41447000.0,34689000.0,2014-12-31,2015-04-01
23221,SER EDUCACIONAL S.A.,218098000.0,-107366000.0,1020261000.0,161065000.0,382724000.0,1848588000.0,69999000.0,77060000.0,2015,107366000.0,312725000.0,2015-12-31,2016-03-19
23221,SER EDUCACIONAL S.A.,296995000.0,-139268000.0,1125380000.0,230448000.0,348788000.0,2018564000.0,62036000.0,287770000.0,2016,139268000.0,286752000.0,2016-12-31,2017-03-17
23221,SER EDUCACIONAL S.A.,256035000.0,-134727000.0,1231785000.0,197475000.0,314860000.0,2507874000.0,279286000.0,356598000.0,2017,134727000.0,35574000.0,2017-12-31,2018-03-23
23221,SER EDUCACIONAL S.A.,235685000.0,-101470000.0,1262486000.0,201279000.0,306218000.0,2429560000.0,314731000.0,388730000.0,2018,101470000.0,-8513000.0,2018-12-31,2019-03-28
23221,SER EDUCACIONAL S.A.,260270000.0,-173241000.0,1275986000.0,136372000.0,182178000.0,2559156000.0,215173000.0,188440000.0,2019,173241000.0,-32995000.0,2019-12-31,2020-03-27
23221,SER EDUCACIONAL S.A.,313194000.0,-134623000.0,1250463000.0,165034000.0,591058000.0,3091485000.0,679933000.0,273252000.0,2020,134623000.0,-88875000.0,2020-12-31,2021-03-26
23221,SER EDUCACIONAL S.A.,177466000.0,-165470000.0,1407358000.0,52483000.0,436065000.0,3092589000.0,213704000.0,195438000.0,2021,165470000.0,222361000.0,2021-12-31,2022-03-25
23221,SER EDUCACIONAL S.A.,-24228000.0,-317435000.0,1676343000.0,-222148000.0,765939000.0,3392077000.0,180764000.0,146767000.0,2022,317435000.0,585175000.0,2022-12-31,2023-03-24
23221,SER EDUCACIONAL S.A.,207281000.0,-296821000.0,1830934000.0,-28044000.0,854556000.0,3488933000.0,215267000.0,159575000.0,2023,296821000.0,639289000.0,2023-12-31,2024-03-25
23221,SER EDUCACIONAL S.A.,238929000.0,-317479000.0,1981354000.0,-1162000.0,964333000.0,3456087000.0,370728000.0,240520000.0,2024,317479000.0,593605000.0,2024-12-31,2025-04-03
23221,SER EDUCACIONAL S.A.,444661000.0,-317322000.0,2216531000.0,214436000.0,716435000.0,3299058000.0,261932000.0,381118000.0,2025,317322000.0,454503000.0,2025-12-31,2026-03-25
26441,SERENA ENERGIA S.A.,796424000.0,-70721000.0,238303000.0,598231000.0,6160442000.0,11392633000.0,1194182000.0,46330000.0,2021,70721000.0,4966260000.0,2021-12-31,2024-03-18
26441,SERENA ENERGIA S.A.,591470000.0,-693467000.0,2436675000.0,-8031000.0,8495149000.0,15330232000.0,85641000.0,82297000.0,2022,693467000.0,8409508000.0,2022-12-31,2024-03-18
26441,SERENA ENERGIA S.A.,952085000.0,-920461000.0,3037319000.0,62178000.0,10070424000.0,17189991000.0,53570000.0,572472000.0,2023,920461000.0,10016854000.0,2023-12-31,2024-03-18
26441,SERENA ENERGIA S.A.,1549436000.0,-1160052000.0,4124980000.0,297423000.0,12103748000.0,20161754000.0,1427974000.0,398838000.0,2024,1160052000.0,10675774000.0,2024-12-31,2025-02-18
26441,SERENA ENERGIA S.A.,1196168000.0,-1244195000.0,6393211000.0,20837000.0,12297059000.0,21670384000.0,1912778000.0,198820000.0,2025,1244195000.0,10384281000.0,2025-12-31,2026-03-18
23426,SERENA GERAÇÃO S.A.,-12570000.0,-11915000.0,48642000.0,-16878000.0,255918000.0,703747000.0,55919000.0,-66613000.0,2013,11915000.0,199999000.0,2013-12-31,2014-07-11
23426,SERENA GERAÇÃO S.A.,35717000.0,-23803000.0,114453000.0,26368000.0,359454000.0,810762000.0,43991000.0,27675000.0,2014,23803000.0,315463000.0,2014-12-31,2015-03-30
23426,SERENA GERAÇÃO S.A.,44457000.0,-38846000.0,143223000.0,4776000.0,342084000.0,767926000.0,27430000.0,53348000.0,2015,38846000.0,314654000.0,2015-12-31,2017-05-10
23426,SERENA GERAÇÃO S.A.,70813000.0,-43051000.0,194982000.0,26601000.0,316307000.0,773607000.0,38188000.0,62058000.0,2016,43051000.0,278119000.0,2016-12-31,2017-05-10
23426,SERENA GERAÇÃO S.A.,232702000.0,-119202000.0,546114000.0,113116000.0,1882729000.0,3905772000.0,350887000.0,74860000.0,2017,119202000.0,1531842000.0,2017-12-31,2018-04-24
23426,SERENA GERAÇÃO S.A.,272875000.0,-224266000.0,742023000.0,50031000.0,2109010000.0,4105194000.0,195388000.0,163255000.0,2018,224266000.0,1913622000.0,2018-12-31,2019-09-11
23426,SERENA GERAÇÃO S.A.,386118000.0,-344961000.0,1014375000.0,32629000.0,4004008000.0,7262471000.0,984470000.0,193619000.0,2019,344961000.0,3019538000.0,2019-12-31,2020-03-02
23426,SERENA GERAÇÃO S.A.,523878000.0,-441416000.0,1102141000.0,54720000.0,6022241000.0,10578345000.0,881364000.0,207450000.0,2020,441416000.0,5140877000.0,2020-12-31,2021-03-19
23426,SERENA GERAÇÃO S.A.,1195333000.0,-746220000.0,1769719000.0,296373000.0,5782393000.0,10635819000.0,934807000.0,172745000.0,2021,746220000.0,4847586000.0,2021-12-31,2022-03-08
23426,SERENA GERAÇÃO S.A.,643227000.0,-672493000.0,2434033000.0,55306000.0,5612908000.0,12721917000.0,740885000.0,211756000.0,2022,672493000.0,4872023000.0,2022-12-31,2023-03-25
23426,SERENA GERAÇÃO S.A.,776606000.0,-612032000.0,2753858000.0,203021000.0,5264654000.0,10868104000.0,46148000.0,353753000.0,2023,612032000.0,5218506000.0,2023-12-31,2024-03-28
23426,SERENA GERAÇÃO S.A.,1429926000.0,-651235000.0,3765867000.0,684430000.0,6440485000.0,13344650000.0,1232089000.0,457017000.0,2024,651235000.0,5208396000.0,2024-12-31,2025-03-07
23426,SERENA GERAÇÃO S.A.,734631000.0,-821322000.0,5706206000.0,101685000.0,6672158000.0,15205401000.0,898446000.0,-463573000.0,2025,821322000.0,5773712000.0,2025-12-31,2026-03-20
10596,SERGEN SERVS GERAIS DE ENG SA,-2126583.0,0.0,91976.0,-3138884.0,40136.0,181125239.0,0.0,-1912.0,2013,0.0,40136.0,2013-12-31,2015-10-16
12823,SIDERURGICA J. L. ALIPERTI S.A.,8362000.0,-1890000.0,68979000.0,7285000.0,42920000.0,422083000.0,560000.0,-2584000.0,2013,1890000.0,42360000.0,2013-12-31,2014-04-09
12823,SIDERURGICA J. L. ALIPERTI S.A.,10221000.0,-3230000.0,68443000.0,7499000.0,57022000.0,434671000.0,1120000.0,4130000.0,2014,3230000.0,55902000.0,2014-12-31,2015-03-25
12823,SIDERURGICA J. L. ALIPERTI S.A.,6236000.0,-4485000.0,64753000.0,3088000.0,46476000.0,423372000.0,1783000.0,13374000.0,2015,4485000.0,44693000.0,2015-12-31,2016-03-30
12823,SIDERURGICA J. L. ALIPERTI S.A.,-9477000.0,-6049000.0,33710000.0,-14745000.0,46537000.0,425034000.0,35000.0,-13284000.0,2016,6049000.0,46502000.0,2016-12-31,2017-03-29
12823,SIDERURGICA J. L. ALIPERTI S.A.,-18320000.0,-8345000.0,33954000.0,-26973000.0,66136000.0,421997000.0,56000.0,6886000.0,2017,8345000.0,66080000.0,2017-12-31,2018-03-23
12823,SIDERURGICA J. L. ALIPERTI S.A.,-1920000.0,-10717000.0,32007000.0,-11500000.0,63028000.0,417753000.0,36000.0,-5542000.0,2018,10717000.0,62992000.0,2018-12-31,2019-03-29
12823,SIDERURGICA J. L. ALIPERTI S.A.,-9017000.0,-9489000.0,44533000.0,-18396000.0,56569000.0,437502000.0,105000.0,20365000.0,2019,9489000.0,56464000.0,2019-12-31,2020-03-31
12823,SIDERURGICA J. L. ALIPERTI S.A.,70500000.0,-4752000.0,17825000.0,65421000.0,43073000.0,483857000.0,91000.0,33939000.0,2020,4752000.0,42982000.0,2020-12-31,2021-03-31
25003,SIMPAR S.A.,1136706000.0,-1142024000.0,9600468000.0,312963000.0,13649092000.0,21173879000.0,592431000.0,-1944957000.0,2019,1142024000.0,13056661000.0,2019-12-31,2020-06-05
25003,SIMPAR S.A.,1029982000.0,-1054202000.0,9807057000.0,397500000.0,17698135000.0,25562248000.0,409601000.0,-2177349000.0,2020,1054202000.0,17288534000.0,2020-12-31,2021-04-09
25003,SIMPAR S.A.,3130551000.0,-1953955000.0,13866219000.0,1328950000.0,34377508000.0,47968194000.0,1029383000.0,-14713651000.0,2021,1953955000.0,33348125000.0,2021-12-31,2022-02-24
25003,SIMPAR S.A.,5116816000.0,-5358473000.0,24381791000.0,940707000.0,39824886000.0,61659514000.0,1718025000.0,-6842547000.0,2022,5358473000.0,38106861000.0,2022-12-31,2023-03-07
25003,SIMPAR S.A.,4864671000.0,-7031228000.0,31843613000.0,-651850000.0,45302822000.0,70140840000.0,1345475000.0,-1380342000.0,2023,7031228000.0,43957347000.0,2023-12-31,2024-03-26
25003,SIMPAR S.A.,6704918000.0,-7921598000.0,41062901000.0,93833000.0,57397918000.0,84025791000.0,1903850000.0,-3560134000.0,2024,7921598000.0,55494068000.0,2024-12-31,2025-04-08
25003,SIMPAR S.A.,8170181000.0,-10005370000.0,43528375000.0,215250000.0,59073427000.0,88642122000.0,3029953000.0,-781548000.0,2025,10005370000.0,56043474000.0,2025-12-31,2026-03-30
22799,SINQIA S.A.,5362278.0,-1125016.0,51195865.0,6330988.0,5487519.0,79489779.0,1706543.0,11952710.0,2013,1125016.0,3780976.0,2013-12-31,2014-03-27
22799,SINQIA S.A.,8200212.0,-1341987.0,71010887.0,11082997.0,3991077.0,86079615.0,1482103.0,8486454.0,2014,1341987.0,2508974.0,2014-12-31,2015-12-10
22799,SINQIA S.A.,5287710.0,-2034227.0,75303830.0,9799730.0,13855747.0,98204457.0,4807582.0,1906390.0,2015,2034227.0,9048165.0,2015-12-31,2016-03-15
22799,SINQIA S.A.,7314000.0,-2894000.0,84558000.0,8282000.0,19214000.0,155324000.0,7446000.0,33729000.0,2016,2894000.0,11768000.0,2016-12-31,2017-03-22
22799,SINQIA S.A.,11434000.0,-3417000.0,134909000.0,7464000.0,21856000.0,157501000.0,12006000.0,9249000.0,2017,3417000.0,9850000.0,2017-12-31,2018-02-28
22799,SINQIA S.A.,8079000.0,-5006000.0,142109000.0,2726000.0,14609000.0,167430000.0,2317000.0,10760000.0,2018,5006000.0,12292000.0,2018-12-31,2019-08-16
22799,SINQIA S.A.,-2257000.0,-11858000.0,175153000.0,-4579000.0,84201000.0,619992000.0,364985000.0,531000.0,2019,11858000.0,-280784000.0,2019-12-31,2020-03-04
22799,SINQIA S.A.,6956000.0,-9884000.0,209993000.0,4956000.0,78445000.0,637653000.0,998000.0,29725000.0,2020,9884000.0,77447000.0,2020-12-31,2021-03-10
22799,SINQIA S.A.,22322000.0,-22552000.0,352596000.0,22529000.0,253109000.0,1254857000.0,24192000.0,50115000.0,2021,22552000.0,228917000.0,2021-12-31,2022-03-18
22799,SINQIA S.A.,61101000.0,-78899000.0,616472000.0,17556000.0,308429000.0,1555313000.0,37941000.0,125896000.0,2022,78899000.0,270488000.0,2022-12-31,2023-03-14
20745,SLC AGRICOLA S.A.,150479000.0,-175594000.0,1181520000.0,96603000.0,1170289000.0,4261078000.0,392977000.0,-63138000.0,2013,175594000.0,777312000.0,2013-12-31,2014-03-12
20745,SLC AGRICOLA S.A.,190798000.0,-240271000.0,1499175000.0,70143000.0,1331976000.0,4498634000.0,371962000.0,75631000.0,2014,240271000.0,960014000.0,2014-12-31,2015-03-11
20745,SLC AGRICOLA S.A.,285498000.0,-566210000.0,1761581000.0,121171000.0,1878877000.0,5309633000.0,701460000.0,274832000.0,2015,566210000.0,1177417000.0,2015-12-31,2016-03-09
20745,SLC AGRICOLA S.A.,110315000.0,-514132000.0,1659649000.0,15641000.0,1901245000.0,5453376000.0,1064506000.0,305651000.0,2016,514132000.0,836739000.0,2016-12-31,2017-03-27
20745,SLC AGRICOLA S.A.,593453000.0,-276148000.0,2219901000.0,369262000.0,1589174000.0,5293685000.0,611539000.0,371612000.0,2017,276148000.0,977635000.0,2017-12-31,2018-03-07
20745,SLC AGRICOLA S.A.,657757000.0,-359282000.0,2823468000.0,406501000.0,1605071000.0,5755537000.0,512308000.0,407509000.0,2018,359282000.0,1092763000.0,2018-12-31,2019-03-13
20745,SLC AGRICOLA S.A.,558712000.0,-347709000.0,3040656000.0,315041000.0,1859766000.0,6958129000.0,829427000.0,532161000.0,2019,347709000.0,1030339000.0,2019-12-31,2020-03-26
20745,SLC AGRICOLA S.A.,780930000.0,-521429000.0,3873081000.0,510948000.0,2417283000.0,8589691000.0,1604053000.0,784861000.0,2020,521429000.0,813230000.0,2020-12-31,2021-03-17
20745,SLC AGRICOLA S.A.,1913367000.0,-847266000.0,6324369000.0,1130759000.0,2587759000.0,12866343000.0,139780000.0,435090000.0,2021,847266000.0,2447979000.0,2021-12-31,2022-03-15
20745,SLC AGRICOLA S.A.,2505293000.0,-1546285000.0,9589710000.0,1336733000.0,3454271000.0,14868389000.0,1235775000.0,1991777000.0,2022,1546285000.0,2218496000.0,2022-12-31,2023-03-31
20745,SLC AGRICOLA S.A.,1935181000.0,-1235458000.0,9122124000.0,937980000.0,4393379000.0,15856318000.0,1613703000.0,1852819000.0,2023,1235458000.0,2779676000.0,2023-12-31,2024-04-12
20745,SLC AGRICOLA S.A.,1513149000.0,-1576767000.0,7803627000.0,481723000.0,5598404000.0,17574342000.0,1979575000.0,1480131000.0,2024,1576767000.0,3618829000.0,2024-12-31,2025-03-25
20745,SLC AGRICOLA S.A.,1812542000.0,-1707042000.0,9759214000.0,565213000.0,7728284000.0,21341432000.0,2647586000.0,1808281000.0,2025,1707042000.0,5080698000.0,2025-12-31,2026-03-11
24260,SMARTFIT ESCOLA DE GINÁSTICA E DANÇA S.A.,65337000.0,-84996000.0,641196000.0,-21577000.0,469363000.0,1154237000.0,232903000.0,84107000.0,2016,84996000.0,236460000.0,2016-12-31,2018-05-30
24260,SMARTFIT ESCOLA DE GINÁSTICA E DANÇA S.A.,59003000.0,-95352000.0,745563000.0,-11589000.0,1236973000.0,1945327000.0,807730000.0,126721000.0,2017,95352000.0,429243000.0,2017-12-31,2018-05-30
24260,SMARTFIT ESCOLA DE GINÁSTICA E DANÇA S.A.,505201000.0,-154871000.0,1160033000.0,356956000.0,1809001000.0,3848902000.0,666780000.0,131533000.0,2018,154871000.0,1142221000.0,2018-12-31,2019-03-30
24260,SMARTFIT ESCOLA DE GINÁSTICA E DANÇA S.A.,90218000.0,-446079000.0,1983947000.0,-339272000.0,2206650000.0,7414017000.0,1351381000.0,502237000.0,2019,446079000.0,855269000.0,2019-12-31,2020-04-03
24260,SMARTFIT ESCOLA DE GINÁSTICA E DANÇA S.A.,-393703000.0,-474202000.0,1256244000.0,-604428000.0,2616073000.0,8492495000.0,1019611000.0,-156265000.0,2020,474202000.0,1596462000.0,2020-12-31,2021-03-25
24260,SMARTFIT ESCOLA DE GINÁSTICA E DANÇA S.A.,-359546000.0,-543711000.0,1706851000.0,-633017000.0,3590494000.0,11654472000.0,1957828000.0,33528000.0,2021,543711000.0,1632666000.0,2021-12-31,2022-03-17
24260,SMARTFIT ESCOLA DE GINÁSTICA E DANÇA S.A.,265416000.0,-798510000.0,2930438000.0,-86051000.0,3419894000.0,12049550000.0,1251418000.0,533830000.0,2022,798510000.0,2168476000.0,2022-12-31,2023-05-30
24260,SMARTFIT ESCOLA DE GINÁSTICA E DANÇA S.A.,1044874000.0,-933829000.0,4244743000.0,1044176000.0,3819899000.0,14230177000.0,1103433000.0,1310283000.0,2023,933829000.0,2716466000.0,2023-12-31,2024-03-14
24260,SMARTFIT ESCOLA DE GINÁSTICA E DANÇA S.A.,1263607000.0,-1099441000.0,5580304000.0,440576000.0,5914614000.0,18350302000.0,1490624000.0,1375541000.0,2024,1099441000.0,4423990000.0,2024-12-31,2025-03-13
24260,SMARTFIT ESCOLA DE GINÁSTICA E DANÇA S.A.,1697845000.0,-1394994000.0,7241694000.0,640534000.0,7477199000.0,21497648000.0,1330801000.0,2092680000.0,2025,1394994000.0,6146398000.0,2025-12-31,2026-03-11
24252,SMILES FIDELIDADE S.A.,301815000.0,-1941000.0,919108000.0,458045000.0,0.0,2170911000.0,446191000.0,578094000.0,2017,1941000.0,-446191000.0,2017-12-31,2018-02-27
24252,SMILES FIDELIDADE S.A.,741969000.0,-2326000.0,987444000.0,645842000.0,0.0,2635128000.0,290850000.0,487322000.0,2018,2326000.0,-290850000.0,2018-12-31,2019-02-14
24252,SMILES FIDELIDADE S.A.,765843000.0,-4273000.0,1051124000.0,626725000.0,0.0,2884583000.0,287846000.0,972163000.0,2019,4273000.0,-287846000.0,2019-12-31,2020-02-18
24252,SMILES FIDELIDADE S.A.,210253000.0,-13295000.0,572916000.0,195957000.0,0.0,3362084000.0,111892000.0,-278927000.0,2020,13295000.0,-111892000.0,2020-12-31,2021-03-08
23140,SMILES S.A.,273484000.0,-34407000.0,808058000.0,283940000.0,351379000.0,1567203000.0,102168000.0,661425000.0,2014,34407000.0,249211000.0,2014-12-31,2015-02-12
23140,SMILES S.A.,409923000.0,-15104000.0,1219521000.0,369922000.0,0.0,1665268000.0,334989000.0,1076520000.0,2015,15104000.0,-334989000.0,2015-12-31,2016-02-29
23140,SMILES S.A.,601047000.0,-168000.0,1548109000.0,548273000.0,0.0,1926878000.0,253659000.0,316523000.0,2016,168000.0,-253659000.0,2016-12-31,2017-02-15
27014,SOLAR BEBIDAS S.A.,891145000.0,264232000.0,4350648000.0,986232000.0,1072591000.0,5659318000.0,527996000.0,821061000.0,2021,264232000.0,544595000.0,2021-12-31,2022-07-13
27014,SOLAR BEBIDAS S.A.,1027065000.0,224924000.0,8138787000.0,732691000.0,1240584000.0,9532301000.0,908579000.0,1502697000.0,2022,224924000.0,332005000.0,2022-12-31,2023-03-08
27014,SOLAR BEBIDAS S.A.,1393493000.0,-542768000.0,9656843000.0,995921000.0,1432389000.0,9674125000.0,818760000.0,2278307000.0,2023,542768000.0,613629000.0,2023-12-31,2026-03-31
27014,SOLAR BEBIDAS S.A.,2049616000.0,-562073000.0,11511909000.0,1646494000.0,1496757000.0,11122604000.0,891945000.0,2318369000.0,2024,562073000.0,604812000.0,2024-12-31,2025-03-24
27014,SOLAR BEBIDAS S.A.,1862464000.0,-806765000.0,12619850000.0,1394244000.0,1772326000.0,12032349000.0,882968000.0,2254114000.0,2025,806765000.0,889358000.0,2025-12-31,2026-03-31
80101,SOLVAY INDUPA SAIC,65671000.0,-140220000.0,1757296000.0,-39950000.0,546282000.0,1419628000.0,34206000.0,39042000.0,2013,140220000.0,512076000.0,2013-12-31,2014-04-02
80101,SOLVAY INDUPA SAIC,74743000.0,-172706000.0,1660730000.0,-61227000.0,587283000.0,1339388000.0,77706000.0,41415000.0,2014,172706000.0,509577000.0,2014-12-31,2015-04-15
80101,SOLVAY INDUPA SAIC,-34732000.0,-320121000.0,1929900000.0,-163257000.0,603088000.0,1328610000.0,30587000.0,46039000.0,2015,320121000.0,572501000.0,2015-12-31,2016-04-29
27073,SOLVI ESSENCIS AMBIENTAL S.A.,168514000.0,-177474000.0,1514111000.0,-19996000.0,1594822000.0,3033816000.0,326956000.0,130674000.0,2022,177474000.0,1267866000.0,2022-12-31,2023-03-31
27073,SOLVI ESSENCIS AMBIENTAL S.A.,341696000.0,-302712000.0,2224349000.0,52238000.0,1753600000.0,3204917000.0,222333000.0,79133000.0,2023,302712000.0,1531267000.0,2023-12-31,2024-03-29
27073,SOLVI ESSENCIS AMBIENTAL S.A.,706063000.0,-383975000.0,2683194000.0,222999000.0,2443398000.0,6838993000.0,518983000.0,376805000.0,2024,383975000.0,1924415000.0,2024-12-31,2025-04-13
27073,SOLVI ESSENCIS AMBIENTAL S.A.,967840000.0,-537011000.0,3514178000.0,309803000.0,3223800000.0,7361214000.0,432732000.0,405948000.0,2025,537011000.0,2791068000.0,2025-12-31,2026-03-30
22551,SOMOS EDUCAÇÃO S.A.,206958000.0,-99684000.0,1036492000.0,78885000.0,764025000.0,3233106000.0,360420000.0,157417000.0,2013,99684000.0,403605000.0,2013-12-31,2014-02-27
22551,SOMOS EDUCAÇÃO S.A.,207897000.0,-161732000.0,1265048000.0,58678000.0,859567000.0,3360427000.0,369069000.0,172086000.0,2014,161732000.0,490498000.0,2014-12-31,2015-05-12
22551,SOMOS EDUCAÇÃO S.A.,133954000.0,-169980000.0,1183640000.0,-604133000.0,1583458000.0,3668231000.0,269299000.0,80863000.0,2015,169980000.0,1314159000.0,2015-12-31,2016-03-29
22551,SOMOS EDUCAÇÃO S.A.,120996000.0,-333688000.0,1869054000.0,-74487000.0,1630399000.0,3476280000.0,604338000.0,405000000.0,2016,333688000.0,1026061000.0,2016-12-31,2017-03-28
22551,SOMOS EDUCAÇÃO S.A.,268117000.0,-287168000.0,1871583000.0,11897000.0,1878024000.0,3749169000.0,646266000.0,24834000.0,2017,287168000.0,1231758000.0,2017-12-31,2018-02-21
22551,SOMOS EDUCAÇÃO S.A.,-199175000.0,-253991000.0,1866936000.0,-398434000.0,1993030000.0,3585942000.0,388544000.0,-27494000.0,2018,253991000.0,1604486000.0,2018-12-31,2019-03-29
10880,SONDOTECNICA ENGENHARIA SOLOS S.A.,30641000.0,-3887000.0,168269000.0,13090000.0,0.0,127404000.0,12163000.0,70980000.0,2013,3887000.0,-12163000.0,2013-12-31,2014-03-27
10880,SONDOTECNICA ENGENHARIA SOLOS S.A.,6724000.0,-697000.0,157458000.0,10112000.0,0.0,102918000.0,10753000.0,31431000.0,2014,697000.0,-10753000.0,2014-12-31,2015-03-30
10880,SONDOTECNICA ENGENHARIA SOLOS S.A.,-18145000.0,-3060000.0,111383000.0,-10502000.0,0.0,87723000.0,7029000.0,-3049000.0,2015,3060000.0,-7029000.0,2015-12-31,2016-03-29
10880,SONDOTECNICA ENGENHARIA SOLOS S.A.,-2883000.0,-8135000.0,86248000.0,-5539000.0,910000.0,79011000.0,3134000.0,-5258000.0,2016,8135000.0,-2224000.0,2016-12-31,2017-03-29
10880,SONDOTECNICA ENGENHARIA SOLOS S.A.,-83000.0,-2847000.0,49386000.0,3209000.0,0.0,80341000.0,3346000.0,5804000.0,2017,2847000.0,-3346000.0,2017-12-31,2018-03-23
10880,SONDOTECNICA ENGENHARIA SOLOS S.A.,1014000.0,-5375000.0,48863000.0,6972000.0,0.0,80417000.0,4636000.0,1810000.0,2018,5375000.0,-4636000.0,2018-12-31,2019-03-26
10880,SONDOTECNICA ENGENHARIA SOLOS S.A.,2717000.0,-4360000.0,63602000.0,4388000.0,0.0,73738000.0,3848000.0,7027000.0,2019,4360000.0,-3848000.0,2019-12-31,2020-03-27
10880,SONDOTECNICA ENGENHARIA SOLOS S.A.,18570000.0,-4630000.0,64318000.0,21101000.0,0.0,98076000.0,8204000.0,10520000.0,2020,4630000.0,-8204000.0,2020-12-31,2021-03-25
10880,SONDOTECNICA ENGENHARIA SOLOS S.A.,14503000.0,-2556000.0,82135000.0,13795000.0,0.0,96248000.0,8883000.0,20533000.0,2021,2556000.0,-8883000.0,2021-12-31,2022-03-28
10880,SONDOTECNICA ENGENHARIA SOLOS S.A.,22120000.0,-4737000.0,141860000.0,14344000.0,0.0,98761000.0,10713000.0,23973000.0,2022,4737000.0,-10713000.0,2022-12-31,2023-03-28
10880,SONDOTECNICA ENGENHARIA SOLOS S.A.,20375000.0,-5403000.0,162989000.0,11877000.0,0.0,98467000.0,9176000.0,14625000.0,2023,5403000.0,-9176000.0,2023-12-31,2024-03-21
10880,SONDOTECNICA ENGENHARIA SOLOS S.A.,20768000.0,-2515000.0,197944000.0,14903000.0,3186000.0,116073000.0,13275000.0,20531000.0,2024,2515000.0,-10089000.0,2024-12-31,2025-03-21
10880,SONDOTECNICA ENGENHARIA SOLOS S.A.,50336000.0,-4407000.0,226418000.0,35732000.0,882000.0,131861000.0,16682000.0,35010000.0,2025,4407000.0,-15800000.0,2025-12-31,2026-03-30
4057,SOUZA CRUZ SA,2477435000.0,-313695000.0,6287412000.0,1694282000.0,718966000.0,6405486000.0,1391669000.0,2273753000.0,2013,313695000.0,-672703000.0,2013-12-31,2014-02-07
4057,SOUZA CRUZ SA,2479919000.0,-200726000.0,6264116000.0,1714158000.0,872735000.0,6632627000.0,1826760000.0,2325875000.0,2014,200726000.0,-954025000.0,2014-12-31,2015-02-12
10960,SPRINGER S.A.,-18766000.0,-2974000.0,117861000.0,-15803000.0,4555000.0,139436000.0,3259000.0,-34248000.0,2013,2974000.0,1296000.0,2013-12-31,2014-04-02
10960,SPRINGER S.A.,-24444000.0,-3301000.0,97032000.0,-22851000.0,7406000.0,128085000.0,2013000.0,29555000.0,2014,3301000.0,5393000.0,2014-12-31,2015-03-31
10960,SPRINGER S.A.,-24490000.0,-1440000.0,45260000.0,-21066000.0,1185000.0,91465000.0,2861000.0,3100000.0,2015,1440000.0,-1676000.0,2015-12-31,2016-03-31
10960,SPRINGER S.A.,-4250000.0,-1682000.0,53489000.0,-2446000.0,0.0,72695000.0,719000.0,-34415000.0,2016,1682000.0,-719000.0,2016-12-31,2017-04-25
10960,SPRINGER S.A.,-21964000.0,-1881000.0,3708000.0,-21061000.0,0.0,48929000.0,2633000.0,2605000.0,2017,1881000.0,-2633000.0,2017-12-31,2018-04-03
20966,SPRINGS GLOBAL PARTICIPACOES S.A.,63592000.0,-135028000.0,2043029000.0,-52735000.0,748564000.0,2442998000.0,81591000.0,-2654000.0,2013,135028000.0,666973000.0,2013-12-31,2014-03-26
20966,SPRINGS GLOBAL PARTICIPACOES S.A.,103690000.0,-168946000.0,2091956000.0,-29105000.0,860639000.0,2468571000.0,129570000.0,-35422000.0,2014,168946000.0,731069000.0,2014-12-31,2015-03-25
20966,SPRINGS GLOBAL PARTICIPACOES S.A.,154337000.0,-214279000.0,2267095000.0,22577000.0,958054000.0,2598336000.0,149925000.0,-78900000.0,2015,214279000.0,808129000.0,2015-12-31,2016-03-01
20966,SPRINGS GLOBAL PARTICIPACOES S.A.,168939000.0,-256300000.0,2311271000.0,-6341000.0,1099274000.0,2629673000.0,160360000.0,243000.0,2016,256300000.0,938914000.0,2016-12-31,2017-03-27
20966,SPRINGS GLOBAL PARTICIPACOES S.A.,180895000.0,-212195000.0,2198695000.0,21624000.0,1075636000.0,2721418000.0,155442000.0,53999000.0,2017,212195000.0,920194000.0,2017-12-31,2018-05-22
20966,SPRINGS GLOBAL PARTICIPACOES S.A.,261395000.0,-220954000.0,1370837000.0,111568000.0,1093381000.0,3224044000.0,139474000.0,-87513000.0,2018,220954000.0,953907000.0,2018-12-31,2019-04-05
20966,SPRINGS GLOBAL PARTICIPACOES S.A.,77883000.0,-260036000.0,1422517000.0,45724000.0,1042035000.0,3294865000.0,151935000.0,-5890000.0,2019,260036000.0,890100000.0,2019-12-31,2020-03-30
20966,SPRINGS GLOBAL PARTICIPACOES S.A.,49123000.0,-255639000.0,1535079000.0,-320940000.0,969198000.0,3164780000.0,168793000.0,259808000.0,2020,255639000.0,800405000.0,2020-12-31,2021-03-22
20966,SPRINGS GLOBAL PARTICIPACOES S.A.,111186000.0,-295268000.0,1720723000.0,-153576000.0,1005913000.0,3196192000.0,199765000.0,125911000.0,2021,295268000.0,806148000.0,2021-12-31,2022-03-29
20966,SPRINGS GLOBAL PARTICIPACOES S.A.,-249700000.0,-435163000.0,1217445000.0,-630785000.0,1035455000.0,2695117000.0,225444000.0,112458000.0,2022,435163000.0,810011000.0,2022-12-31,2023-10-20
20966,SPRINGS GLOBAL PARTICIPACOES S.A.,-689237000.0,-445089000.0,686442000.0,-1065922000.0,1107734000.0,2036925000.0,38160000.0,-70882000.0,2023,445089000.0,1069574000.0,2023-12-31,2025-01-27
20966,SPRINGS GLOBAL PARTICIPACOES S.A.,-380569000.0,-387880000.0,439368000.0,-613382000.0,1081069000.0,2310469000.0,48273000.0,-41830000.0,2024,387880000.0,1032796000.0,2024-12-31,2025-12-01
24201,STARA S.A. - INDÚSTRIA DE IMPLEMENTOS AGRÍCOLAS,33307000.0,-25728000.0,562531000.0,24684000.0,162578000.0,576311000.0,39541000.0,66277000.0,2016,25728000.0,123037000.0,2016-12-31,2017-09-19
24201,STARA S.A. - INDÚSTRIA DE IMPLEMENTOS AGRÍCOLAS,65299000.0,-22131000.0,691368000.0,56266000.0,158756000.0,624013000.0,36211000.0,33128000.0,2017,22131000.0,122545000.0,2017-12-31,2018-03-27
24201,STARA S.A. - INDÚSTRIA DE IMPLEMENTOS AGRÍCOLAS,102490000.0,-24170000.0,845335000.0,88352000.0,143536000.0,710187000.0,106271000.0,137735000.0,2018,24170000.0,37265000.0,2018-12-31,2019-03-25
24201,STARA S.A. - INDÚSTRIA DE IMPLEMENTOS AGRÍCOLAS,125420000.0,-26213000.0,1016922000.0,127448000.0,230779000.0,911279000.0,161680000.0,47091000.0,2019,26213000.0,69099000.0,2019-12-31,2020-03-23
24201,STARA S.A. - INDÚSTRIA DE IMPLEMENTOS AGRÍCOLAS,143151000.0,-35908000.0,1269369000.0,137863000.0,274827000.0,1155484000.0,374705000.0,281209000.0,2020,35908000.0,-99878000.0,2020-12-31,2021-03-22
22594,STATKRAFT ENERGIAS RENOVAVEIS S.A.,70963000.0,-131665000.0,211340000.0,-32490000.0,923254000.0,1749172000.0,28803000.0,-40669000.0,2013,131665000.0,894451000.0,2013-12-31,2014-05-08
22594,STATKRAFT ENERGIAS RENOVAVEIS S.A.,84436000.0,-126602000.0,214258000.0,-19528000.0,858602000.0,1732263000.0,23744000.0,29516000.0,2014,126602000.0,834858000.0,2014-12-31,2015-03-20
22594,STATKRAFT ENERGIAS RENOVAVEIS S.A.,91918000.0,-162359000.0,277427000.0,-63770000.0,512280000.0,1517310000.0,79905000.0,93917000.0,2015,162359000.0,432375000.0,2015-12-31,2016-05-20
22594,STATKRAFT ENERGIAS RENOVAVEIS S.A.,61608000.0,-69949000.0,275164000.0,-15544000.0,473868000.0,1517504000.0,140761000.0,101449000.0,2016,69949000.0,333107000.0,2016-12-31,2017-03-13
22594,STATKRAFT ENERGIAS RENOVAVEIS S.A.,36911000.0,-58050000.0,310808000.0,8401000.0,383701000.0,1470224000.0,183324000.0,81970000.0,2017,58050000.0,200377000.0,2017-12-31,2018-03-14
22594,STATKRAFT ENERGIAS RENOVAVEIS S.A.,122769000.0,-47275000.0,314546000.0,74632000.0,606120000.0,2244231000.0,261171000.0,145383000.0,2018,47275000.0,344949000.0,2018-12-31,2019-03-13
22594,STATKRAFT ENERGIAS RENOVAVEIS S.A.,112678000.0,-62605000.0,438070000.0,45236000.0,547100000.0,2203515000.0,219702000.0,191414000.0,2019,62605000.0,327398000.0,2019-12-31,2020-03-17
22594,STATKRAFT ENERGIAS RENOVAVEIS S.A.,129972000.0,-68443000.0,477180000.0,59504000.0,634448000.0,2347792000.0,235645000.0,232873000.0,2020,68443000.0,398803000.0,2020-12-31,2021-03-18
22594,STATKRAFT ENERGIAS RENOVAVEIS S.A.,238904000.0,-61328000.0,565054000.0,183619000.0,970974000.0,3431917000.0,186403000.0,108493000.0,2021,61328000.0,784571000.0,2021-12-31,2022-03-17
22594,STATKRAFT ENERGIAS RENOVAVEIS S.A.,292037000.0,-70404000.0,861883000.0,237814000.0,1349015000.0,4962422000.0,584145000.0,304556000.0,2022,70404000.0,764870000.0,2022-12-31,2023-03-15
22594,STATKRAFT ENERGIAS RENOVAVEIS S.A.,427048000.0,-56817000.0,944636000.0,380979000.0,2135262000.0,7519531000.0,559750000.0,470840000.0,2023,56817000.0,1575512000.0,2023-12-31,2024-03-08
23957,SUGOI S.A.,2120000.0,-67000.0,10270000.0,2498000.0,843000.0,156638000.0,5986000.0,-3025000.0,2015,67000.0,-5143000.0,2015-12-31,2016-07-21
23957,SUGOI S.A.,7739000.0,-655000.0,40721000.0,7471000.0,5458000.0,174724000.0,4275000.0,-6286000.0,2016,655000.0,1183000.0,2016-12-31,2017-03-13
23957,SUGOI S.A.,-3946000.0,-2592000.0,22624000.0,-6554000.0,20420000.0,232433000.0,2320000.0,-14683000.0,2017,2592000.0,18100000.0,2017-12-31,2018-08-08
23957,SUGOI S.A.,18200000.0,-3248000.0,84831000.0,14958000.0,35434000.0,320142000.0,10270000.0,-2416000.0,2018,3248000.0,25164000.0,2018-12-31,2019-03-29
23957,SUGOI S.A.,34628000.0,-7612000.0,149313000.0,27515000.0,52773000.0,404555000.0,23464000.0,-4896000.0,2019,7612000.0,29309000.0,2019-12-31,2020-03-30
23957,SUGOI S.A.,28487000.0,-6797000.0,183466000.0,18677000.0,78772000.0,387044000.0,44078000.0,7492000.0,2020,6797000.0,34694000.0,2020-12-31,2021-03-31
23957,SUGOI S.A.,19223000.0,-9257000.0,211276000.0,6337000.0,107370000.0,407172000.0,29385000.0,-31257000.0,2021,9257000.0,77985000.0,2021-12-31,2022-03-29
23957,SUGOI S.A.,20399000.0,-16106000.0,164723000.0,3151000.0,114984000.0,408649000.0,19254000.0,-31804000.0,2022,16106000.0,95730000.0,2022-12-31,2023-03-30
23957,SUGOI S.A.,33906000.0,-19062000.0,276998000.0,22646000.0,135210000.0,518593000.0,29459000.0,-39048000.0,2023,19062000.0,105751000.0,2023-12-31,2024-04-10
23957,SUGOI S.A.,-66593000.0,-20654000.0,-12594000.0,-85595000.0,153510000.0,466998000.0,11338000.0,26041000.0,2024,20654000.0,142172000.0,2024-12-31,2026-03-20
16438,SUL 116 PARTICIPACOES S.A.,-3808000.0,-108000.0,0.0,-3548000.0,0.0,13269000.0,2907000.0,-1599000.0,2019,108000.0,-2907000.0,2019-12-31,2020-03-31
16438,SUL 116 PARTICIPACOES S.A.,-626000.0,-48000.0,0.0,-574000.0,257000.0,11270000.0,1002000.0,-2149000.0,2020,48000.0,-745000.0,2020-12-31,2021-03-31
16438,SUL 116 PARTICIPACOES S.A.,-558000.0,-55000.0,0.0,-469000.0,390000.0,10886000.0,606000.0,-527000.0,2021,55000.0,-216000.0,2021-12-31,2022-03-31
16438,SUL 116 PARTICIPAÇÕES S.A. - EM LIQUIDAÇÃO,-211000.0,-90000.0,0.0,224000.0,632000.0,11292000.0,258000.0,-526000.0,2022,90000.0,374000.0,2022-12-31,2023-03-31
16438,SUL 116 PARTICIPAÇÕES S.A. - EM LIQUIDAÇÃO,-511000.0,-217000.0,0.0,-479000.0,1847000.0,12050000.0,16000.0,-1003000.0,2024,217000.0,1831000.0,2024-12-31,2025-03-31
16438,SUL 116 PARTICIPAÇÕES S.A. - EM LIQUIDAÇÃO,-92000.0,-341000.0,0.0,-157000.0,2679000.0,12772000.0,15000.0,-833000.0,2025,341000.0,2664000.0,2025-12-31,2026-03-31
21121,SUL AMERICA S.A.,278219000.0,-1025038000.0,11769873000.0,487153000.0,519169000.0,16961967000.0,671030000.0,,2013,1025038000.0,-151861000.0,2013-12-31,2014-03-17
21121,SUL AMERICA S.A.,199594000.0,-1235097000.0,13214679000.0,555029000.0,1036624000.0,18716782000.0,322196000.0,,2014,1235097000.0,714428000.0,2014-12-31,2015-02-26
21121,SUL AMERICA S.A.,300374000.0,-1699793000.0,15064382000.0,737672000.0,1078289000.0,20047606000.0,784617000.0,586809000.0,2015,1699793000.0,293672000.0,2015-12-31,2016-02-24
21121,SUL AMERICA S.A.,193518000.0,-1735478000.0,16274044000.0,698421000.0,1400402000.0,21808563000.0,932323000.0,48806000.0,2016,1735478000.0,468079000.0,2016-12-31,2017-02-21
21121,SUL AMERICA S.A.,438982000.0,-1264221000.0,17762196000.0,776423000.0,1584533000.0,23449518000.0,640955000.0,-220244000.0,2017,1264221000.0,943578000.0,2017-12-31,2018-02-27
21121,SUL AMERICA S.A.,763890000.0,-1510279000.0,19831212000.0,905057000.0,1470935000.0,25703769000.0,629478000.0,425892000.0,2018,1510279000.0,841457000.0,2018-12-31,2019-02-26
21121,SUL AMERICA S.A.,940883000.0,-1695293000.0,21725615000.0,1181627000.0,1750352000.0,28412451000.0,744979000.0,394018000.0,2019,1695293000.0,1005373000.0,2019-12-31,2020-02-20
21121,SUL AMERICA S.A.,978531000.0,-3327973000.0,19215791000.0,2347457000.0,1589676000.0,27869121000.0,956465000.0,-588752000.0,2020,3327973000.0,633211000.0,2020-12-31,2021-02-24
21121,SUL AMERICA S.A.,-280124000.0,-2792344000.0,20362901000.0,332694000.0,3267305000.0,29064884000.0,1805351000.0,-369606000.0,2021,2792344000.0,1461954000.0,2021-12-31,2022-02-23
9067,SUZANO HOLDING S.A.,944492000.0,-1842079000.0,5689559000.0,-208759000.0,12915250000.0,27498554000.0,3754652000.0,37349000.0,2013,1842079000.0,9160598000.0,2013-12-31,2014-04-09
9067,SUZANO HOLDING S.A.,1204330000.0,-1843160000.0,7265360000.0,-231698000.0,13786071000.0,28467899000.0,3727752000.0,1450568000.0,2014,1843160000.0,10058319000.0,2014-12-31,2015-04-10
9067,SUZANO HOLDING S.A.,3039983000.0,-4711118000.0,10224728000.0,-851931000.0,14723597000.0,28621930000.0,1786396000.0,2642447000.0,2015,4711118000.0,12937201000.0,2015-12-31,2016-03-24
9067,SUZANO HOLDING S.A.,1310771000.0,-1167759000.0,9882629000.0,1682455000.0,14013738000.0,29502617000.0,1654578000.0,2966618000.0,2016,1167759000.0,12359160000.0,2016-12-31,2017-05-04
9067,SUZANO HOLDING S.A.,3243378000.0,-1396273000.0,10521010000.0,1782887000.0,12192213000.0,28645797000.0,1120012000.0,2914201000.0,2017,1396273000.0,11072201000.0,2017-12-31,2018-03-06
9067,SUZANO HOLDING S.A.,4991621000.0,-5300857000.0,13437657000.0,311331000.0,35737509000.0,54005818000.0,4405004000.0,5183657000.0,2018,5300857000.0,31332505000.0,2018-12-31,2019-03-20
9067,SUZANO HOLDING S.A.,2620813000.0,-7218031000.0,26013344000.0,-2817594000.0,63684326000.0,98030669000.0,3313890000.0,7574511000.0,2019,7218031000.0,60370436000.0,2019-12-31,2020-03-17
9067,SUZANO HOLDING S.A.,8440509000.0,-26412351000.0,30465380000.0,-10731744000.0,72899882000.0,101862618000.0,6884478000.0,13117638000.0,2020,26412351000.0,66015404000.0,2020-12-31,2021-03-15
9067,SUZANO HOLDING S.A.,18178410000.0,-9620014000.0,40972610000.0,8634583000.0,79628629000.0,119034446000.0,13598149000.0,17632683000.0,2021,9620014000.0,66030480000.0,2021-12-31,2022-03-15
9067,SUZANO HOLDING S.A.,22215766000.0,-4590618000.0,49835599000.0,23392406000.0,74574591000.0,133278699000.0,9573947000.0,21636179000.0,2022,4590618000.0,65000644000.0,2022-12-31,2023-03-16
9067,SUZANO HOLDING S.A.,12212571000.0,-4699218000.0,39760439000.0,14068548000.0,77172692000.0,143655023000.0,8392148000.0,17325413000.0,2023,4699218000.0,68780544000.0,2023-12-31,2024-03-18
9067,SUZANO HOLDING S.A.,15686224000.0,-30608753000.0,47405389000.0,-7092255000.0,101435531000.0,166106723000.0,9067796000.0,20567711000.0,2024,30608753000.0,92367735000.0,2024-12-31,2025-03-18
9067,SUZANO HOLDING S.A.,10646900000.0,-6884099000.0,50116256000.0,13443772000.0,94801257000.0,167979969000.0,15206854000.0,18088228000.0,2025,6884099000.0,79594403000.0,2025-12-31,2026-03-18
13986,SUZANO S.A.,975567000.0,-1855384000.0,5688625000.0,-220459000.0,12876985000.0,27149343000.0,3689640000.0,40735000.0,2013,1855384000.0,9187345000.0,2013-12-31,2014-03-14
13986,SUZANO S.A.,1229569000.0,-1858863000.0,7264599000.0,-261506000.0,13760585000.0,28119456000.0,3686115000.0,1464814000.0,2014,1858863000.0,10074470000.0,2014-12-31,2015-03-05
13986,SUZANO S.A.,3069984000.0,-4713885000.0,10224361000.0,-925354000.0,14710888000.0,28259985000.0,1477246000.0,2350709000.0,2015,4713885000.0,13233642000.0,2015-12-31,2016-02-19
13986,SUZANO S.A.,1317093000.0,-1156204000.0,9882313000.0,1691998000.0,14012779000.0,29399313000.0,1614697000.0,3003175000.0,2016,1156204000.0,12398082000.0,2016-12-31,2017-02-08
13986,SUZANO S.A.,3257905000.0,-1397889000.0,10520790000.0,1807433000.0,12191856000.0,28522982000.0,1076833000.0,2949994000.0,2017,1397889000.0,11115023000.0,2017-12-31,2018-02-09
13986,SUZANO S.A.,5005759000.0,-5302220000.0,13437329000.0,318460000.0,35737509000.0,53932644000.0,4387453000.0,5170850000.0,2018,5302220000.0,31350056000.0,2018-12-31,2019-02-21
13986,SUZANO S.A.,2628578000.0,-7219027000.0,26012950000.0,-2814742000.0,63684326000.0,97908225000.0,3249127000.0,7576437000.0,2019,7219027000.0,60435199000.0,2019-12-31,2020-02-12
13986,SUZANO S.A.,8443394000.0,-26412998000.0,30460277000.0,-10714935000.0,72899882000.0,101800748000.0,6835057000.0,13124636000.0,2020,26412998000.0,66064825000.0,2020-12-31,2021-02-10
13986,SUZANO S.A.,18180191000.0,-9619790000.0,40965431000.0,8635532000.0,79628629000.0,118975152000.0,13590776000.0,17637493000.0,2021,9619790000.0,66037853000.0,2021-12-31,2022-02-09
13986,SUZANO S.A.,22222781000.0,-4590370000.0,49830946000.0,23394887000.0,74574591000.0,133197968000.0,9505951000.0,21640620000.0,2022,4590370000.0,65068640000.0,2022-12-31,2023-02-28
13986,SUZANO S.A.,12216288000.0,-4659162000.0,39755575000.0,14106381000.0,77172692000.0,143593025000.0,8345871000.0,17315478000.0,2023,4659162000.0,68826821000.0,2023-12-31,2024-02-28
13986,SUZANO S.A.,15691092000.0,-30539579000.0,47403282000.0,-7044706000.0,101435531000.0,165936105000.0,9018818000.0,20604427000.0,2024,30539579000.0,92416713000.0,2024-12-31,2025-02-12
13986,SUZANO S.A.,10649009000.0,-6883755000.0,50115679000.0,13437687000.0,94801257000.0,167935519000.0,15179753000.0,18152175000.0,2025,6883755000.0,79621504000.0,2025-12-31,2026-02-10
21040,SYN PROP & TECH S.A.,228602000.0,-46358000.0,322293000.0,190999000.0,1626047000.0,3123325000.0,149251000.0,-582979000.0,2013,46358000.0,1476796000.0,2013-12-31,2014-02-24
21040,SYN PROP & TECH S.A.,244201000.0,-105518000.0,381861000.0,148818000.0,2483827000.0,4353542000.0,572990000.0,-482046000.0,2014,105518000.0,1910837000.0,2014-12-31,2015-03-20
21040,SYN PROP & TECH S.A.,259971000.0,-237795000.0,384293000.0,52238000.0,2488444000.0,4856183000.0,566073000.0,-271085000.0,2015,237795000.0,1922371000.0,2015-12-31,2016-03-10
21040,SYN PROP & TECH S.A.,287904000.0,-308012000.0,421251000.0,14360000.0,2462080000.0,4832899000.0,348578000.0,157148000.0,2016,308012000.0,2113502000.0,2016-12-31,2017-03-09
21040,SYN PROP & TECH S.A.,471070000.0,-254229000.0,446272000.0,222453000.0,1660027000.0,3639428000.0,170324000.0,146647000.0,2017,254229000.0,1489703000.0,2017-12-31,2019-08-29
21040,SYN PROP & TECH S.A.,212990000.0,-159487000.0,489767000.0,49702000.0,1733781000.0,3588425000.0,215896000.0,146722000.0,2018,159487000.0,1517885000.0,2018-12-31,2019-02-14
21040,SYN PROP & TECH S.A.,271089000.0,-157888000.0,470826000.0,96774000.0,2004757000.0,5311608000.0,401301000.0,179591000.0,2019,157888000.0,1603456000.0,2019-12-31,2020-02-17
21040,SYN PROP & TECH S.A.,244233000.0,-108342000.0,486324000.0,127991000.0,1490859000.0,4924971000.0,156076000.0,120355000.0,2020,108342000.0,1334783000.0,2020-12-31,2021-05-10
21040,SYN PROP & TECH S.A.,1634237000.0,-171973000.0,2306112000.0,1404193000.0,1600478000.0,4892885000.0,447021000.0,2202166000.0,2021,171973000.0,1153457000.0,2021-12-31,2022-02-25
21040,SYN PROP & TECH S.A.,142936000.0,-220019000.0,474499000.0,-32939000.0,1018540000.0,4075077000.0,132395000.0,17618000.0,2022,220019000.0,886145000.0,2022-12-31,2023-03-09
21040,SYN PROP & TECH S.A.,172363000.0,-190250000.0,424708000.0,5546000.0,973272000.0,4004467000.0,165346000.0,74188000.0,2023,190250000.0,807926000.0,2023-12-31,2024-03-07
21040,SYN PROP & TECH S.A.,834637000.0,-164858000.0,1357743000.0,659946000.0,819317000.0,3148170000.0,268587000.0,91259000.0,2024,164858000.0,550730000.0,2024-12-31,2025-03-27
21040,SYN PROP & TECH S.A.,155405000.0,-145295000.0,327667000.0,74867000.0,463650000.0,2278566000.0,167881000.0,50085000.0,2025,145295000.0,295769000.0,2025-12-31,2026-03-26
22454,T4F ENTRETENIMENTO S.A.,-5554000.0,-19864000.0,551323000.0,-14720000.0,67625000.0,678850000.0,163937000.0,63818000.0,2013,19864000.0,-96312000.0,2013-12-31,2014-02-25
22454,T4F ENTRETENIMENTO S.A.,-61474000.0,-19462000.0,552939000.0,-70321000.0,43717000.0,480382000.0,96448000.0,-27343000.0,2014,19462000.0,-52731000.0,2014-12-31,2015-03-02
22454,T4F ENTRETENIMENTO S.A.,30403000.0,-24499000.0,550979000.0,20888000.0,60588000.0,836384000.0,252232000.0,168971000.0,2015,24499000.0,-191644000.0,2015-12-31,2016-04-07
22454,T4F ENTRETENIMENTO S.A.,53285000.0,-28005000.0,792454000.0,26025000.0,43534000.0,538390000.0,128871000.0,-80499000.0,2016,28005000.0,-85337000.0,2016-12-31,2017-03-08
22454,T4F ENTRETENIMENTO S.A.,68120000.0,-14639000.0,652895000.0,45266000.0,25709000.0,697484000.0,204788000.0,86355000.0,2017,14639000.0,-179079000.0,2017-12-31,2018-04-11
22454,T4F ENTRETENIMENTO S.A.,32170000.0,-21367000.0,598383000.0,10623000.0,120896000.0,681871000.0,201088000.0,-78943000.0,2018,21367000.0,-80192000.0,2018-12-31,2019-03-01
22454,T4F ENTRETENIMENTO S.A.,-47616000.0,-31704000.0,393694000.0,-71779000.0,156062000.0,623274000.0,204649000.0,24075000.0,2019,31704000.0,-48587000.0,2019-12-31,2020-03-11
22454,T4F ENTRETENIMENTO S.A.,-79645000.0,-22206000.0,39987000.0,-109420000.0,144459000.0,529249000.0,201914000.0,-30130000.0,2020,22206000.0,-57455000.0,2020-12-31,2021-03-30
22454,T4F ENTRETENIMENTO S.A.,-56125000.0,-25059000.0,31314000.0,-64548000.0,133305000.0,541294000.0,223975000.0,9329000.0,2021,25059000.0,-90670000.0,2021-12-31,2022-03-24
22454,T4F ENTRETENIMENTO S.A.,34189000.0,-57568000.0,328491000.0,-8431000.0,91769000.0,513195000.0,180011000.0,13851000.0,2022,57568000.0,-88242000.0,2022-12-31,2023-03-22
22454,T4F ENTRETENIMENTO S.A.,89686000.0,-42922000.0,700768000.0,58198000.0,55312000.0,503259000.0,146200000.0,17140000.0,2023,42922000.0,-90888000.0,2023-12-31,2024-04-16
22454,T4F ENTRETENIMENTO S.A.,-28822000.0,-68953000.0,165654000.0,-68241000.0,89189000.0,410471000.0,111913000.0,-49884000.0,2024,68953000.0,-22724000.0,2024-12-31,2025-03-25
22454,T4F ENTRETENIMENTO S.A.,-22215000.0,-47328000.0,180765000.0,-54365000.0,49960000.0,337637000.0,71440000.0,-11613000.0,2025,47328000.0,-21480000.0,2025-12-31,2026-03-26
21717,TARPON INVESTIMENTOS S.A.,89167000.0,0.0,129568000.0,74040000.0,16000.0,92161000.0,17606000.0,59407000.0,2013,0.0,-17590000.0,2013-12-31,2014-01-28
21717,TARPON INVESTIMENTOS S.A.,27435000.0,-923000.0,72971000.0,13770000.0,0.0,70155000.0,32309000.0,55347000.0,2014,923000.0,-32309000.0,2014-12-31,2015-02-10
21717,TARPON INVESTIMENTOS S.A.,30720000.0,-3653000.0,75251000.0,19193000.0,0.0,73580000.0,34740000.0,20383000.0,2015,3653000.0,-34740000.0,2015-12-31,2016-02-11
21717,TARPON INVESTIMENTOS S.A.,13290000.0,-2008000.0,55025000.0,6320000.0,0.0,54811000.0,25742000.0,8094000.0,2016,2008000.0,-25742000.0,2016-12-31,2017-02-23
21717,TARPON INVESTIMENTOS S.A.,14126000.0,1489000.0,47085000.0,9430000.0,0.0,64457000.0,28285000.0,14150000.0,2017,1489000.0,-28285000.0,2017-12-31,2018-02-09
21717,TARPON INVESTIMENTOS S.A.,81810000.0,6984000.0,126511000.0,56179000.0,0.0,128297000.0,2733000.0,80748000.0,2018,6984000.0,-2733000.0,2018-12-31,2019-03-13
6173,TAURUS ARMAS S.A.,16029000.0,-175731000.0,807340000.0,-80310000.0,719246000.0,1184094000.0,281119000.0,191307000.0,2013,175731000.0,438127000.0,2013-12-31,2014-03-31
6173,TAURUS ARMAS S.A.,-92860000.0,-221970000.0,591536000.0,-185422000.0,616517000.0,979763000.0,104536000.0,51513000.0,2014,221970000.0,511981000.0,2014-12-31,2015-03-30
6173,TAURUS ARMAS S.A.,-60927000.0,-359325000.0,823809000.0,-253810000.0,539705000.0,1022340000.0,60312000.0,79189000.0,2015,359325000.0,479393000.0,2015-12-31,2016-03-24
6173,TAURUS ARMAS S.A.,-98240000.0,-104618000.0,830273000.0,-103027000.0,668112000.0,893057000.0,26708000.0,36276000.0,2016,104618000.0,641404000.0,2016-12-31,2017-03-27
6173,TAURUS ARMAS S.A.,-162855000.0,-120826000.0,784876000.0,-286028000.0,692683000.0,768958000.0,6679000.0,33823000.0,2017,120826000.0,686004000.0,2017-12-31,2018-04-04
6173,TAURUS ARMAS S.A.,46248000.0,-211683000.0,845287000.0,-59862000.0,816691000.0,921156000.0,26766000.0,32011000.0,2018,211683000.0,789925000.0,2018-12-31,2019-03-29
6173,TAURUS ARMAS S.A.,105664000.0,-116944000.0,999581000.0,43426000.0,749981000.0,1066440000.0,35966000.0,108788000.0,2019,116944000.0,714015000.0,2019-12-31,2020-03-30
6173,TAURUS ARMAS S.A.,434323000.0,-500046000.0,1773188000.0,263603000.0,766409000.0,1460650000.0,91231000.0,352007000.0,2020,500046000.0,675178000.0,2020-12-31,2021-03-19
6173,TAURUS ARMAS S.A.,973565000.0,-297256000.0,2740464000.0,635060000.0,693311000.0,2093620000.0,185764000.0,397939000.0,2021,297256000.0,507547000.0,2021-12-31,2022-03-15
6173,TAURUS ARMAS S.A.,760850000.0,-388110000.0,2540021000.0,519984000.0,488225000.0,2276173000.0,201219000.0,525345000.0,2022,388110000.0,287006000.0,2022-12-31,2023-03-21
6173,TAURUS ARMAS S.A.,218688000.0,-169424000.0,1781887000.0,152790000.0,528977000.0,2153861000.0,83362000.0,143919000.0,2023,169424000.0,445615000.0,2023-12-31,2024-03-26
6173,TAURUS ARMAS S.A.,208955000.0,-257425000.0,1672674000.0,76592000.0,747538000.0,2628647000.0,112614000.0,224157000.0,2024,257425000.0,634924000.0,2024-12-31,2025-03-25
6173,TAURUS ARMAS S.A.,52112000.0,-174527000.0,1463029000.0,17673000.0,907295000.0,2586405000.0,67547000.0,12939000.0,2025,174527000.0,839748000.0,2025-12-31,2026-03-24
26077,TC S.A.,-26810000.0,-2679000.0,91603000.0,1201000.0,8025000.0,646582000.0,318433000.0,-20781000.0,2021,2679000.0,-310408000.0,2021-12-31,2022-04-21
14133,TEC TOY S.A.,2633000.0,-9821000.0,122509000.0,-5691000.0,54019000.0,86565000.0,2454000.0,-16031000.0,2013,9821000.0,51565000.0,2013-12-31,2014-03-27
14133,TEC TOY S.A.,-18290000.0,-17515000.0,104263000.0,-32599000.0,68384000.0,71767000.0,1505000.0,-13220000.0,2014,17515000.0,66879000.0,2014-12-31,2015-03-30
14133,TEC TOY S.A.,-15879000.0,-20668000.0,17192000.0,-35653000.0,42215000.0,31139000.0,220000.0,2904000.0,2015,20668000.0,41995000.0,2015-12-31,2016-03-29
14133,TEC TOY S.A.,-12546000.0,-7680000.0,7981000.0,-8850000.0,1199000.0,28299000.0,95000.0,-9138000.0,2016,7680000.0,1104000.0,2016-12-31,2017-03-29
14133,TEC TOY S.A.,-21532000.0,-5394000.0,14044000.0,-21539000.0,549000.0,15670000.0,100000.0,-12853000.0,2017,5394000.0,449000.0,2017-12-31,2018-03-27
14133,TEC TOY S.A.,-2237000.0,-3512000.0,16399000.0,-2231000.0,991000.0,23662000.0,0.0,-11514000.0,2018,3512000.0,991000.0,2018-12-31,2019-03-26
22519,TECHNOS S.A.,48490000.0,-29310000.0,433696000.0,31522000.0,239793000.0,831946000.0,46343000.0,-12214000.0,2013,29310000.0,193450000.0,2013-12-31,2014-03-20
22519,TECHNOS S.A.,65180000.0,-40566000.0,413433000.0,46228000.0,171621000.0,796705000.0,32596000.0,80661000.0,2014,40566000.0,139025000.0,2014-12-31,2015-02-26
22519,TECHNOS S.A.,31655000.0,-58084000.0,397293000.0,22015000.0,167443000.0,776169000.0,20016000.0,54940000.0,2015,58084000.0,147427000.0,2015-12-31,2016-02-29
22519,TECHNOS S.A.,8545000.0,-85736000.0,360873000.0,-1936000.0,101519000.0,742508000.0,16978000.0,51451000.0,2016,85736000.0,84541000.0,2016-12-31,2017-02-23
22519,TECHNOS S.A.,-2921000.0,-45134000.0,340077000.0,-1919000.0,92044000.0,714867000.0,14829000.0,20925000.0,2017,45134000.0,77215000.0,2017-12-31,2018-03-27
22519,TECHNOS S.A.,-2902000.0,-78624000.0,305696000.0,14369000.0,106324000.0,792471000.0,69861000.0,74519000.0,2018,78624000.0,36463000.0,2018-12-31,2019-03-29
22519,TECHNOS S.A.,-126645000.0,-45519000.0,316225000.0,-122654000.0,101952000.0,676091000.0,54109000.0,5214000.0,2019,45519000.0,47843000.0,2019-12-31,2020-04-01
22519,TECHNOS S.A.,-9616000.0,-78936000.0,244607000.0,-28163000.0,138200000.0,598815000.0,65258000.0,12952000.0,2020,78936000.0,72942000.0,2020-12-31,2021-03-18
22519,TECHNOS S.A.,50649000.0,-27277000.0,314402000.0,28081000.0,133699000.0,642730000.0,89633000.0,42457000.0,2021,27277000.0,44066000.0,2021-12-31,2022-03-15
22519,TECHNOS S.A.,55603000.0,-37123000.0,351232000.0,39925000.0,120265000.0,642766000.0,98325000.0,42437000.0,2022,37123000.0,21940000.0,2022-12-31,2023-03-13
22519,TECHNOS S.A.,61716000.0,-27125000.0,342347000.0,56213000.0,93819000.0,665615000.0,125152000.0,75704000.0,2023,27125000.0,-31333000.0,2023-12-31,2025-01-29
22519,TECHNOS S.A.,66764000.0,-25067000.0,400280000.0,64833000.0,107763000.0,724487000.0,119913000.0,48231000.0,2024,25067000.0,-12150000.0,2024-12-31,2025-03-10
22519,TECHNOS S.A.,74848000.0,-33998000.0,478423000.0,71475000.0,47062000.0,693048000.0,37264000.0,28015000.0,2025,33998000.0,9798000.0,2025-12-31,2026-03-09
26760,TECIDOS E ARMARINHOS MIGUEL BARTOLOMEU S.A.,640959000.0,-37284000.0,4468988000.0,440973000.0,223221000.0,2248459000.0,108513000.0,171941000.0,2022,37284000.0,114708000.0,2022-12-31,2023-03-24
26760,TECIDOS E ARMARINHOS MIGUEL BARTOLOMEU S.A.,474504000.0,-49328000.0,4729161000.0,331590000.0,392552000.0,2623280000.0,186610000.0,302934000.0,2023,49328000.0,205942000.0,2023-12-31,2024-03-26
26760,TECIDOS E ARMARINHOS MIGUEL BARTOLOMEU S.A.,412914000.0,-74285000.0,5014989000.0,267102000.0,780950000.0,2920928000.0,99848000.0,275785000.0,2024,74285000.0,681102000.0,2024-12-31,2025-03-28
26760,TECIDOS E ARMARINHOS MIGUEL BARTOLOMEU S.A.,469583000.0,-188135000.0,5464805000.0,250330000.0,1553178000.0,3301830000.0,87445000.0,103133000.0,2025,188135000.0,1465733000.0,2025-12-31,2026-03-24
20435,TECNISA S.A.,322059000.0,-87119000.0,1832249000.0,285449000.0,2273088000.0,4690095000.0,335134000.0,30884000.0,2013,87119000.0,1937954000.0,2013-12-31,2014-04-29
20435,TECNISA S.A.,183173000.0,-42168000.0,1596683000.0,211790000.0,2368932000.0,4798379000.0,251831000.0,-28834000.0,2014,42168000.0,2117101000.0,2014-12-31,2015-03-23
20435,TECNISA S.A.,249923000.0,-52079000.0,1271749000.0,292905000.0,1344409000.0,3712812000.0,99026000.0,269239000.0,2015,52079000.0,1245383000.0,2015-12-31,2016-03-22
20435,TECNISA S.A.,-465077000.0,-49584000.0,341077000.0,-456443000.0,1067029000.0,3128240000.0,12117000.0,43706000.0,2016,49584000.0,1054912000.0,2016-12-31,2017-03-23
20435,TECNISA S.A.,-473550000.0,-89708000.0,307989000.0,-531594000.0,699814000.0,2319137000.0,10254000.0,145968000.0,2017,89708000.0,689560000.0,2017-12-31,2018-03-22
20435,TECNISA S.A.,-216698000.0,-87591000.0,175933000.0,-283288000.0,608660000.0,1936500000.0,14536000.0,79809000.0,2018,87591000.0,594124000.0,2018-12-31,2019-06-14
20435,TECNISA S.A.,-212234000.0,-66510000.0,365965000.0,-262374000.0,348310000.0,1718538000.0,251919000.0,114162000.0,2019,66510000.0,96391000.0,2019-12-31,2020-03-18
20435,TECNISA S.A.,-142561000.0,-45130000.0,180647000.0,-166875000.0,519122000.0,1743807000.0,101813000.0,-252782000.0,2020,45130000.0,417309000.0,2020-12-31,2021-03-18
20435,TECNISA S.A.,-128110000.0,-81488000.0,146363000.0,-185641000.0,561481000.0,1556408000.0,103863000.0,-167120000.0,2021,81488000.0,457618000.0,2021-12-31,2022-03-24
20435,TECNISA S.A.,22671000.0,-40583000.0,237347000.0,2300000.0,648566000.0,1607828000.0,113662000.0,-11405000.0,2022,40583000.0,534904000.0,2022-12-31,2023-03-23
20435,TECNISA S.A.,-34393000.0,-39172000.0,437120000.0,-55267000.0,719437000.0,1527112000.0,83865000.0,-160520000.0,2023,39172000.0,635572000.0,2023-12-31,2024-03-28
20435,TECNISA S.A.,-107429000.0,-57236000.0,470626000.0,-151053000.0,678478000.0,1339070000.0,130821000.0,106285000.0,2024,57236000.0,547657000.0,2024-12-31,2025-03-26
20435,TECNISA S.A.,-35113000.0,-72376000.0,214539000.0,-100131000.0,711062000.0,1197783000.0,199508000.0,12389000.0,2025,72376000.0,511554000.0,2025-12-31,2026-03-26
27847,TECNOGERA-LOCAÇÃO E TRANSFORMAÇÃO DE ENERGIA S.A.,15278000.0,-20128000.0,299402000.0,-2966000.0,141383000.0,306024000.0,12543000.0,-8164000.0,2023,20128000.0,128840000.0,2023-12-31,2024-12-30
27847,TECNOGERA-LOCAÇÃO E TRANSFORMAÇÃO DE ENERGIA S.A.,121649000.0,-40839000.0,483024000.0,66501000.0,264159000.0,553487000.0,41113000.0,116326000.0,2024,40839000.0,223046000.0,2024-12-31,2025-05-02
27847,TECNOGERA-LOCAÇÃO E TRANSFORMAÇÃO DE ENERGIA S.A.,153568000.0,-98819000.0,678803000.0,82371000.0,450256000.0,1197310000.0,65533000.0,346699000.0,2025,98819000.0,384723000.0,2025-12-31,2026-03-31
11207,TECNOSOLO ENGENHARIA S.A. - EMPRESA FALIDA,-45746000.0,-268000.0,11052000.0,7178000.0,48624000.0,211294000.0,176000.0,82893000.0,2013,268000.0,48448000.0,2013-12-31,2014-04-07
11207,TECNOSOLO ENGENHARIA S.A. - EMPRESA FALIDA,6789000.0,-773000.0,34980000.0,6226000.0,51714000.0,227645000.0,633000.0,-4610000.0,2014,773000.0,51081000.0,2014-12-31,2015-03-31
11207,TECNOSOLO ENGENHARIA S.A. - EMPRESA FALIDA,6823000.0,-3989000.0,79337000.0,506000.0,49277000.0,241030000.0,1008000.0,3337000.0,2015,3989000.0,48269000.0,2015-12-31,2016-03-31
11207,TECNOSOLO ENGENHARIA S.A. - EMPRESA FALIDA,2099000.0,-2225000.0,17527000.0,-635000.0,48829000.0,243385000.0,0.0,-1592000.0,2016,2225000.0,48829000.0,2016-12-31,2017-04-12
11207,TECNOSOLO ENGENHARIA S.A. - EMPRESA FALIDA,-27123000.0,-1843000.0,1609000.0,-14563000.0,34467000.0,224583000.0,1000.0,14362000.0,2017,1843000.0,34466000.0,2017-12-31,2018-03-31
11207,TECNOSOLO ENGENHARIA S.A. - EMPRESA FALIDA,-1173000.0,-2000.0,2462000.0,-1175000.0,34467000.0,228742000.0,2000.0,1000.0,2018,2000.0,34465000.0,2018-12-31,2019-03-30
11207,TECNOSOLO ENGENHARIA S.A. - EMPRESA FALIDA,-1720000.0,-1000.0,0.0,-372000.0,33469000.0,232726000.0,7000.0,1526000.0,2019,1000.0,33462000.0,2019-12-31,2020-06-01
11207,TECNOSOLO ENGENHARIA S.A. - EMPRESA FALIDA,-706000.0,0.0,0.0,-706000.0,33470000.0,234944000.0,7000.0,276000.0,2020,0.0,33463000.0,2020-12-31,2021-03-31
11207,TECNOSOLO ENGENHARIA S.A. - EMPRESA FALIDA,-634000.0,0.0,0.0,-634000.0,33829000.0,236228000.0,7000.0,-265000.0,2021,0.0,33822000.0,2021-12-31,2022-01-26
20800,TEGMA GESTAO LOGISTICA S.A.,110846000.0,-151385000.0,1772493000.0,39476000.0,528040000.0,1200483000.0,204448000.0,113791000.0,2013,151385000.0,323592000.0,2013-12-31,2014-03-26
20800,TEGMA GESTAO LOGISTICA S.A.,134646000.0,-85491000.0,1439553000.0,-22945000.0,509355000.0,1054376000.0,227857000.0,-123371000.0,2014,85491000.0,281498000.0,2014-12-31,2015-03-26
20800,TEGMA GESTAO LOGISTICA S.A.,44131000.0,-68747000.0,1122564000.0,9930000.0,364297000.0,909304000.0,214259000.0,112010000.0,2015,68747000.0,150038000.0,2015-12-31,2016-03-21
20800,TEGMA GESTAO LOGISTICA S.A.,56676000.0,-62357000.0,923891000.0,13826000.0,291577000.0,828122000.0,192858000.0,84359000.0,2016,62357000.0,98719000.0,2016-12-31,2017-03-21
20800,TEGMA GESTAO LOGISTICA S.A.,108709000.0,-31812000.0,1083975000.0,103763000.0,222874000.0,837851000.0,148732000.0,85002000.0,2017,31812000.0,74142000.0,2017-12-31,2018-03-20
20800,TEGMA GESTAO LOGISTICA S.A.,153416000.0,-33836000.0,1253779000.0,108249000.0,160200000.0,809433000.0,83542000.0,104890000.0,2018,33836000.0,76658000.0,2018-12-31,2019-03-19
20800,TEGMA GESTAO LOGISTICA S.A.,242601000.0,-23833000.0,1347320000.0,193972000.0,218079000.0,985421000.0,67332000.0,177570000.0,2019,23833000.0,150747000.0,2019-12-31,2020-03-31
20800,TEGMA GESTAO LOGISTICA S.A.,106209000.0,-33239000.0,1012035000.0,73509000.0,254352000.0,1026932000.0,260387000.0,203723000.0,2020,33239000.0,-6035000.0,2020-12-31,2021-03-09
20800,TEGMA GESTAO LOGISTICA S.A.,127409000.0,-21283000.0,1007343000.0,107785000.0,198613000.0,1044778000.0,147128000.0,53501000.0,2021,21283000.0,51485000.0,2021-12-31,2022-03-09
20800,TEGMA GESTAO LOGISTICA S.A.,201182000.0,-21990000.0,1370509000.0,159664000.0,155303000.0,1111080000.0,190299000.0,207790000.0,2022,21990000.0,-34996000.0,2022-12-31,2023-03-24
20800,TEGMA GESTAO LOGISTICA S.A.,226538000.0,-27647000.0,1583468000.0,181912000.0,172269000.0,1199711000.0,232539000.0,216436000.0,2023,27647000.0,-60270000.0,2023-12-31,2024-03-11
20800,TEGMA GESTAO LOGISTICA S.A.,368693000.0,-26512000.0,2090127000.0,270612000.0,177073000.0,1329394000.0,241335000.0,258687000.0,2024,26512000.0,-64262000.0,2024-12-31,2025-03-10
20800,TEGMA GESTAO LOGISTICA S.A.,326884000.0,-35006000.0,2225428000.0,242963000.0,202017000.0,1336745000.0,113860000.0,243240000.0,2025,35006000.0,88157000.0,2025-12-31,2026-03-09
25844,TEGRA INCORPORADORA S.A.,82642000.0,-6097000.0,499169000.0,60530000.0,640231000.0,3655533000.0,576761000.0,130962000.0,2020,6097000.0,63470000.0,2020-12-31,2021-04-09
25844,TEGRA INCORPORADORA S.A.,162091000.0,-36666000.0,1472883000.0,160743000.0,632003000.0,4000426000.0,586089000.0,109456000.0,2021,36666000.0,45914000.0,2021-12-31,2022-04-01
25844,TEGRA INCORPORADORA S.A.,159775000.0,-21695000.0,1497439000.0,192482000.0,515719000.0,4008447000.0,471137000.0,150754000.0,2022,21695000.0,44582000.0,2022-12-31,2023-03-24
25844,TEGRA INCORPORADORA S.A.,119142000.0,-30822000.0,1269463000.0,112580000.0,753549000.0,4525540000.0,402874000.0,-291964000.0,2023,30822000.0,350675000.0,2023-12-31,2024-03-14
25844,TEGRA INCORPORADORA S.A.,42454000.0,-41856000.0,1294214000.0,2227000.0,740486000.0,4363208000.0,319829000.0,-44433000.0,2024,41856000.0,420657000.0,2024-12-31,2025-03-17
25844,TEGRA INCORPORADORA S.A.,-69832000.0,-20623000.0,1205697000.0,-77042000.0,868841000.0,4263825000.0,387511000.0,-59377000.0,2025,20623000.0,481330000.0,2025-12-31,2026-03-31
11223,TEKA-TECELAGEM KUEHNRICH S.A. - EM RECUPERAÇÃO JUDICIAL,-52512000.0,-121468000.0,114594000.0,-154873000.0,285357000.0,832116000.0,2199000.0,-21958000.0,2013,121468000.0,283158000.0,2013-12-31,2014-03-31
11223,TEKA-TECELAGEM KUEHNRICH S.A. - EM RECUPERAÇÃO JUDICIAL,-32602000.0,-143437000.0,119964000.0,-138650000.0,319285000.0,830958000.0,487000.0,-3516000.0,2014,143437000.0,318798000.0,2014-12-31,2015-03-30
11223,TEKA-TECELAGEM KUEHNRICH S.A. - EM RECUPERAÇÃO JUDICIAL,3021000.0,-173707000.0,141602000.0,-130450000.0,364374000.0,883757000.0,339000.0,1102000.0,2015,173707000.0,364035000.0,2015-12-31,2016-04-05
11223,TEKA-TECELAGEM KUEHNRICH S.A. - EM RECUPERAÇÃO JUDICIAL,10721000.0,-190390000.0,158619000.0,-133952000.0,426675000.0,949582000.0,310000.0,-8626000.0,2016,190390000.0,426365000.0,2016-12-31,2017-03-29
11223,TEKA-TECELAGEM KUEHNRICH S.A. - EM RECUPERAÇÃO JUDICIAL,-20176000.0,-182169000.0,132023000.0,-168359000.0,480538000.0,970346000.0,83000.0,3203000.0,2017,182169000.0,480455000.0,2017-12-31,2018-06-22
11223,TEKA-TECELAGEM KUEHNRICH S.A. - EM RECUPERAÇÃO JUDICIAL,-18557000.0,-132535000.0,149157000.0,-125613000.0,425906000.0,965579000.0,146000.0,-11059000.0,2018,132535000.0,425760000.0,2018-12-31,2019-03-27
11223,TEKA-TECELAGEM KUEHNRICH S.A. - EM RECUPERAÇÃO JUDICIAL,-28449000.0,-129269000.0,148725000.0,-129030000.0,469276000.0,979499000.0,575000.0,2207000.0,2019,129269000.0,468701000.0,2019-12-31,2020-03-30
11223,TEKA-TECELAGEM KUEHNRICH S.A. - EM RECUPERAÇÃO JUDICIAL,-2042000.0,-130417000.0,132099000.0,-115783000.0,514073000.0,1002531000.0,184000.0,294000.0,2020,130417000.0,513889000.0,2020-12-31,2021-03-29
11223,TEKA-TECELAGEM KUEHNRICH S.A. - EM RECUPERAÇÃO JUDICIAL,25364000.0,-123275000.0,228063000.0,-80118000.0,559310000.0,1061314000.0,610000.0,-23290000.0,2021,123275000.0,558700000.0,2021-12-31,2022-03-25
11223,TEKA-TECELAGEM KUEHNRICH S.A. - EM RECUPERAÇÃO JUDICIAL,-107669000.0,-100133000.0,266136000.0,-159690000.0,503203000.0,1099856000.0,551000.0,-15570000.0,2022,100133000.0,502652000.0,2022-12-31,2023-03-24
11223,TEKA-TECELAGEM KUEHNRICH S.A. - EM RECUPERAÇÃO JUDICIAL,-4330000.0,-200273000.0,297650000.0,-151545000.0,545622000.0,1176189000.0,314000.0,18137000.0,2023,200273000.0,545308000.0,2023-12-31,2024-03-27
11223,TEKA-TECELAGEM KUEHNRICH S.A. - EM RECUPERAÇÃO JUDICIAL,-35848000.0,-159939000.0,336014000.0,146796000.0,57011000.0,1148003000.0,1691000.0,-587000.0,2024,159939000.0,55320000.0,2024-12-31,2025-11-04
11231,TEKNO S.A. - INDUSTRIA E COMERCIO,19275000.0,-258000.0,152919000.0,21581000.0,0.0,244027000.0,47329000.0,14078000.0,2013,258000.0,-47329000.0,2013-12-31,2014-03-27
11231,TEKNO S.A. - INDUSTRIA E COMERCIO,2461000.0,-224000.0,137252000.0,4442000.0,415000.0,242655000.0,59249000.0,28842000.0,2014,224000.0,-58834000.0,2014-12-31,2015-03-27
11231,TEKNO S.A. - INDUSTRIA E COMERCIO,-15367000.0,-338000.0,121346000.0,-8962000.0,305000.0,230733000.0,51654000.0,6440000.0,2015,338000.0,-51349000.0,2015-12-31,2016-03-29
11231,TEKNO S.A. - INDUSTRIA E COMERCIO,-25662000.0,-473000.0,110644000.0,-16818000.0,6564000.0,219602000.0,34887000.0,-14779000.0,2016,473000.0,-28323000.0,2016-12-31,2017-03-28
11231,TEKNO S.A. - INDUSTRIA E COMERCIO,-19963000.0,-2475000.0,124056000.0,-15704000.0,5791000.0,204819000.0,20753000.0,-11397000.0,2017,2475000.0,-14962000.0,2017-12-31,2018-03-23
11231,TEKNO S.A. - INDUSTRIA E COMERCIO,-2975000.0,-1434000.0,137170000.0,718000.0,6363000.0,214634000.0,16786000.0,-556000.0,2018,1434000.0,-10423000.0,2018-12-31,2019-03-28
11231,TEKNO S.A. - INDUSTRIA E COMERCIO,12228000.0,-1037000.0,149259000.0,9383000.0,3313000.0,228827000.0,27670000.0,14119000.0,2019,1037000.0,-24357000.0,2019-12-31,2020-03-26
11231,TEKNO S.A. - INDUSTRIA E COMERCIO,24664000.0,-941000.0,182413000.0,12800000.0,4699000.0,240763000.0,44391000.0,16857000.0,2020,941000.0,-39692000.0,2020-12-31,2021-03-26
11231,TEKNO S.A. - INDUSTRIA E COMERCIO,72772000.0,-2460000.0,311648000.0,66068000.0,23316000.0,336528000.0,48800000.0,4237000.0,2021,2460000.0,-25484000.0,2021-12-31,2022-03-25
11231,TEKNO S.A. - INDUSTRIA E COMERCIO,52077000.0,-4249000.0,307860000.0,38250000.0,2764000.0,343316000.0,37537000.0,37907000.0,2022,4249000.0,-34773000.0,2022-12-31,2023-03-23
11231,TEKNO S.A. - INDUSTRIA E COMERCIO,39951000.0,-784000.0,277843000.0,36109000.0,2413000.0,355547000.0,49747000.0,39609000.0,2023,784000.0,-47334000.0,2023-12-31,2024-03-21
11231,TEKNO S.A. - INDUSTRIA E COMERCIO,56169000.0,-638000.0,301033000.0,50411000.0,1647000.0,409132000.0,91490000.0,61198000.0,2024,638000.0,-89843000.0,2024-12-31,2025-07-02
11231,TEKNO S.A. - INDUSTRIA E COMERCIO,32139000.0,-1001000.0,296981000.0,30018000.0,1993000.0,353075000.0,37365000.0,29311000.0,2025,1001000.0,-35372000.0,2025-12-31,2026-03-27
11258,TELEC BRASILEIRAS S.A. TELEBRAS,-51402000.0,-65956000.0,155543000.0,-117358000.0,0.0,1833542000.0,0.0,246216000.0,2014,65956000.0,0.0,2014-12-31,2015-03-24
11258,TELEC BRASILEIRAS S.A. TELEBRAS,-167429000.0,0.0,45092000.0,-235633000.0,243876000.0,2554529000.0,0.0,62031000.0,2015,0.0,243876000.0,2015-12-31,2016-03-22
11258,TELEC BRASILEIRAS S.A. TELEBRAS,-193935000.0,-87699000.0,56054000.0,-270883000.0,249514000.0,3059928000.0,282735000.0,-180419000.0,2016,87699000.0,-33221000.0,2016-12-31,2017-03-10
17671,TELEFÔNICA BRASIL S.A,4877124000.0,-1963037000.0,34721897000.0,3715945000.0,8753555000.0,69541075000.0,6543936000.0,9576280000.0,2013,1963037000.0,2209619000.0,2013-12-31,2014-02-26
17671,TELEFÔNICA BRASIL S.A,5115969000.0,-2345381000.0,34999969000.0,4936659000.0,7799260000.0,73065288000.0,4692689000.0,9384219000.0,2014,2345381000.0,3106571000.0,2014-12-31,2015-02-24
17671,TELEFÔNICA BRASIL S.A,5241634000.0,-5576843000.0,40286815000.0,3420249000.0,10221290000.0,101685064000.0,5336845000.0,9897205000.0,2015,5576843000.0,4884445000.0,2015-12-31,2016-02-24
17671,TELEFÔNICA BRASIL S.A,6369263000.0,-4015900000.0,42508459000.0,4085242000.0,9224074000.0,102066259000.0,5105110000.0,11440825000.0,2016,4015900000.0,4118964000.0,2016-12-31,2017-02-21
17671,TELEFÔNICA BRASIL S.A,6633817000.0,-2659002000.0,43206832000.0,4608790000.0,8461841000.0,101382835000.0,4050338000.0,12641060000.0,2017,2659002000.0,4411503000.0,2017-12-31,2018-02-21
17671,TELEFÔNICA BRASIL S.A,9450337000.0,-2285487000.0,43462740000.0,8928258000.0,6139437000.0,102561318000.0,3381328000.0,11941427000.0,2018,2285487000.0,2758109000.0,2018-12-31,2019-02-20
17671,TELEFÔNICA BRASIL S.A,7214676000.0,-1953011000.0,44268171000.0,5001014000.0,13824673000.0,108289722000.0,3393377000.0,17721196000.0,2019,1953011000.0,10431296000.0,2019-12-31,2020-02-19
17671,TELEFÔNICA BRASIL S.A,6581663000.0,-1924959000.0,43126472000.0,4770527000.0,13239166000.0,108738378000.0,5762081000.0,19341750000.0,2020,1924959000.0,7477085000.0,2020-12-31,2021-02-23
17671,TELEFÔNICA BRASIL S.A,7086109000.0,-2437113000.0,44032613000.0,6229357000.0,16933978000.0,115663533000.0,6448483000.0,18072600000.0,2021,2437113000.0,10485495000.0,2021-12-31,2022-02-22
17671,TELEFÔNICA BRASIL S.A,6597911000.0,-3982518000.0,48041162000.0,4057902000.0,19301796000.0,119121483000.0,2273834000.0,18941925000.0,2022,3982518000.0,17027962000.0,2022-12-31,2023-02-17
17671,TELEFÔNICA BRASIL S.A,7917825000.0,-4386077000.0,52100151000.0,5039977000.0,18737227000.0,120737980000.0,4358276000.0,18785926000.0,2023,4386077000.0,14378951000.0,2023-12-31,2024-02-20
17671,TELEFÔNICA BRASIL S.A,8673512000.0,-3453976000.0,55845048000.0,5557332000.0,20746530000.0,124940673000.0,6691098000.0,19876568000.0,2024,3453976000.0,14055432000.0,2024-12-31,2025-02-25
17671,TELEFÔNICA BRASIL S.A,9859278000.0,-4429241000.0,59595000000.0,6177543000.0,20346681000.0,128071708000.0,7032339000.0,20717402000.0,2025,4429241000.0,13314342000.0,2025-12-31,2026-02-23
18678,TELEMAR PARTICIPAÇÕES SA,3799772000.0,-4983388000.0,28422147000.0,175039000.0,39112722000.0,78405349000.0,2484908000.0,7119556000.0,2013,4983388000.0,36627814000.0,2013-12-31,2014-02-19
18678,TELEMAR PARTICIPAÇÕES SA,4337426000.0,-6066164000.0,28247099000.0,-5474271000.0,35849395000.0,110183994000.0,2472844000.0,4549687000.0,2014,6066164000.0,33376551000.0,2014-12-31,2015-03-27
17418,TELINVEST S.A.,-669000.0,-82000.0,0.0,-162000.0,0.0,7214000.0,991000.0,-571000.0,2013,82000.0,-991000.0,2013-12-31,2014-03-31
17418,TELINVEST S.A.,-890000.0,-68000.0,0.0,-229000.0,0.0,6998000.0,122000.0,-869000.0,2014,68000.0,-122000.0,2014-12-31,2015-03-30
17418,TELINVEST S.A.,-8393000.0,-94000.0,0.0,-7807000.0,0.0,495000.0,6000.0,-8141000.0,2015,94000.0,-6000.0,2015-12-31,2016-03-31
17418,TELINVEST S.A.,-1203000.0,-104000.0,0.0,-1300000.0,0.0,463000.0,1000.0,-864000.0,2016,104000.0,-1000.0,2016-12-31,2017-03-29
19917,TEMPO PARTICIPAÇOES S/A,49091000.0,-12817000.0,1160141000.0,40347000.0,28169000.0,596726000.0,190000.0,42850000.0,2013,12817000.0,27979000.0,2013-12-31,2014-03-26
19917,TEMPO PARTICIPAÇOES S/A,58516000.0,-10670000.0,671646000.0,94530000.0,32733000.0,346803000.0,635000.0,191556000.0,2014,10670000.0,32098000.0,2014-12-31,2015-03-04
19917,TEMPO PARTICIPAÇOES S/A,52832000.0,-9440000.0,681735000.0,57381000.0,31557000.0,331768000.0,13000.0,109378000.0,2015,9440000.0,31544000.0,2015-12-31,2016-03-02
27804,TERP GLBL BRASIL I PARTICIPAÇÕES S.A.,165826000.0,-9013000.0,335932000.0,149387000.0,797633000.0,939894000.0,658000.0,300821000.0,2024,9013000.0,796975000.0,2024-12-31,2025-02-20
27804,TERP GLBL BRASIL I PARTICIPAÇÕES S.A.,203913000.0,-150585000.0,387372000.0,66065000.0,1003346000.0,1178442000.0,1176000.0,178903000.0,2025,150585000.0,1002170000.0,2025-12-31,2026-03-27
20354,TERRA SANTA AGRO S.A.,-201850000.0,-151721000.0,730399000.0,-229873000.0,646768000.0,2419546000.0,51514000.0,-161206000.0,2013,151721000.0,595254000.0,2013-12-31,2014-03-27
20354,TERRA SANTA AGRO S.A.,-81683000.0,-99179000.0,859249000.0,-75487000.0,913439000.0,2510005000.0,147297000.0,-82982000.0,2014,99179000.0,766142000.0,2014-12-31,2015-03-30
20354,TERRA SANTA AGRO S.A.,-71604000.0,-105540000.0,931127000.0,-161500000.0,978136000.0,2396399000.0,25414000.0,86153000.0,2015,105540000.0,952722000.0,2015-12-31,2016-03-23
20354,TERRA SANTA AGRO S.A.,-113538000.0,-93163000.0,842275000.0,-148078000.0,751170000.0,2102087000.0,4232000.0,69143000.0,2016,93163000.0,746938000.0,2016-12-31,2017-03-09
20354,TERRA SANTA AGRO S.A.,48391000.0,-141400000.0,796315000.0,7350000.0,791696000.0,2222459000.0,10561000.0,14427000.0,2017,141400000.0,781135000.0,2017-12-31,2018-03-27
20354,TERRA SANTA AGRO S.A.,136808000.0,-140040000.0,1119007000.0,42262000.0,882755000.0,2325009000.0,30677000.0,53012000.0,2018,140040000.0,852078000.0,2018-12-31,2019-03-21
20354,TERRA SANTA AGRO S.A.,-24994000.0,-136366000.0,961227000.0,-134719000.0,829738000.0,2488577000.0,50357000.0,94692000.0,2019,136366000.0,779381000.0,2019-12-31,2020-03-12
20354,TERRA SANTA AGRO S.A.,248398000.0,-332702000.0,1233462000.0,-56848000.0,1097935000.0,2909605000.0,82804000.0,64272000.0,2020,332702000.0,1015131000.0,2020-12-31,2021-03-10
26000,TERRA SANTA PROPRIEDADES AGRÍCOLAS S.A.,75275000.0,-17552000.0,104267000.0,38024000.0,72367000.0,1008081000.0,23215000.0,114186000.0,2021,17552000.0,49152000.0,2021-12-31,2022-03-15
26000,TERRA SANTA PROPRIEDADES AGRÍCOLAS S.A.,56112000.0,-16184000.0,95011000.0,137168000.0,29737000.0,974760000.0,2051000.0,45574000.0,2022,16184000.0,27686000.0,2022-12-31,2023-03-14
26000,TERRA SANTA PROPRIEDADES AGRÍCOLAS S.A.,59427000.0,-16509000.0,91726000.0,35214000.0,110435000.0,942362000.0,2084000.0,53715000.0,2023,16509000.0,108351000.0,2023-12-31,2024-03-18
26000,TERRA SANTA PROPRIEDADES AGRÍCOLAS S.A.,20426000.0,-14783000.0,68332000.0,7332000.0,99296000.0,942768000.0,8832000.0,27465000.0,2024,14783000.0,90464000.0,2024-12-31,2025-03-17
26000,TERRA SANTA PROPRIEDADES AGRÍCOLAS S.A.,-987000.0,-16738000.0,96574000.0,4745000.0,68804000.0,913959000.0,11639000.0,36017000.0,2025,16738000.0,57165000.0,2025-12-31,2026-03-16
7544,TEXTIL RENAUXVIEW S.A.,2838000.0,-22143000.0,90166000.0,-19771000.0,66634000.0,122379000.0,535000.0,2987000.0,2013,22143000.0,66099000.0,2013-12-31,2014-04-01
7544,TEXTIL RENAUXVIEW S.A.,-2676000.0,-39153000.0,87968000.0,-33671000.0,61513000.0,110803000.0,1289000.0,12065000.0,2014,39153000.0,60224000.0,2014-12-31,2015-03-30
7544,TEXTIL RENAUXVIEW S.A.,-13051000.0,-136955000.0,76309000.0,-149018000.0,247465000.0,182857000.0,233000.0,936000.0,2015,136955000.0,247232000.0,2015-12-31,2016-04-01
7544,TEXTIL RENAUXVIEW S.A.,1429000.0,-87831000.0,86151000.0,-84730000.0,301862000.0,183946000.0,338000.0,5959000.0,2016,87831000.0,301524000.0,2016-12-31,2017-03-29
7544,TEXTIL RENAUXVIEW S.A.,170789000.0,-74518000.0,84949000.0,96717000.0,72894000.0,178094000.0,88000.0,2662000.0,2017,74518000.0,72806000.0,2017-12-31,2018-03-26
7544,TEXTIL RENAUXVIEW S.A.,13881000.0,-25665000.0,87326000.0,-11442000.0,189074000.0,175161000.0,861000.0,3734000.0,2018,25665000.0,188213000.0,2018-12-31,2019-03-28
7544,TEXTIL RENAUXVIEW S.A.,24747000.0,-4613000.0,105061000.0,21408000.0,205966000.0,184355000.0,403000.0,3715000.0,2019,4613000.0,205563000.0,2019-12-31,2020-03-31
7544,TEXTIL RENAUXVIEW S.A.,3766000.0,-28262000.0,83536000.0,-17905000.0,232963000.0,191519000.0,169000.0,-753000.0,2020,28262000.0,232794000.0,2020-12-31,2021-03-26
7544,TEXTIL RENAUXVIEW S.A.,31197000.0,-54575000.0,162082000.0,-21790000.0,277515000.0,210391000.0,236000.0,3887000.0,2021,54575000.0,277279000.0,2021-12-31,2022-03-25
7544,TEXTIL RENAUXVIEW S.A.,32055000.0,-32303000.0,212423000.0,1123000.0,309944000.0,250746000.0,178000.0,-3397000.0,2022,32303000.0,309766000.0,2022-12-31,2023-03-24
7544,TEXTIL RENAUXVIEW S.A.,47492000.0,-31576000.0,132711000.0,16745000.0,297105000.0,196627000.0,424000.0,85482000.0,2023,31576000.0,296681000.0,2023-12-31,2024-03-28
7544,TEXTIL RENAUXVIEW S.A.,6105000.0,-46254000.0,117684000.0,-39446000.0,317562000.0,175170000.0,298000.0,14124000.0,2024,46254000.0,317264000.0,2024-12-31,2025-03-28
7544,TEXTIL RENAUXVIEW S.A.,-9408000.0,-49708000.0,115881000.0,-57092000.0,352046000.0,173064000.0,100000.0,-3497000.0,2025,49708000.0,351946000.0,2025-12-31,2026-03-30
80136,TGLT S/A,-73206819.0,-21389366.0,66222960.0,-25289885.0,108150778.0,887099274.0,43530897.0,-39743387.0,2013,21389366.0,64619881.0,2013-12-31,2014-03-21
80136,TGLT S/A,-10380837.0,-23221011.0,119029597.0,-5998482.0,121144511.0,997536002.0,19183152.0,-43751131.0,2014,23221011.0,101961359.0,2014-12-31,2015-03-16
80136,TGLT S/A,3964528.0,-42538254.0,300721553.0,-25951722.0,135992911.0,1212364637.0,28683620.0,-7012048.0,2015,42538254.0,107309291.0,2015-12-31,2016-03-18
26255,TIGRE S.A. PARTICIPAÇÕES,489607000.0,-371799000.0,3330316000.0,449643000.0,912239000.0,4021184000.0,394726000.0,91924000.0,2020,371799000.0,517513000.0,2020-12-31,2021-08-23
26255,TIGRE S.A. PARTICIPAÇÕES,887944000.0,-679750000.0,5653688000.0,569233000.0,1899301000.0,5406969000.0,645818000.0,261348000.0,2021,679750000.0,1253483000.0,2021-12-31,2022-03-21
26255,TIGRE S.A. PARTICIPAÇÕES,920411000.0,-369151000.0,5880765000.0,612356000.0,1825483000.0,6205113000.0,1500429000.0,604373000.0,2022,369151000.0,325054000.0,2022-12-31,2023-03-22
26255,TIGRE S.A. PARTICIPAÇÕES,504289000.0,-550321000.0,4899653000.0,272530000.0,1373020000.0,4872664000.0,747714000.0,788683000.0,2023,550321000.0,625306000.0,2023-12-31,2024-03-26
26255,TIGRE S.A. PARTICIPAÇÕES,398546000.0,-418154000.0,4823208000.0,-186016000.0,2049284000.0,5117891000.0,150959000.0,127348000.0,2024,418154000.0,1898325000.0,2024-12-31,2025-03-26
26255,TIGRE S.A. PARTICIPAÇÕES,651119000.0,-445417000.0,4928547000.0,192471000.0,1476180000.0,4407087000.0,305224000.0,484524000.0,2025,445417000.0,1170956000.0,2025-12-31,2026-03-23
27090,TIM BRASIL SERVIÇOS E PARTICIPAÇÕES S.A.,3755969000.0,-1810077000.0,18058027000.0,2891986000.0,3845465000.0,49898289000.0,5228290000.0,10025189000.0,2021,1810077000.0,-1382825000.0,2021-12-31,2022-11-30
27090,TIM BRASIL SERVIÇOS E PARTICIPAÇÕES S.A.,3158177000.0,-2992641000.0,21530801000.0,1585623000.0,4969825000.0,56517679000.0,2548465000.0,9347287000.0,2022,2992641000.0,2421360000.0,2022-12-31,2023-03-13
27090,TIM BRASIL SERVIÇOS E PARTICIPAÇÕES S.A.,4715168000.0,-3367511000.0,23833893000.0,2420977000.0,8830798000.0,55631215000.0,3342973000.0,12239898000.0,2023,3367511000.0,5487825000.0,2023-12-31,2024-02-08
27090,TIM BRASIL SERVIÇOS E PARTICIPAÇÕES S.A.,5504713000.0,-3773934000.0,25447930000.0,2399428000.0,7500216000.0,56806943000.0,3271892000.0,12137661000.0,2024,3773934000.0,4228324000.0,2024-12-31,2025-02-12
27090,TIM BRASIL SERVIÇOS E PARTICIPAÇÕES S.A.,6341139000.0,-4556264000.0,26624721000.0,3401422000.0,9296401000.0,58436706000.0,3635544000.0,13153839000.0,2025,4556264000.0,5660857000.0,2025-12-31,2026-02-11
17639,TIM PARTICIPACOES S.A.,2438873000.0,-988874000.0,19921291000.0,1505614000.0,4746656000.0,28138167000.0,5287642000.0,5269502000.0,2013,988874000.0,-540986000.0,2013-12-31,2014-02-13
17639,TIM PARTICIPACOES S.A.,2485689000.0,-1296197000.0,19498165000.0,1546419000.0,6754419000.0,32695111000.0,5232992000.0,6441064000.0,2014,1296197000.0,1521427000.0,2014-12-31,2015-02-13
17639,TIM PARTICIPACOES S.A.,3244217000.0,-2261130000.0,17138851000.0,2071145000.0,7926436000.0,35403652000.0,6100403000.0,4278206000.0,2015,2261130000.0,1826033000.0,2015-12-31,2016-02-04
17639,TIM PARTICIPACOES S.A.,1424196000.0,-2860375000.0,15617413000.0,750427000.0,6719782000.0,34655680000.0,5128186000.0,4992248000.0,2016,2860375000.0,1591596000.0,2016-12-31,2017-02-02
17639,TIM PARTICIPACOES S.A.,1933352000.0,-1440419000.0,16233959000.0,1234507000.0,4690944000.0,32600365000.0,2960718000.0,5404112000.0,2017,1440419000.0,1730226000.0,2017-12-31,2018-02-05
17639,TIM PARTICIPACOES S.A.,2417523000.0,-1047596000.0,16981329000.0,2545101000.0,1663017000.0,31957889000.0,1075530000.0,6129387000.0,2018,1047596000.0,587487000.0,2018-12-31,2019-02-19
17639,TIM PARTICIPACOES S.A.,4514857000.0,-1497153000.0,17377194000.0,3622127000.0,2029088000.0,40348924000.0,2284810000.0,7064726000.0,2019,1497153000.0,-255722000.0,2019-12-31,2020-02-11
24929,TIM S.A.,2814917000.0,-1603683000.0,17267812000.0,1843690000.0,2345032000.0,41654417000.0,2575291000.0,8673871000.0,2020,1603683000.0,-230259000.0,2020-12-31,2021-02-09
24929,TIM S.A.,3159916000.0,-2899023000.0,21530801000.0,1670755000.0,4969825000.0,56408367000.0,2548713000.0,9429075000.0,2022,2899023000.0,2421112000.0,2022-12-31,2023-02-09
24929,TIM S.A.,4717298000.0,-2967053000.0,23833893000.0,2837422000.0,3770946000.0,55260156000.0,3077931000.0,12420656000.0,2023,2967053000.0,693015000.0,2023-12-31,2024-02-06
24929,TIM S.A.,0.0,0.0,0.0,0.0,0.0,0.0,0.0,0.0,2024,0.0,0.0,2024-12-31,2025-02-10
24929,TIM S.A.,0.0,0.0,0.0,0.0,0.0,0.0,0.0,0.0,2025,0.0,0.0,2025-12-31,2026-02-10
19992,TOTVS S.A.,319024000.0,-43116000.0,1611794000.0,223100000.0,410648000.0,1848780000.0,533063000.0,282226000.0,2013,43116000.0,-122415000.0,2013-12-31,2014-01-29
19992,TOTVS S.A.,347076000.0,-57826000.0,1772447000.0,262798000.0,595344000.0,2143866000.0,697901000.0,332045000.0,2014,57826000.0,-102557000.0,2014-12-31,2015-01-28
19992,TOTVS S.A.,228308000.0,-94639000.0,1908737000.0,194946000.0,822595000.0,2662075000.0,426415000.0,313167000.0,2015,94639000.0,396180000.0,2015-12-31,2016-03-16
19992,TOTVS S.A.,212253000.0,-110983000.0,2183786000.0,152269000.0,652402000.0,2443912000.0,214772000.0,260508000.0,2016,110983000.0,437630000.0,2016-12-31,2017-02-22
19992,TOTVS S.A.,143599000.0,-90090000.0,2227330000.0,93258000.0,671694000.0,2493625000.0,387169000.0,329772000.0,2017,90090000.0,284525000.0,2017-12-31,2018-02-07
19992,TOTVS S.A.,126225000.0,-82082000.0,2320269000.0,60643000.0,478659000.0,2391277000.0,452799000.0,426006000.0,2018,82082000.0,25860000.0,2018-12-31,2019-02-13
19992,TOTVS S.A.,325204000.0,-70489000.0,2282124000.0,210648000.0,450676000.0,3535927000.0,1538156000.0,345299000.0,2019,70489000.0,-1087480000.0,2019-12-31,2020-02-12
19992,TOTVS S.A.,393538000.0,-58778000.0,2596077000.0,294959000.0,325050000.0,5146406000.0,1027733000.0,371742000.0,2020,58778000.0,-702683000.0,2020-12-31,2022-02-16
19992,TOTVS S.A.,512512000.0,-146016000.0,3258863000.0,374037000.0,1844740000.0,9945025000.0,2871072000.0,424522000.0,2021,146016000.0,-1026332000.0,2021-12-31,2022-02-16
19992,TOTVS S.A.,641075000.0,-341492000.0,3792932000.0,523301000.0,1759542000.0,10616193000.0,2735765000.0,915560000.0,2022,341492000.0,-976223000.0,2022-12-31,2023-02-14
19992,TOTVS S.A.,700695000.0,-373173000.0,4497028000.0,764435000.0,1744067000.0,8828860000.0,3129162000.0,952107000.0,2023,373173000.0,-1385095000.0,2023-12-31,2024-02-07
19992,TOTVS S.A.,877269000.0,-327632000.0,5224007000.0,735443000.0,1661549000.0,8531721000.0,1942162000.0,1114611000.0,2024,327632000.0,-280613000.0,2024-12-31,2025-02-12
19992,TOTVS S.A.,1122728000.0,-350837000.0,5771867000.0,920742000.0,1836282000.0,9452171000.0,1785703000.0,1203183000.0,2025,350837000.0,50579000.0,2025-12-31,2026-02-11
19330,TPI - TRIUNFO PARTICIP. E INVEST. S.A.,260688000.0,-170411000.0,843042000.0,-79320000.0,1350952000.0,4939438000.0,50668000.0,73383000.0,2013,170411000.0,1300284000.0,2013-12-31,2014-03-20
19330,TPI - TRIUNFO PARTICIP. E INVEST. S.A.,-242175000.0,-317962000.0,1728191000.0,-467932000.0,2483433000.0,5494972000.0,188209000.0,273868000.0,2014,317962000.0,2295224000.0,2014-12-31,2015-03-26
19330,TPI - TRIUNFO PARTICIP. E INVEST. S.A.,807388000.0,-627019000.0,2452892000.0,123355000.0,2924620000.0,5468390000.0,156406000.0,477165000.0,2015,627019000.0,2768214000.0,2015-12-31,2016-05-12
19330,TPI - TRIUNFO PARTICIP. E INVEST. S.A.,374968000.0,-652317000.0,1543003000.0,-334651000.0,2816641000.0,4974355000.0,69781000.0,819466000.0,2016,652317000.0,2746860000.0,2016-12-31,2017-03-28
19330,TPI - TRIUNFO PARTICIP. E INVEST. S.A.,446749000.0,-719219000.0,1492741000.0,-16876000.0,2066696000.0,4589036000.0,380114000.0,449733000.0,2017,719219000.0,1686582000.0,2017-12-31,2018-03-15
19330,TPI - TRIUNFO PARTICIP. E INVEST. S.A.,-87436000.0,-382590000.0,1195768000.0,-382895000.0,1942670000.0,3921004000.0,121427000.0,357961000.0,2018,382590000.0,1821243000.0,2018-12-31,2019-05-09
19330,TPI - TRIUNFO PARTICIP. E INVEST. S.A.,-44204000.0,-327230000.0,991701000.0,-216435000.0,1977227000.0,3746906000.0,106574000.0,255341000.0,2019,327230000.0,1870653000.0,2019-12-31,2020-03-12
19330,TPI - TRIUNFO PARTICIP. E INVEST. S.A.,231294000.0,-172265000.0,969107000.0,168574000.0,1800110000.0,3366078000.0,59986000.0,276234000.0,2020,172265000.0,1740124000.0,2020-12-31,2021-03-25
19330,TPI - TRIUNFO PARTICIP. E INVEST. S.A.,45658000.0,-227766000.0,1048294000.0,4984000.0,1702149000.0,3158604000.0,81374000.0,338596000.0,2021,227766000.0,1620775000.0,2021-12-31,2022-03-24
19330,TPI - TRIUNFO PARTICIP. E INVEST. S.A.,245058000.0,-163719000.0,1121819000.0,6348000.0,1666271000.0,2952556000.0,64892000.0,296299000.0,2022,163719000.0,1601379000.0,2022-12-31,2023-03-23
19330,TPI - TRIUNFO PARTICIP. E INVEST. S.A.,-93889000.0,-173861000.0,1031011000.0,-10519000.0,1524598000.0,2823549000.0,59175000.0,491336000.0,2023,173861000.0,1465423000.0,2023-12-31,2024-03-22
19330,TPI - TRIUNFO PARTICIP. E INVEST. S.A.,59002000.0,-289307000.0,1322852000.0,18312000.0,1428274000.0,2767002000.0,53276000.0,450336000.0,2024,289307000.0,1374998000.0,2024-12-31,2025-04-03
19330,TPI - TRIUNFO PARTICIP. E INVEST. S.A.,-460132000.0,-184229000.0,1054757000.0,-402656000.0,1274633000.0,2197127000.0,86454000.0,351168000.0,2025,184229000.0,1188179000.0,2025-12-31,2026-03-06
25208,TRACK & FIELD CO S.A.,31538000.0,-5519000.0,218112000.0,23443000.0,50847000.0,274559000.0,47414000.0,27410000.0,2019,5519000.0,3433000.0,2019-12-31,2020-08-14
25208,TRACK & FIELD CO S.A.,40465000.0,-10849000.0,267320000.0,25831000.0,50933000.0,356846000.0,89077000.0,12745000.0,2020,10849000.0,-38144000.0,2020-12-31,2021-03-22
25208,TRACK & FIELD CO S.A.,90368000.0,-8256000.0,434592000.0,77147000.0,78994000.0,474906000.0,66771000.0,18398000.0,2021,8256000.0,12223000.0,2021-12-31,2022-03-29
25208,TRACK & FIELD CO S.A.,125218000.0,-15060000.0,567426000.0,96460000.0,91367000.0,579859000.0,60489000.0,68264000.0,2022,15060000.0,30878000.0,2022-12-31,2023-03-16
25208,TRACK & FIELD CO S.A.,148714000.0,-20750000.0,683690000.0,114410000.0,101927000.0,682102000.0,54477000.0,78528000.0,2023,20750000.0,47450000.0,2023-12-31,2024-03-07
25208,TRACK & FIELD CO S.A.,164206000.0,-25967000.0,831759000.0,117753000.0,151284000.0,825166000.0,23410000.0,100384000.0,2024,25967000.0,127874000.0,2024-12-31,2025-03-10
25208,TRACK & FIELD CO S.A.,212454000.0,-35421000.0,1046512000.0,142318000.0,170923000.0,974206000.0,35255000.0,141524000.0,2025,35421000.0,135668000.0,2025-12-31,2026-03-09
20257,TRANSMISSORA ALIANÇA DE ENERGIA ELÉTRICA S.A.,1321170000.0,-483166000.0,1447851000.0,892852000.0,4367363000.0,9154079000.0,121140000.0,1186028000.0,2013,483166000.0,4246223000.0,2013-12-31,2014-03-21
20257,TRANSMISSORA ALIANÇA DE ENERGIA ELÉTRICA S.A.,1515549000.0,-466354000.0,1495804000.0,904845000.0,3845394000.0,8658788000.0,101853000.0,1726941000.0,2014,466354000.0,3743541000.0,2014-12-31,2015-03-12
20257,TRANSMISSORA ALIANÇA DE ENERGIA ELÉTRICA S.A.,1537551000.0,-529999000.0,1542465000.0,909423000.0,3672545000.0,8862458000.0,132441000.0,1684987000.0,2015,529999000.0,3540104000.0,2015-12-31,2016-03-14
20257,TRANSMISSORA ALIANÇA DE ENERGIA ELÉTRICA S.A.,1371227000.0,-459253000.0,1391074000.0,862066000.0,3290457000.0,8410617000.0,101505000.0,1613393000.0,2016,459253000.0,3188952000.0,2016-12-31,2017-03-10
20257,TRANSMISSORA ALIANÇA DE ENERGIA ELÉTRICA S.A.,926260000.0,-292349000.0,1077059000.0,648285000.0,3005160000.0,8054820000.0,56680000.0,1472808000.0,2017,292349000.0,2948480000.0,2017-12-31,2018-05-17
20257,TRANSMISSORA ALIANÇA DE ENERGIA ELÉTRICA S.A.,1429855000.0,-274100000.0,1635237000.0,1071305000.0,3299955000.0,8616294000.0,20869000.0,1197327000.0,2018,274100000.0,3279086000.0,2018-12-31,2019-04-11
20257,TRANSMISSORA ALIANÇA DE ENERGIA ELÉTRICA S.A.,1404994000.0,-355736000.0,1794959000.0,1002315000.0,5343204000.0,11229976000.0,82562000.0,896179000.0,2019,355736000.0,5260642000.0,2019-12-31,2020-03-12
20257,TRANSMISSORA ALIANÇA DE ENERGIA ELÉTRICA S.A.,3194705000.0,-514336000.0,3561286000.0,2262927000.0,6252786000.0,14105419000.0,896031000.0,517544000.0,2020,514336000.0,5356755000.0,2020-12-31,2021-03-03
20257,TRANSMISSORA ALIANÇA DE ENERGIA ELÉTRICA S.A.,3435253000.0,-844392000.0,3472049000.0,2213714000.0,6804886000.0,15895635000.0,384824000.0,1448574000.0,2021,844392000.0,6420062000.0,2021-12-31,2022-02-18
20257,TRANSMISSORA ALIANÇA DE ENERGIA ELÉTRICA S.A.,2441288000.0,-902552000.0,2616517000.0,1449215000.0,8156188000.0,17309081000.0,1083174000.0,2010871000.0,2022,902552000.0,7073014000.0,2022-12-31,2023-03-15
20257,TRANSMISSORA ALIANÇA DE ENERGIA ELÉTRICA S.A.,2335081000.0,-1051830000.0,3362116000.0,1367834000.0,9702640000.0,19448656000.0,1306121000.0,756402000.0,2023,1051830000.0,8396519000.0,2023-12-31,2024-03-06
20257,TRANSMISSORA ALIANÇA DE ENERGIA ELÉTRICA S.A.,2863363000.0,-1103959000.0,3718138000.0,1693915000.0,9799865000.0,20431093000.0,750976000.0,1540337000.0,2024,1103959000.0,9048889000.0,2024-12-31,2025-03-18
20257,TRANSMISSORA ALIANÇA DE ENERGIA ELÉTRICA S.A.,2736283000.0,-1171661000.0,4624113000.0,1579863000.0,10974442000.0,22506506000.0,741596000.0,1531430000.0,2025,1171661000.0,10232846000.0,2025-12-31,2026-03-17
8192,TREVISA INVESTIMENTOS S.A.,7718000.0,-2482000.0,59809000.0,4231000.0,29547000.0,141669000.0,7660000.0,16479000.0,2013,2482000.0,21887000.0,2013-12-31,2014-03-24
8192,TREVISA INVESTIMENTOS S.A.,7197000.0,-1961000.0,63508000.0,4074000.0,36645000.0,154518000.0,3495000.0,16196000.0,2014,1961000.0,33150000.0,2014-12-31,2015-03-25
8192,TREVISA INVESTIMENTOS S.A.,12544000.0,-2761000.0,74441000.0,8455000.0,50378000.0,174145000.0,2222000.0,20263000.0,2015,2761000.0,48156000.0,2015-12-31,2016-03-21
8192,TREVISA INVESTIMENTOS S.A.,15417000.0,-2851000.0,93265000.0,8991000.0,54434000.0,187566000.0,1040000.0,20582000.0,2016,2851000.0,53394000.0,2016-12-31,2017-03-22
8192,TREVISA INVESTIMENTOS S.A.,12243000.0,-3362000.0,102291000.0,3885000.0,46792000.0,186390000.0,4376000.0,27018000.0,2017,3362000.0,42416000.0,2017-12-31,2018-03-22
8192,TREVISA INVESTIMENTOS S.A.,16236000.0,-3782000.0,129768000.0,6232000.0,41402000.0,194582000.0,11520000.0,29731000.0,2018,3782000.0,29882000.0,2018-12-31,2019-03-26
8192,TREVISA INVESTIMENTOS S.A.,18676000.0,-3080000.0,119040000.0,12980000.0,31530000.0,188813000.0,5873000.0,38939000.0,2019,3080000.0,25657000.0,2019-12-31,2020-03-25
8192,TREVISA INVESTIMENTOS S.A.,13435000.0,-2727000.0,104584000.0,8419000.0,25247000.0,153311000.0,21720000.0,-453000.0,2020,2727000.0,3527000.0,2020-12-31,2021-03-22
8192,TREVISA INVESTIMENTOS S.A.,23698000.0,-2403000.0,131313000.0,14388000.0,17133000.0,156275000.0,14654000.0,37558000.0,2021,2403000.0,2479000.0,2021-12-31,2022-03-25
8192,TREVISA INVESTIMENTOS S.A.,19650000.0,-1536000.0,137595000.0,11227000.0,9018000.0,155387000.0,13315000.0,29213000.0,2022,1536000.0,-4297000.0,2022-12-31,2023-03-24
8192,TREVISA INVESTIMENTOS S.A.,26928000.0,-1462000.0,136572000.0,18489000.0,3182000.0,170525000.0,13612000.0,32366000.0,2023,1462000.0,-10430000.0,2023-12-31,2024-03-22
8192,TREVISA INVESTIMENTOS S.A.,21567000.0,-1431000.0,136466000.0,37134000.0,5289000.0,208312000.0,10877000.0,24716000.0,2024,1431000.0,-5588000.0,2024-12-31,2025-03-28
8192,TREVISA INVESTIMENTOS S.A.,29035000.0,-3231000.0,158057000.0,22822000.0,18354000.0,241935000.0,28108000.0,39750000.0,2025,3231000.0,-9754000.0,2025-12-31,2026-03-27
25194,TRIPLE PLAY BRASIL PARTICIPAÇÕES S.A.,39559000.0,-33029000.0,318484000.0,8540000.0,225581000.0,707776000.0,25257000.0,97515000.0,2019,33029000.0,200324000.0,2019-12-31,2020-08-17
25194,TRIPLE PLAY BRASIL PARTICIPAÇÕES S.A.,29803000.0,-42162000.0,378153000.0,-6085000.0,307085000.0,1014140000.0,67116000.0,99508000.0,2020,42162000.0,239969000.0,2020-12-31,2021-03-25
21130,TRISUL S.A.,74675000.0,-23697000.0,520095000.0,59171000.0,517389000.0,1238526000.0,135805000.0,403752000.0,2013,23697000.0,381584000.0,2013-12-31,2014-03-13
21130,TRISUL S.A.,45978000.0,-12672000.0,370025000.0,38511000.0,410514000.0,1102593000.0,134141000.0,173712000.0,2014,12672000.0,276373000.0,2014-12-31,2015-03-19
21130,TRISUL S.A.,37626000.0,-16009000.0,379555000.0,24780000.0,319260000.0,959648000.0,42614000.0,46832000.0,2015,16009000.0,276646000.0,2015-12-31,2016-03-18
21130,TRISUL S.A.,13009000.0,-15365000.0,302468000.0,2866000.0,197011000.0,871065000.0,23757000.0,146437000.0,2016,15365000.0,173254000.0,2016-12-31,2017-03-20
21130,TRISUL S.A.,53212000.0,-13815000.0,441677000.0,35448000.0,223929000.0,939490000.0,89708000.0,62360000.0,2017,13815000.0,134221000.0,2017-12-31,2018-03-16
21130,TRISUL S.A.,92403000.0,-11429000.0,545246000.0,76998000.0,276997000.0,1087083000.0,99436000.0,-22440000.0,2018,11429000.0,177561000.0,2018-12-31,2019-03-12
21130,TRISUL S.A.,170383000.0,-16563000.0,798671000.0,151022000.0,305307000.0,1798507000.0,488058000.0,44460000.0,2019,16563000.0,-182751000.0,2019-12-31,2020-03-10
21130,TRISUL S.A.,199096000.0,-14083000.0,878960000.0,183626000.0,541249000.0,2176901000.0,478720000.0,-186545000.0,2020,14083000.0,62529000.0,2020-12-31,2021-03-10
21130,TRISUL S.A.,158615000.0,-28816000.0,774161000.0,131965000.0,642549000.0,2340065000.0,387514000.0,-83006000.0,2021,28816000.0,255035000.0,2021-12-31,2022-03-15
21130,TRISUL S.A.,114106000.0,-61693000.0,760270000.0,69749000.0,904116000.0,2575050000.0,310361000.0,-271881000.0,2022,61693000.0,593755000.0,2022-12-31,2023-03-30
21130,TRISUL S.A.,162614000.0,-51322000.0,1046690000.0,130195000.0,1040781000.0,2757738000.0,362013000.0,1084000.0,2023,51322000.0,678768000.0,2023-12-31,2024-03-14
21130,TRISUL S.A.,200316000.0,-52389000.0,1346694000.0,174844000.0,821718000.0,3042594000.0,449769000.0,320641000.0,2024,52389000.0,371949000.0,2024-12-31,2025-03-13
21130,TRISUL S.A.,208200000.0,-55554000.0,1378596000.0,213095000.0,1060729000.0,3433244000.0,526805000.0,44850000.0,2025,55554000.0,533924000.0,2025-12-31,2026-03-05
26573,TROCAFONE S.A.,-2106000.0,-9098000.0,199212000.0,779000.0,38511000.0,112204000.0,35407000.0,5469000.0,2020,9098000.0,3104000.0,2020-12-31,2021-06-01
11398,TRONOX PIGMENTOS DO BRASIL S.A.,11490000.0,-5262000.0,404945000.0,11514000.0,3550000.0,559648000.0,3165000.0,8698000.0,2013,5262000.0,385000.0,2013-12-31,2014-03-14
11398,TRONOX PIGMENTOS DO BRASIL S.A.,-22363000.0,-6382000.0,394689000.0,-51613000.0,40212000.0,521495000.0,3787000.0,-11993000.0,2014,6382000.0,36425000.0,2014-12-31,2015-03-24
11398,TRONOX PIGMENTOS DO BRASIL S.A.,-6435000.0,-9784000.0,422591000.0,-20908000.0,89567000.0,562292000.0,9699000.0,33984000.0,2015,9784000.0,79868000.0,2015-12-31,2016-03-24
11398,TRONOX PIGMENTOS DO BRASIL S.A.,47856000.0,-9145000.0,484948000.0,83999000.0,50625000.0,644348000.0,1738000.0,53155000.0,2016,9145000.0,48887000.0,2016-12-31,2017-03-22
25950,TRÊS TENTOS AGROINDUSTRIAL S/A,537651000.0,-316282000.0,6885839000.0,571174000.0,1096070000.0,6081989000.0,724314000.0,257697000.0,2022,316282000.0,371756000.0,2022-12-31,2023-02-09
25950,TRÊS TENTOS AGROINDUSTRIAL S/A,441690000.0,-395516000.0,8998985000.0,573802000.0,1272512000.0,6883789000.0,1028483000.0,863505000.0,2023,395516000.0,244029000.0,2023-12-31,2024-02-20
25950,TRÊS TENTOS AGROINDUSTRIAL S/A,1245298000.0,-1006532000.0,12825771000.0,756365000.0,2066879000.0,8889423000.0,1696858000.0,726212000.0,2024,1006532000.0,370021000.0,2024-12-31,2025-04-01
25950,TRÊS TENTOS AGROINDUSTRIAL S/A,538988000.0,-358850000.0,16423694000.0,808699000.0,4660963000.0,13104355000.0,2560066000.0,602294000.0,2025,358850000.0,2100897000.0,2025-12-31,2026-03-05
27944,TUPI ENERGIAS RENOVÁVEIS S.A.,75243000.0,-110529000.0,351864000.0,-61993000.0,825907000.0,1236615000.0,113313000.0,164997000.0,2025,110529000.0,712594000.0,2025-12-31,2026-03-27
6343,TUPY S.A.,258677000.0,-255042000.0,3122984000.0,86321000.0,1799669000.0,4507010000.0,1123446000.0,298281000.0,2013,255042000.0,676223000.0,2013-12-31,2014-03-10
6343,TUPY S.A.,204902000.0,-131443000.0,3114661000.0,89212000.0,2131502000.0,4962930000.0,1336916000.0,300500000.0,2014,131443000.0,794586000.0,2014-12-31,2015-02-26
6343,TUPY S.A.,322221000.0,-149248000.0,3426996000.0,220126000.0,2498246000.0,5751180000.0,1524622000.0,490825000.0,2015,149248000.0,973624000.0,2015-12-31,2016-03-03
6343,TUPY S.A.,-184663000.0,-188451000.0,3255310000.0,-181455000.0,1891556000.0,4769806000.0,1203940000.0,280299000.0,2016,188451000.0,687616000.0,2016-12-31,2017-03-28
6343,TUPY S.A.,190145000.0,-161794000.0,3706151000.0,153401000.0,1621556000.0,4609156000.0,865368000.0,268670000.0,2017,161794000.0,756188000.0,2017-12-31,2018-03-13
6343,TUPY S.A.,369883000.0,-114321000.0,4828216000.0,271721000.0,1406923000.0,4908191000.0,713733000.0,577392000.0,2018,114321000.0,693190000.0,2018-12-31,2019-03-14
6343,TUPY S.A.,356591000.0,-120179000.0,5163585000.0,278932000.0,1483981000.0,5124167000.0,840030000.0,566656000.0,2019,120179000.0,643951000.0,2019-12-31,2020-03-03
6343,TUPY S.A.,216811000.0,-380549000.0,4257596000.0,-76210000.0,2225542000.0,6113319000.0,1425113000.0,291659000.0,2020,380549000.0,800429000.0,2020-12-31,2021-03-04
6343,TUPY S.A.,435224000.0,-207021000.0,7082535000.0,202912000.0,2611224000.0,7510628000.0,1272445000.0,324266000.0,2021,207021000.0,1338779000.0,2021-12-31,2022-03-29
6343,TUPY S.A.,784932000.0,-241214000.0,10178416000.0,502221000.0,3519879000.0,10243258000.0,1509829000.0,375047000.0,2022,241214000.0,2010050000.0,2022-12-31,2023-03-27
6343,TUPY S.A.,829635000.0,-399599000.0,11368190000.0,517013000.0,3790681000.0,10284745000.0,1593098000.0,829125000.0,2023,399599000.0,2197583000.0,2023-12-31,2024-03-20
6343,TUPY S.A.,559667000.0,-452606000.0,10665110000.0,82440000.0,4770312000.0,11510863000.0,2376203000.0,1353491000.0,2024,452606000.0,2394109000.0,2024-12-31,2025-03-27
6343,TUPY S.A.,-156481000.0,-446656000.0,9692948000.0,-654552000.0,4094716000.0,9391641000.0,1853156000.0,915137000.0,2025,446656000.0,2241560000.0,2025-12-31,2026-03-19
27197,TURBI COMPARTILHAMENTO DE VEÍCULOS S.A.,-22754000.0,-80678000.0,247074000.0,-91764000.0,478502000.0,583990000.0,9486000.0,-330638000.0,2024,80678000.0,469016000.0,2024-12-31,2026-04-10
27197,TURBI COMPARTILHAMENTO DE VEÍCULOS S.A.,63324000.0,-166011000.0,359957000.0,-76948000.0,810156000.0,937622000.0,11935000.0,-374773000.0,2025,166011000.0,798221000.0,2025-12-31,2026-04-15
18465,ULTRAPAR PARTICIPACOES S.A.,2139040000.0,-578167000.0,60940246000.0,1228713000.0,6969626000.0,16378545000.0,2276069000.0,2120686000.0,2013,578167000.0,4693557000.0,2013-12-31,2014-02-19
18465,ULTRAPAR PARTICIPACOES S.A.,2270108000.0,-811416000.0,67736298000.0,1251213000.0,8375212000.0,19480382000.0,2827369000.0,2650696000.0,2014,811416000.0,5547843000.0,2014-12-31,2015-02-25
18465,ULTRAPAR PARTICIPACOES S.A.,2950646000.0,-1129767000.0,75655274000.0,1512972000.0,8901608000.0,20966049000.0,2702893000.0,3201679000.0,2015,1129767000.0,6198715000.0,2015-12-31,2016-02-17
18465,ULTRAPAR PARTICIPACOES S.A.,3113186000.0,-1355819000.0,77352955000.0,1570618000.0,11417130000.0,24159670000.0,4274158000.0,2513670000.0,2016,1355819000.0,7142972000.0,2016-12-31,2017-02-22
18465,ULTRAPAR PARTICIPACOES S.A.,2887593000.0,-1059397000.0,80007422000.0,1573868000.0,13590594000.0,28340322000.0,5002004000.0,2279420000.0,2017,1059397000.0,8588590000.0,2017-12-31,2018-02-21
18465,ULTRAPAR PARTICIPACOES S.A.,1884575000.0,-794771000.0,90697983000.0,1132320000.0,15206149000.0,30499395000.0,3938951000.0,2888959000.0,2018,794771000.0,11267198000.0,2018-12-31,2019-02-20
18465,ULTRAPAR PARTICIPACOES S.A.,1288407000.0,-964143000.0,89297975000.0,402944000.0,15981395000.0,31195472000.0,2115379000.0,2924852000.0,2019,964143000.0,13866016000.0,2019-12-31,2020-03-16
18465,ULTRAPAR PARTICIPACOES S.A.,1768438000.0,-797084000.0,81241102000.0,927697000.0,19209504000.0,36250162000.0,2661494000.0,3138119000.0,2020,797084000.0,16548010000.0,2020-12-31,2021-02-25
18465,ULTRAPAR PARTICIPACOES S.A.,1769380000.0,-1222886000.0,109732842000.0,883878000.0,17725954000.0,39010357000.0,2280074000.0,2585960000.0,2021,1222886000.0,15445880000.0,2021-12-31,2022-02-25
18465,ULTRAPAR PARTICIPACOES S.A.,3348933000.0,-2175897000.0,143634708000.0,1840069000.0,13274130000.0,36441003000.0,5621769000.0,2004694000.0,2022,2175897000.0,7652361000.0,2022-12-31,2023-02-15
18465,ULTRAPAR PARTICIPACOES S.A.,4577825000.0,-1880014000.0,126048701000.0,2517753000.0,13291951000.0,38251974000.0,5925688000.0,3849822000.0,2023,1880014000.0,7366263000.0,2023-12-31,2024-02-28
18465,ULTRAPAR PARTICIPACOES S.A.,4943451000.0,-1813008000.0,133498913000.0,2525900000.0,15787262000.0,39558074000.0,2071593000.0,3735576000.0,2024,1813008000.0,13715669000.0,2024-12-31,2025-02-26
18465,ULTRAPAR PARTICIPACOES S.A.,4979263000.0,-2748196000.0,142369540000.0,2541908000.0,21832894000.0,49348994000.0,3175125000.0,5452502000.0,2025,2748196000.0,18657769000.0,2025-12-31,2026-03-04
22780,UNICASA INDÚSTRIA DE MÓVEIS S.A.,13858000.0,-8505000.0,257919000.0,13709000.0,557000.0,256886000.0,11629000.0,34675000.0,2013,8505000.0,-11072000.0,2013-12-31,2014-03-25
22780,UNICASA INDÚSTRIA DE MÓVEIS S.A.,-14413000.0,-4345000.0,243521000.0,-2408000.0,0.0,269982000.0,27879000.0,30378000.0,2014,4345000.0,-27879000.0,2014-12-31,2015-03-19
22780,UNICASA INDÚSTRIA DE MÓVEIS S.A.,8013000.0,-3958000.0,222652000.0,13105000.0,0.0,267816000.0,33204000.0,22996000.0,2015,3958000.0,-33204000.0,2015-12-31,2016-03-17
22780,UNICASA INDÚSTRIA DE MÓVEIS S.A.,-30768000.0,-3975000.0,185056000.0,-24264000.0,0.0,233720000.0,27832000.0,10146000.0,2016,3975000.0,-27832000.0,2016-12-31,2017-03-17
22780,UNICASA INDÚSTRIA DE MÓVEIS S.A.,-14596000.0,-2614000.0,157941000.0,-6357000.0,0.0,216363000.0,29473000.0,3482000.0,2017,2614000.0,-29473000.0,2017-12-31,2018-03-15
22780,UNICASA INDÚSTRIA DE MÓVEIS S.A.,1397000.0,-1295000.0,149306000.0,3394000.0,0.0,216982000.0,28788000.0,17542000.0,2018,1295000.0,-28788000.0,2018-12-31,2019-03-14
22780,UNICASA INDÚSTRIA DE MÓVEIS S.A.,19991000.0,-2392000.0,149350000.0,17984000.0,0.0,228253000.0,45561000.0,32134000.0,2019,2392000.0,-45561000.0,2019-12-31,2020-03-12
22780,UNICASA INDÚSTRIA DE MÓVEIS S.A.,17573000.0,-6019000.0,150449000.0,14833000.0,0.0,205188000.0,47584000.0,28585000.0,2020,6019000.0,-47584000.0,2020-12-31,2021-03-11
22780,UNICASA INDÚSTRIA DE MÓVEIS S.A.,30161000.0,-5290000.0,220643000.0,25938000.0,14747000.0,288027000.0,60250000.0,71174000.0,2021,5290000.0,-45503000.0,2021-12-31,2022-03-10
22780,UNICASA INDÚSTRIA DE MÓVEIS S.A.,26082000.0,-7272000.0,245678000.0,32947000.0,10008000.0,279263000.0,23528000.0,6073000.0,2022,7272000.0,-13520000.0,2022-12-31,2023-03-10
22780,UNICASA INDÚSTRIA DE MÓVEIS S.A.,8252000.0,-6339000.0,217397000.0,15167000.0,77818000.0,349181000.0,26100000.0,40291000.0,2023,6339000.0,51718000.0,2023-12-31,2025-01-31
22780,UNICASA INDÚSTRIA DE MÓVEIS S.A.,3573000.0,-8571000.0,226559000.0,12449000.0,100107000.0,366975000.0,10341000.0,13457000.0,2024,8571000.0,89766000.0,2024-12-31,2025-03-26
22780,UNICASA INDÚSTRIA DE MÓVEIS S.A.,-10706000.0,-17130000.0,238958000.0,-11549000.0,156011000.0,415063000.0,38944000.0,26734000.0,2025,17130000.0,117067000.0,2025-12-31,2026-03-26
27162,UNIDAS LOCADORA S.A.,415038000.0,-592535000.0,3409465000.0,-20674000.0,4072586000.0,7517616000.0,871566000.0,-718777000.0,2023,592535000.0,3201020000.0,2023-12-31,2024-03-14
27162,UNIDAS LOCADORA S.A.,457906000.0,-579668000.0,4177442000.0,1551000.0,4664789000.0,8147544000.0,1486618000.0,189088000.0,2024,579668000.0,3178171000.0,2024-12-31,2025-03-18
27162,UNIDAS LOCADORA S.A.,537800000.0,-749494000.0,4201733000.0,5933000.0,4756949000.0,8216244000.0,1490101000.0,2000.0,2025,749494000.0,3266848000.0,2025-12-31,2026-03-18
23280,UNIDAS LOCAÇÕES E SERVIÇOS S.A.,179531000.0,-223671000.0,823630000.0,17872000.0,1929807000.0,2318830000.0,328251000.0,422642000.0,2014,223671000.0,1601556000.0,2014-12-31,2015-02-04
23280,UNIDAS LOCAÇÕES E SERVIÇOS S.A.,220354000.0,-514316000.0,981873000.0,8885000.0,2003555000.0,2422922000.0,187448000.0,463473000.0,2015,514316000.0,1816107000.0,2015-12-31,2016-03-01
23280,UNIDAS LOCAÇÕES E SERVIÇOS S.A.,236303000.0,-446637000.0,975515000.0,8933000.0,1705873000.0,2134177000.0,112651000.0,473494000.0,2016,446637000.0,1593222000.0,2016-12-31,2017-02-16
23280,UNIDAS LOCAÇÕES E SERVIÇOS S.A.,209111000.0,-289615000.0,937942000.0,-5129000.0,1538843000.0,1967584000.0,140707000.0,482063000.0,2017,289615000.0,1398136000.0,2017-12-31,2018-03-12
23280,UNIDAS LOCAÇÕES E SERVIÇOS S.A.,92551000.0,-237365000.0,814093000.0,-73951000.0,1504001000.0,1838330000.0,127459000.0,353241000.0,2018,237365000.0,1376542000.0,2018-12-31,2019-07-08
23280,UNIDAS LOCAÇÕES E SERVIÇOS S.A.,33357000.0,-197639000.0,697134000.0,-87505000.0,1272606000.0,1848696000.0,338611000.0,-12412000.0,2019,197639000.0,933995000.0,2019-12-31,2020-03-25
23280,UNIDAS LOCAÇÕES E SERVIÇOS S.A.,84191000.0,-188323000.0,815830000.0,-5616000.0,1592974000.0,2226137000.0,421337000.0,-126629000.0,2020,188323000.0,1171637000.0,2020-12-31,2021-03-05
23280,UNIDAS LOCAÇÕES E SERVIÇOS S.A.,208012000.0,-179049000.0,917215000.0,35439000.0,2255074000.0,3318712000.0,213021000.0,-999876000.0,2021,179049000.0,2042053000.0,2021-12-31,2022-04-14
23280,UNIDAS LOCAÇÕES E SERVIÇOS S.A.,436075000.0,-403851000.0,1375163000.0,102135000.0,3330059000.0,5022258000.0,587099000.0,-862249000.0,2022,403851000.0,2742960000.0,2022-12-31,2024-03-12
23280,UNIDAS LOCAÇÕES E SERVIÇOS S.A.,811245000.0,-902286000.0,3960512000.0,101685000.0,9673739000.0,14925238000.0,2366999000.0,-1011560000.0,2023,902286000.0,7306740000.0,2023-12-31,2024-03-14
23280,UNIDAS LOCAÇÕES E SERVIÇOS S.A.,1242138000.0,-1387638000.0,6686149000.0,100562000.0,12185823000.0,17087903000.0,3341794000.0,-725563000.0,2024,1387638000.0,8844029000.0,2024-12-31,2025-04-04
23280,UNIDAS LOCAÇÕES E SERVIÇOS S.A.,1427042000.0,-1933535000.0,7342747000.0,1711000.0,12570730000.0,17312008000.0,3687487000.0,102802000.0,2025,1933535000.0,8883243000.0,2025-12-31,2026-03-18
26050,UNIFIQUE TELECOMUNICAÇÕES S.A.,88317000.0,-15528000.0,286048000.0,50449000.0,154441000.0,455839000.0,43335000.0,85916000.0,2020,15528000.0,111106000.0,2020-12-31,2021-07-05
26050,UNIFIQUE TELECOMUNICAÇÕES S.A.,129668000.0,-40435000.0,457984000.0,80539000.0,288408000.0,1617617000.0,528850000.0,171579000.0,2021,40435000.0,-240442000.0,2021-12-31,2022-03-23
26050,UNIFIQUE TELECOMUNICAÇÕES S.A.,181759000.0,-92565000.0,678448000.0,130208000.0,370164000.0,1919412000.0,368092000.0,338567000.0,2022,92565000.0,2072000.0,2022-12-31,2023-03-22
26050,UNIFIQUE TELECOMUNICAÇÕES S.A.,221898000.0,-96348000.0,883156000.0,145109000.0,323733000.0,2016925000.0,272267000.0,432792000.0,2023,96348000.0,51466000.0,2023-12-31,2024-03-20
26050,UNIFIQUE TELECOMUNICAÇÕES S.A.,259834000.0,-99065000.0,1025379000.0,174566000.0,549337000.0,2282619000.0,447756000.0,539311000.0,2024,99065000.0,101581000.0,2024-12-31,2025-03-19
26050,UNIFIQUE TELECOMUNICAÇÕES S.A.,329162000.0,-104564000.0,1185580000.0,208957000.0,538941000.0,2495168000.0,212960000.0,553791000.0,2025,104564000.0,325981000.0,2025-12-31,2026-03-18
26301,UNIGEL PARTICIPAÇÕES S.A.,349408000.0,-417653000.0,3233235000.0,-6985000.0,2489616000.0,3916546000.0,624039000.0,270623000.0,2020,417653000.0,1865577000.0,2020-12-31,2021-08-11
26301,UNIGEL PARTICIPAÇÕES S.A.,1695939000.0,-481027000.0,7650867000.0,882173000.0,3324134000.0,6093233000.0,849338000.0,736950000.0,2021,481027000.0,2474796000.0,2021-12-31,2022-03-14
26301,UNIGEL PARTICIPAÇÕES S.A.,1490959000.0,-1191204000.0,9740800000.0,388717000.0,3540972000.0,6918831000.0,908564000.0,774326000.0,2022,1191204000.0,2632408000.0,2022-12-31,2023-03-30
26301,UNIGEL PARTICIPAÇÕES S.A.,-1624635000.0,-1055873000.0,5151742000.0,-2334432000.0,4490836000.0,5336655000.0,165836000.0,-452077000.0,2023,1055873000.0,4325000000.0,2023-12-31,2024-07-03
26301,UNIGEL PARTICIPAÇÕES S.A.,-90893000.0,-1871232000.0,3148937000.0,-1862564000.0,6066110000.0,4941406000.0,182160000.0,-378861000.0,2024,1871232000.0,5883950000.0,2024-12-31,2025-04-01
11592,UNIPAR CARBOCLORO S.A.,568366000.0,-133265000.0,889706000.0,280836000.0,601885000.0,3494699000.0,383346000.0,320714000.0,2016,133265000.0,218539000.0,2016-12-31,2017-05-05
11592,UNIPAR CARBOCLORO S.A.,430697000.0,-169351000.0,3019592000.0,306264000.0,840368000.0,3466377000.0,78559000.0,422255000.0,2017,169351000.0,761809000.0,2017-12-31,2018-03-14
11592,UNIPAR CARBOCLORO S.A.,830642000.0,-303268000.0,3469133000.0,547440000.0,1027846000.0,4042630000.0,201542000.0,892266000.0,2018,303268000.0,826304000.0,2018-12-31,2019-03-14
11592,UNIPAR CARBOCLORO S.A.,397531000.0,-281078000.0,3048730000.0,172358000.0,677548000.0,3718821000.0,301525000.0,453590000.0,2019,281078000.0,376023000.0,2019-12-31,2020-03-13
11592,UNIPAR CARBOCLORO S.A.,748520000.0,-287495000.0,3868223000.0,370215000.0,713540000.0,4508297000.0,924852000.0,1068636000.0,2020,287495000.0,-211312000.0,2020-12-31,2021-03-17
11592,UNIPAR CARBOCLORO S.A.,2944488000.0,-406804000.0,6289369000.0,2003833000.0,1474829000.0,6248208000.0,331177000.0,2289901000.0,2021,406804000.0,1143652000.0,2021-12-31,2022-03-16
11592,UNIPAR CARBOCLORO S.A.,2380258000.0,-306856000.0,7270406000.0,1334303000.0,1391746000.0,5994445000.0,402122000.0,2036327000.0,2022,306856000.0,989624000.0,2022-12-31,2023-03-20
11592,UNIPAR CARBOCLORO S.A.,979634000.0,-170781000.0,4897288000.0,791273000.0,2061387000.0,6396491000.0,1343204000.0,1065124000.0,2023,170781000.0,718183000.0,2023-12-31,2024-03-14
11592,UNIPAR CARBOCLORO S.A.,625019000.0,-457475000.0,5431599000.0,557118000.0,2317982000.0,7111789000.0,845342000.0,692727000.0,2024,457475000.0,1472640000.0,2024-12-31,2025-03-13
11592,UNIPAR CARBOCLORO S.A.,793527000.0,-488798000.0,5142676000.0,481744000.0,3526567000.0,7234816000.0,520271000.0,1109123000.0,2025,488798000.0,3006296000.0,2025-12-31,2026-03-19
27766,UNIÃO PET PARTICIPAÇÕES S.A.,147810000.0,-88823000.0,2582827000.0,58740000.0,0.0,2298927000.0,98385000.0,310133000.0,2023,88823000.0,-98385000.0,2023-12-31,2024-10-04
27766,UNIÃO PET PARTICIPAÇÕES S.A.,210232000.0,-99726000.0,2737927000.0,116793000.0,0.0,2454914000.0,183445000.0,377320000.0,2024,99726000.0,-183445000.0,2024-12-31,2025-03-26
27766,UNIÃO PET PARTICIPAÇÕES S.A.,220109000.0,-113974000.0,3013799000.0,109339000.0,0.0,2723337000.0,451624000.0,532656000.0,2025,113974000.0,-451624000.0,2025-12-31,2026-03-26
26867,UNIÃO QUÍMICA FARMACÊUTICA NACIONAL S.A.,646460000.0,-343821000.0,3331799000.0,448308000.0,1641690000.0,3916738000.0,758901000.0,97677000.0,2021,343821000.0,882789000.0,2021-12-31,2022-04-19
26867,UNIÃO QUÍMICA FARMACÊUTICA NACIONAL S.A.,700598000.0,-623329000.0,3753080000.0,367411000.0,1864025000.0,4630930000.0,311065000.0,229952000.0,2022,623329000.0,1552960000.0,2022-12-31,2023-03-20
26867,UNIÃO QUÍMICA FARMACÊUTICA NACIONAL S.A.,656116000.0,-605225000.0,3960030000.0,316213000.0,2077844000.0,4885715000.0,462417000.0,440685000.0,2023,605225000.0,1615427000.0,2023-12-31,2024-03-13
26867,UNIÃO QUÍMICA FARMACÊUTICA NACIONAL S.A.,712952000.0,-603674000.0,4212685000.0,338622000.0,2610925000.0,5786233000.0,621907000.0,399677000.0,2024,603674000.0,1989018000.0,2024-12-31,2025-03-21
26867,UNIÃO QUÍMICA FARMACÊUTICA NACIONAL S.A.,660619000.0,-659926000.0,4411560000.0,250570000.0,3221944000.0,6601250000.0,1228159000.0,825144000.0,2025,659926000.0,1993785000.0,2025-12-31,2026-03-29
24856,UP ENGENHARIA E URBANISMO S.A.,-16377.0,-1544.0,0.0,-17893.0,0.0,2114.0,2114.0,,2019,1544.0,-2114.0,2019-12-31,2020-03-31
25437,URBA DESENVOLVIMENTO URBANO S.A.,-38000.0,-5688000.0,58379000.0,-2678000.0,123842000.0,458695000.0,781000.0,-10603000.0,2019,5688000.0,123061000.0,2019-12-31,2021-02-25
25437,URBA DESENVOLVIMENTO URBANO S.A.,11939000.0,-4216000.0,88994000.0,11515000.0,162525000.0,522666000.0,4534000.0,-52821000.0,2020,4216000.0,157991000.0,2020-12-31,2021-03-11
25437,URBA DESENVOLVIMENTO URBANO S.A.,29154000.0,-4809000.0,152133000.0,26332000.0,142107000.0,654859000.0,2668000.0,-79842000.0,2021,4809000.0,139439000.0,2021-12-31,2022-03-17
25437,URBA DESENVOLVIMENTO URBANO S.A.,14576000.0,-27175000.0,207472000.0,-7053000.0,266575000.0,963755000.0,26067000.0,-95204000.0,2022,27175000.0,240508000.0,2022-12-31,2023-03-09
25437,URBA DESENVOLVIMENTO URBANO S.A.,-32183000.0,-39931000.0,159059000.0,-69446000.0,316055000.0,928590000.0,839000.0,-80862000.0,2023,39931000.0,315216000.0,2023-12-31,2024-03-06
25437,URBA DESENVOLVIMENTO URBANO S.A.,51773000.0,-58305000.0,251596000.0,2643000.0,384640000.0,1386013000.0,1068000.0,-84507000.0,2024,58305000.0,383572000.0,2024-12-31,2025-02-25
25437,URBA DESENVOLVIMENTO URBANO S.A.,93060000.0,-98970000.0,370909000.0,26780000.0,374587000.0,1954205000.0,700000.0,-138899000.0,2025,98970000.0,373887000.0,2025-12-31,2026-03-09
14320,USINAS SID DE MINAS GERAIS S.A.-USIMINAS,700880000.0,0.0,12829467000.0,16791000.0,6840981000.0,31357994000.0,2633187000.0,1106293000.0,2013,0.0,4207794000.0,2013-12-31,2014-02-14
14320,USINAS SID DE MINAS GERAIS S.A.-USIMINAS,706748000.0,0.0,11741629000.0,208479000.0,6684215000.0,30484062000.0,2109812000.0,1218590000.0,2014,0.0,4574403000.0,2014-12-31,2015-03-04
14320,USINAS SID DE MINAS GERAIS S.A.-USIMINAS,-3629206000.0,0.0,10185570000.0,-3684977000.0,7868714000.0,27758332000.0,800272000.0,103414000.0,2015,0.0,7068442000.0,2015-12-31,2016-02-18
14320,USINAS SID DE MINAS GERAIS S.A.-USIMINAS,-221592000.0,0.0,8454200000.0,-576843000.0,6924308000.0,26254745000.0,719870000.0,-310312000.0,2016,0.0,6204438000.0,2016-12-31,2017-02-17
14320,USINAS SID DE MINAS GERAIS S.A.-USIMINAS,883870000.0,0.0,10734118000.0,315080000.0,6635779000.0,25984477000.0,1770573000.0,877029000.0,2017,0.0,4865206000.0,2017-12-31,2018-02-09
14320,USINAS SID DE MINAS GERAIS S.A.-USIMINAS,1142271000.0,0.0,13736780000.0,828695000.0,5849790000.0,26523851000.0,1106790000.0,509618000.0,2018,0.0,4743000000.0,2018-12-31,2019-02-15
14320,USINAS SID DE MINAS GERAIS S.A.-USIMINAS,952511000.0,0.0,14948719000.0,376691000.0,5106238000.0,26337032000.0,1252966000.0,1971824000.0,2019,0.0,3853272000.0,2019-12-31,2020-02-14
14320,USINAS SID DE MINAS GERAIS S.A.-USIMINAS,2928465000.0,0.0,16088052000.0,1291743000.0,5968362000.0,29952137000.0,3261288000.0,3759388000.0,2020,0.0,2707074000.0,2020-12-31,2021-02-12
14320,USINAS SID DE MINAS GERAIS S.A.-USIMINAS,11490462000.0,0.0,33736964000.0,10059954000.0,6299577000.0,39481569000.0,6341017000.0,5296571000.0,2021,0.0,-41440000.0,2021-12-31,2022-02-11
14320,USINAS SID DE MINAS GERAIS S.A.-USIMINAS,2666421000.0,0.0,32470510000.0,2092889000.0,6197557000.0,40000451000.0,2916047000.0,997118000.0,2022,0.0,3281510000.0,2022-12-31,2023-02-10
14320,USINAS SID DE MINAS GERAIS S.A.-USIMINAS,799436000.0,0.0,27638348000.0,1640368000.0,5916110000.0,40161751000.0,5323851000.0,4568077000.0,2023,0.0,592259000.0,2023-12-31,2025-01-16
14320,USINAS SID DE MINAS GERAIS S.A.-USIMINAS,499576000.0,0.0,25869799000.0,3362000.0,6768334000.0,39871790000.0,5200342000.0,989165000.0,2024,0.0,1567992000.0,2024-12-31,2025-02-14
14320,USINAS SID DE MINAS GERAIS S.A.-USIMINAS,-1363886000.0,0.0,26263450000.0,-2910034000.0,6390139000.0,35684766000.0,5141617000.0,2179444000.0,2025,0.0,1248522000.0,2025-12-31,2026-02-13
27022,V. TAL - REDE NEUTRA DE TELECOMUNICAÇÕES S.A.,265086000.0,-1683866000.0,5119719000.0,-443340000.0,5768012000.0,36052412000.0,4665186000.0,2913864000.0,2022,1683866000.0,1102826000.0,2022-12-31,2023-04-06
27022,V. TAL - REDE NEUTRA DE TELECOMUNICAÇÕES S.A.,379141000.0,-1114686000.0,5822708000.0,385622000.0,5769234000.0,34521811000.0,4851695000.0,749918000.0,2023,1114686000.0,917539000.0,2023-12-31,2024-03-18
27022,V. TAL - REDE NEUTRA DE TELECOMUNICAÇÕES S.A.,1322387000.0,-968878000.0,7750616000.0,864359000.0,5827564000.0,35304077000.0,5705970000.0,2861415000.0,2024,968878000.0,121594000.0,2024-12-31,2025-03-26
27022,V. TAL - REDE NEUTRA DE TELECOMUNICAÇÕES S.A.,-14252289000.0,-980923000.0,7049844000.0,-13855499000.0,2505097000.0,22428597000.0,1912758000.0,877916000.0,2025,980923000.0,592339000.0,2025-12-31,2026-02-25
4170,VALE S.A.,33436715000.0,-24238030000.0,101489747000.0,-257964000.0,68977014000.0,291880311000.0,12465248000.0,32234977000.0,2013,24238030000.0,56511766000.0,2013-12-31,2014-03-17
4170,VALE S.A.,17572598000.0,-23420661000.0,88274564000.0,219588000.0,76517311000.0,309415532000.0,10555341000.0,27790954000.0,2014,23420661000.0,65961970000.0,2014-12-31,2015-02-26
4170,VALE S.A.,-28337139000.0,-62705746000.0,85499184000.0,-45996622000.0,112666751000.0,345549435000.0,14021704000.0,15718875000.0,2015,62705746000.0,98645047000.0,2015-12-31,2016-02-25
4170,VALE S.A.,25072734000.0,-21355167000.0,94633264000.0,13296496000.0,95563458000.0,322696154000.0,13890591000.0,21634643000.0,2016,21355167000.0,81672867000.0,2016-12-31,2017-02-23
4170,VALE S.A.,34533678000.0,-20723136000.0,108532022000.0,17669992000.0,74392247000.0,328096703000.0,14317520000.0,40240693000.0,2017,20723136000.0,60074727000.0,2017-12-31,2018-02-27
4170,VALE S.A.,43175744000.0,-19606606000.0,134483126000.0,25773768000.0,59927954000.0,341714838000.0,22412547000.0,47930771000.0,2018,19606606000.0,37515407000.0,2018-12-31,2019-04-18
4170,VALE S.A.,2239775000.0,-15536478000.0,148639921000.0,-8696040000.0,59842730000.0,369670328000.0,29627092000.0,47283755000.0,2019,15536478000.0,30215638000.0,2019-12-31,2020-03-02
4170,VALE S.A.,52067618000.0,-26062458000.0,208528759000.0,24902341000.0,78089095000.0,478129515000.0,70085566000.0,75207873000.0,2020,26062458000.0,8003529000.0,2020-12-31,2021-02-25
4170,VALE S.A.,141335000000.0,0.0,293524000000.0,121343000000.0,76909000000.0,499128000000.0,65409000000.0,136766000000.0,2021,0.0,11500000000.0,2021-12-31,2022-02-24
4170,VALE S.A.,90326000000.0,8693000000.0,226508000000.0,96337000000.0,66330000000.0,453387000000.0,24711000000.0,58201000000.0,2022,8693000000.0,41619000000.0,2022-12-31,2023-02-16
4170,VALE S.A.,65272000000.0,-11877000000.0,208066000000.0,40554000000.0,67404000000.0,455984000000.0,17474000000.0,65905000000.0,2023,11877000000.0,49930000000.0,2023-12-31,2024-02-22
4170,VALE S.A.,55459000000.0,-23516000000.0,206005000000.0,30431000000.0,96012000000.0,496325000000.0,30671000000.0,50199000000.0,2024,23516000000.0,65341000000.0,2024-12-31,2025-03-17
4170,VALE S.A.,31969000000.0,-8079000000.0,213595000000.0,11811000000.0,103457000000.0,476094000000.0,40563000000.0,48765000000.0,2025,8079000000.0,62894000000.0,2025-12-31,2026-03-12
20028,VALID SOLUÇÕES S.A.,133118000.0,-38887000.0,1174992000.0,91727000.0,412092000.0,1172956000.0,152203000.0,93191000.0,2013,38887000.0,259889000.0,2013-12-31,2014-03-21
20028,VALID SOLUÇÕES S.A.,173028000.0,-48114000.0,1296056000.0,110142000.0,479149000.0,1296214000.0,181066000.0,223997000.0,2014,48114000.0,298083000.0,2014-12-31,2015-03-05
20028,VALID SOLUÇÕES S.A.,193652000.0,-116784000.0,1637407000.0,133098000.0,751423000.0,2156239000.0,241283000.0,230889000.0,2015,116784000.0,510140000.0,2015-12-31,2016-04-25
20028,VALID SOLUÇÕES S.A.,113196000.0,-98778000.0,1723850000.0,88395000.0,801470000.0,2074697000.0,394777000.0,223104000.0,2016,98778000.0,406693000.0,2016-12-31,2017-03-16
20028,VALID SOLUÇÕES S.A.,93735000.0,-103423000.0,1574474000.0,27758000.0,805484000.0,2059765000.0,296857000.0,81926000.0,2017,103423000.0,508627000.0,2017-12-31,2018-03-12
20028,VALID SOLUÇÕES S.A.,152647000.0,-114609000.0,1734312000.0,100078000.0,830841000.0,2247239000.0,311571000.0,200723000.0,2018,114609000.0,519270000.0,2018-12-31,2019-03-14
20028,VALID SOLUÇÕES S.A.,130369000.0,-143257000.0,2007962000.0,53741000.0,945250000.0,2518442000.0,318522000.0,249427000.0,2019,143257000.0,626728000.0,2019-12-31,2020-03-05
20028,VALID SOLUÇÕES S.A.,-109366000.0,-173481000.0,1939142000.0,-201649000.0,1308085000.0,2869132000.0,486536000.0,284509000.0,2020,173481000.0,821549000.0,2020-12-31,2021-04-08
20028,VALID SOLUÇÕES S.A.,135787000.0,-230059000.0,2198001000.0,57917000.0,1266622000.0,3097783000.0,390039000.0,200974000.0,2021,230059000.0,876583000.0,2021-12-31,2022-04-14
20028,VALID SOLUÇÕES S.A.,302651000.0,-406839000.0,1879437000.0,36503000.0,867155000.0,2663351000.0,365161000.0,544233000.0,2022,406839000.0,501994000.0,2022-12-31,2023-03-15
20028,VALID SOLUÇÕES S.A.,391760000.0,-395703000.0,2255510000.0,210621000.0,709954000.0,2545626000.0,422029000.0,649125000.0,2023,395703000.0,287925000.0,2023-12-31,2024-03-06
20028,VALID SOLUÇÕES S.A.,478209000.0,-242147000.0,2171344000.0,379649000.0,599216000.0,2943849000.0,569472000.0,438198000.0,2024,242147000.0,29744000.0,2024-12-31,2025-03-12
20028,VALID SOLUÇÕES S.A.,297853000.0,-253314000.0,2062563000.0,268707000.0,784594000.0,3147366000.0,699196000.0,440704000.0,2025,253314000.0,85398000.0,2025-12-31,2026-03-31
24716,"VAMOS LOCAÇÃO DE CAMINHÕES, MÁQUINAS E EQUIPAMENTOS S.A.",218644.0,-82652.0,938946.0,112937.0,931385.0,2023432.0,58605.0,276999.0,2018,82652.0,872780.0,2018-12-31,2019-04-24
24716,"VAMOS LOCAÇÃO DE CAMINHÕES, MÁQUINAS E EQUIPAMENTOS S.A.",292653000.0,-110158000.0,1211508000.0,141782000.0,2138572000.0,3053849000.0,322830000.0,-441230000.0,2019,110158000.0,1815742000.0,2019-12-31,2020-01-31
24716,"VAMOS LOCAÇÃO DE CAMINHÕES, MÁQUINAS E EQUIPAMENTOS S.A.",369555000.0,-133268000.0,1513187000.0,179192000.0,2864646000.0,4225479000.0,18405000.0,-646504000.0,2020,133268000.0,2846241000.0,2020-12-31,2021-02-25
24716,"VAMOS LOCAÇÃO DE CAMINHÕES, MÁQUINAS E EQUIPAMENTOS S.A.",753635000.0,-283214000.0,2823495000.0,402375000.0,6088125000.0,10185525000.0,153161000.0,-4872445000.0,2021,283214000.0,5934964000.0,2021-12-31,2022-02-17
24716,"VAMOS LOCAÇÃO DE CAMINHÕES, MÁQUINAS E EQUIPAMENTOS S.A.",1611185000.0,-1165228000.0,4913454000.0,668629000.0,7483188000.0,16675416000.0,84498000.0,-2318972000.0,2022,1165228000.0,7398690000.0,2022-12-31,2023-02-13
24716,"VAMOS LOCAÇÃO DE CAMINHÕES, MÁQUINAS E EQUIPAMENTOS S.A.",2083942000.0,-1771962000.0,6085482000.0,586959000.0,11717008000.0,20808826000.0,97768000.0,-2686027000.0,2023,1771962000.0,11619240000.0,2023-12-31,2024-03-18
24716,"VAMOS LOCAÇÃO DE CAMINHÕES, MÁQUINAS E EQUIPAMENTOS S.A.",2563041000.0,-1929343000.0,4699312000.0,380974000.0,14493165000.0,20277027000.0,152938000.0,-2702817000.0,2024,1929343000.0,14340227000.0,2024-12-31,2025-03-28
24716,"VAMOS LOCAÇÃO DE CAMINHÕES, MÁQUINAS E EQUIPAMENTOS S.A.",2611950000.0,-2704093000.0,5755712000.0,328702000.0,16690214000.0,22964587000.0,325423000.0,-874643000.0,2025,2704093000.0,16364791000.0,2025-12-31,2026-03-25
24309,VENTURE CAPITAL PARTICIPAÇÕES E INVESTIMENTOS S/A,51365000.0,-18760000.0,141315000.0,29805000.0,255396000.0,384042000.0,827000.0,-217941000.0,2019,18760000.0,254569000.0,2019-12-31,2021-06-09
24309,VENTURE CAPITAL PARTICIPAÇÕES E INVESTIMENTOS S/A,14150000.0,-9825000.0,98594000.0,18490000.0,365219000.0,511636000.0,17020000.0,-60985000.0,2020,9825000.0,348199000.0,2020-12-31,2021-11-16
26409,VERO S.A.,48442000.0,-13061000.0,211281000.0,29738000.0,12555000.0,1177271000.0,173559000.0,42980000.0,2020,13061000.0,-161004000.0,2020-12-31,2021-08-18
26409,VERO S.A.,107084000.0,-55764000.0,420693000.0,51672000.0,567505000.0,2009274000.0,377734000.0,107340000.0,2021,55764000.0,189771000.0,2021-12-31,2022-03-16
26409,VERO S.A.,191279000.0,-177865000.0,687181000.0,49229000.0,713749000.0,2289203000.0,161077000.0,251562000.0,2022,177865000.0,552672000.0,2022-12-31,2023-03-06
26409,VERO S.A.,226704000.0,-246758000.0,917112000.0,4352000.0,2063371000.0,6553747000.0,326672000.0,565346000.0,2023,246758000.0,1736699000.0,2023-12-31,2024-03-28
26409,VERO S.A.,353979000.0,-558997000.0,1660862000.0,-23287000.0,3235866000.0,7330274000.0,917486000.0,837893000.0,2024,558997000.0,2318380000.0,2024-12-31,2025-04-25
21440,VESTE S.A. ESTILO,99398000.0,-173516000.0,765717000.0,-4477000.0,1158587000.0,3381678000.0,445808000.0,154910000.0,2014,173516000.0,712779000.0,2014-12-31,2015-03-13
21440,VESTE S.A. ESTILO,152131000.0,-247201000.0,1188743000.0,-17219000.0,1049596000.0,3178126000.0,257625000.0,174847000.0,2015,247201000.0,791971000.0,2015-12-31,2016-03-21
21440,VESTE S.A. ESTILO,105912000.0,-239753000.0,1125829000.0,-61642000.0,1033972000.0,3179649000.0,376414000.0,253142000.0,2016,239753000.0,657558000.0,2016-12-31,2017-02-23
21440,VESTE S.A. ESTILO,-22425000.0,-208601000.0,1249816000.0,420568000.0,1026614000.0,3690947000.0,409740000.0,147965000.0,2017,208601000.0,616874000.0,2017-12-31,2018-03-29
21440,VESTE S.A. ESTILO,273995000.0,-157057000.0,1244145000.0,103463000.0,1111712000.0,3708429000.0,247735000.0,91979000.0,2018,157057000.0,863977000.0,2018-12-31,2019-03-29
21440,VESTE S.A. ESTILO,-86828000.0,-192148000.0,954083000.0,-192996000.0,1481815000.0,4284088000.0,467206000.0,70467000.0,2019,192148000.0,1014609000.0,2019-12-31,2020-06-01
21440,VESTE S.A. ESTILO,-1255673000.0,-130137000.0,598816000.0,-2005084000.0,1636942000.0,2155276000.0,56214000.0,-324851000.0,2020,130137000.0,1580728000.0,2020-12-31,2021-03-30
21440,VESTE S.A. ESTILO,-677517000.0,-162600000.0,875919000.0,-804313000.0,1730784000.0,1521465000.0,34155000.0,111711000.0,2021,162600000.0,1696629000.0,2021-12-31,2022-03-30
21440,VESTE S.A. ESTILO,213809000.0,-264244000.0,1065898000.0,55275000.0,290261000.0,1591681000.0,48835000.0,198902000.0,2022,264244000.0,241426000.0,2022-12-31,2023-11-30
21440,VESTE S.A. ESTILO,32481000.0,-90818000.0,1109824000.0,22779000.0,314791000.0,1652876000.0,31208000.0,176283000.0,2023,90818000.0,283583000.0,2023-12-31,2024-03-04
21440,VESTE S.A. ESTILO,43440000.0,-61723000.0,1111555000.0,665000.0,347894000.0,1656533000.0,35290000.0,237950000.0,2024,61723000.0,312604000.0,2024-12-31,2025-02-25
21440,VESTE S.A. ESTILO,85437000.0,-68711000.0,1230948000.0,24409000.0,314144000.0,1655516000.0,40503000.0,227774000.0,2025,68711000.0,273641000.0,2025-12-31,2026-03-02
24295,VIBRA ENERGIA S/A,-15000000.0,-1893000000.0,86637000000.0,-315000000.0,12909000000.0,31398000000.0,655000000.0,2632000000.0,2016,1893000000.0,12254000000.0,2016-12-31,2017-12-14
24295,VIBRA ENERGIA S/A,2122000000.0,-933000000.0,84567000000.0,1151000000.0,4712000000.0,23762000000.0,483000000.0,1270000000.0,2017,933000000.0,4229000000.0,2017-12-31,2018-03-16
24295,VIBRA ENERGIA S/A,2386000000.0,-536000000.0,97770000000.0,3193000000.0,5572000000.0,25345000000.0,3057000000.0,3328000000.0,2018,536000000.0,2515000000.0,2018-12-31,2019-02-26
24295,VIBRA ENERGIA S/A,1353000000.0,-578000000.0,94985000000.0,2211000000.0,6775000000.0,25866000000.0,2362000000.0,2899000000.0,2019,578000000.0,4413000000.0,2019-12-31,2020-03-12
24295,VIBRA ENERGIA S/A,4566000000.0,-186000000.0,81501000000.0,3905000000.0,8553000000.0,28327000000.0,3358000000.0,1818000000.0,2020,186000000.0,5195000000.0,2020-12-31,2021-03-09
24295,VIBRA ENERGIA S/A,2606000000.0,-1075000000.0,130121000000.0,2497000000.0,13833000000.0,33884000000.0,3625000000.0,2276000000.0,2021,1075000000.0,10208000000.0,2021-12-31,2022-03-22
24295,VIBRA ENERGIA S/A,3961000000.0,-2728000000.0,181446000000.0,1537000000.0,17391000000.0,41110000000.0,4145000000.0,1263000000.0,2022,2728000000.0,13246000000.0,2022-12-31,2023-03-21
24295,VIBRA ENERGIA S/A,7543000000.0,-2022000000.0,162947000000.0,4766000000.0,15518000000.0,43481000000.0,6666000000.0,6247000000.0,2023,2022000000.0,8852000000.0,2023-12-31,2024-03-04
24295,VIBRA ENERGIA S/A,8769000000.0,-2008000000.0,172272000000.0,6367000000.0,20808000000.0,49000000000.0,10480000000.0,4148000000.0,2024,2008000000.0,10328000000.0,2024-12-31,2025-02-24
24295,VIBRA ENERGIA S/A,4826000000.0,-3394000000.0,189075000000.0,1979000000.0,23216000000.0,60963000000.0,3647000000.0,6666000000.0,2025,3394000000.0,19569000000.0,2025-12-31,2026-03-11
22772,VIGOR ALIMENTOS S.A.,101903000.0,-114353000.0,2693176000.0,25711000.0,1115018000.0,3506227000.0,37131000.0,18042000.0,2013,114353000.0,1077887000.0,2013-12-31,2014-03-20
22772,VIGOR ALIMENTOS S.A.,300013000.0,-153276000.0,4394640000.0,120031000.0,1031467000.0,3624683000.0,17818000.0,313167000.0,2014,153276000.0,1013649000.0,2014-12-31,2015-03-10
22772,VIGOR ALIMENTOS S.A.,523312000.0,-216917000.0,5219559000.0,242778000.0,1318932000.0,4549391000.0,17429000.0,417813000.0,2015,216917000.0,1301503000.0,2015-12-31,2016-03-15
20818,VIRGO COMPANHIA DE SECURITIZAÇÃO,-3245905.0,-35658805.0,665070.0,-594913.0,0.0,228861024.0,3663421.0,-734595.0,2016,35658805.0,-3663421.0,2016-12-31,2017-09-28
20818,VIRGO COMPANHIA DE SECURITIZAÇÃO,-1530645.0,-457.0,2906252.0,2212378.0,0.0,6606191.0,7978.0,-1268264.0,2017,457.0,-7978.0,2017-12-31,2018-05-29
20818,VIRGO COMPANHIA DE SECURITIZAÇÃO,-4715000.0,0.0,16097000.0,-1528000.0,31351000.0,46902000.0,5723000.0,57642000.0,2019,0.0,25628000.0,2019-12-31,2020-03-30
20818,VIRGO COMPANHIA DE SECURITIZAÇÃO,4521000.0,-5318000.0,20535000.0,-424000.0,21465000.0,43778000.0,9971000.0,-9253000.0,2020,5318000.0,11494000.0,2020-12-31,2021-03-30
20818,VIRGO COMPANHIA DE SECURITIZAÇÃO,958000.0,-2952000.0,25836000.0,-6337000.0,9371000.0,46876000.0,8797000.0,-4814000.0,2021,2952000.0,574000.0,2021-12-31,2022-03-30
20818,VIRGO COMPANHIA DE SECURITIZAÇÃO,3060000.0,-1578000.0,20094000.0,8023000.0,11187000.0,55073000.0,12298000.0,-10551000.0,2022,1578000.0,-1111000.0,2022-12-31,2023-03-31
20818,VIRGO COMPANHIA DE SECURITIZAÇÃO,2542000.0,-2564000.0,19640000.0,23521000.0,19900000.0,83547000.0,17092000.0,-915000.0,2023,2564000.0,2808000.0,2023-12-31,2024-03-28
20818,VIRGO COMPANHIA DE SECURITIZAÇÃO,5916000.0,-2513000.0,28904000.0,20402000.0,7203000.0,78823000.0,25752000.0,35981000.0,2024,2513000.0,-18549000.0,2024-12-31,2025-03-28
18287,VIRGO II COMPANHIA DE SECURITIZACAO,3169000.0,0.0,20910000.0,4698000.0,0.0,129142000.0,26852000.0,1847000.0,2013,0.0,-26852000.0,2013-12-31,2014-03-06
18287,VIRGO II COMPANHIA DE SECURITIZACAO,3071000.0,0.0,16656000.0,4985000.0,0.0,121609000.0,28760000.0,7431000.0,2014,0.0,-28760000.0,2014-12-31,2015-03-05
18287,VIRGO II COMPANHIA DE SECURITIZACAO,3757000.0,0.0,17986000.0,6184000.0,0.0,110522000.0,26954000.0,2756000.0,2015,0.0,-26954000.0,2015-12-31,2016-03-15
18287,VIRGO II COMPANHIA DE SECURITIZACAO,5861000.0,0.0,21040000.0,7195000.0,0.0,106214000.0,35301000.0,13814000.0,2016,0.0,-35301000.0,2016-12-31,2017-03-20
18287,VIRGO II COMPANHIA DE SECURITIZACAO,7779000.0,0.0,22357000.0,8009000.0,0.0,99555000.0,32188000.0,3256000.0,2017,0.0,-32188000.0,2017-12-31,2018-03-07
18287,VIRGO II COMPANHIA DE SECURITIZACAO,433000.0,0.0,12762000.0,2023000.0,0.0,86121000.0,23556000.0,-1606000.0,2018,0.0,-23556000.0,2018-12-31,2019-03-14
18287,VIRGO II COMPANHIA DE SECURITIZACAO,-2245000.0,0.0,11286000.0,-1448000.0,504000.0,38834000.0,3803000.0,26004000.0,2019,0.0,-3299000.0,2019-12-31,2020-03-30
18287,VIRGO II COMPANHIA DE SECURITIZACAO,4810000.0,0.0,6079000.0,2743000.0,1000.0,46061000.0,3958000.0,-800000.0,2020,0.0,-3957000.0,2020-12-31,2021-03-30
18287,VIRGO II COMPANHIA DE SECURITIZACAO,412000.0,0.0,3830000.0,354000.0,0.0,50950000.0,4118000.0,244000.0,2021,0.0,-4118000.0,2021-12-31,2022-03-30
27510,VITAL ENGENHARIA AMBIENTAL S.A.,569151000.0,-76264000.0,2148456000.0,383900000.0,224936000.0,2174088000.0,236322000.0,276700000.0,2023,76264000.0,-11386000.0,2023-12-31,2024-04-12
27510,VITAL ENGENHARIA AMBIENTAL S.A.,409388000.0,-75130000.0,2080429000.0,295649000.0,329182000.0,2133971000.0,508226000.0,620286000.0,2024,75130000.0,-179044000.0,2024-12-31,2025-04-30
27510,VITAL ENGENHARIA AMBIENTAL S.A.,557838000.0,-85508000.0,2302758000.0,496753000.0,947427000.0,2827381000.0,1044335000.0,608707000.0,2025,85508000.0,-96908000.0,2025-12-31,2026-03-24
27057,VITRU EDUCAÇÃO S.A.,83083000.0,-71575000.0,631147000.0,57208000.0,0.0,1256699000.0,59865000.0,50785000.0,2021,71575000.0,-59865000.0,2021-12-31,2022-09-08
27057,VITRU EDUCAÇÃO S.A.,204338000.0,-255282000.0,1317346000.0,93140000.0,1620246000.0,5641781000.0,35130000.0,124205000.0,2022,255282000.0,1585116000.0,2022-12-31,2023-11-10
27057,VITRU EDUCAÇÃO S.A.,414967000.0,-363781000.0,1962525000.0,122671000.0,2181819000.0,5861224000.0,12971000.0,244141000.0,2023,363781000.0,2168848000.0,2023-12-31,2024-08-27
27057,VITRU EDUCAÇÃO S.A.,447730000.0,-501243000.0,2141809000.0,288752000.0,2350582000.0,5825334000.0,21553000.0,255864000.0,2024,501243000.0,2329029000.0,2024-12-31,2025-03-25
27057,VITRU EDUCAÇÃO S.A.,587953000.0,-429981000.0,2259078000.0,369891000.0,2350694000.0,6093744000.0,69510000.0,374968000.0,2025,429981000.0,2281184000.0,2025-12-31,2026-04-07
25763,VITTIA S.A.,66477000.0,-19555000.0,431954000.0,58114000.0,181145000.0,459692000.0,37234000.0,45282000.0,2019,19555000.0,143911000.0,2019-12-31,2020-11-17
25763,VITTIA S.A.,100583000.0,-47411000.0,530646000.0,85934000.0,253661000.0,620754000.0,46411000.0,43985000.0,2020,47411000.0,207250000.0,2020-12-31,2021-03-03
25763,VITTIA S.A.,142840000.0,-45764000.0,778915000.0,107740000.0,252936000.0,845779000.0,89998000.0,26410000.0,2021,45764000.0,162938000.0,2021-12-31,2022-03-18
25763,VITTIA S.A.,181269000.0,-69803000.0,851191000.0,147485000.0,256501000.0,958471000.0,88630000.0,119979000.0,2022,69803000.0,167871000.0,2022-12-31,2023-03-16
25763,VITTIA S.A.,98979000.0,-64393000.0,756109000.0,97303000.0,199538000.0,925757000.0,82829000.0,146705000.0,2023,64393000.0,116709000.0,2023-12-31,2024-03-14
25763,VITTIA S.A.,88243000.0,-36134000.0,786619000.0,75304000.0,233178000.0,953178000.0,54473000.0,65156000.0,2024,36134000.0,178705000.0,2024-12-31,2025-03-13
25763,VITTIA S.A.,72458000.0,-43057000.0,819983000.0,66151000.0,180513000.0,929946000.0,47963000.0,110508000.0,2025,43057000.0,132550000.0,2025-12-31,2026-03-12
24805,VIVARA PARTICIPAÇÕES S.A.,205078636.0,-65173999.0,1047547041.0,146672109.0,390320621.0,2140696717.0,492609413.0,252093016.0,2020,65173999.0,-102288792.0,2020-12-31,2021-03-17
24805,VIVARA PARTICIPAÇÕES S.A.,294686451.0,-69111871.0,1466386885.0,298490271.0,291212771.0,2563868834.0,325587601.0,219771457.0,2021,69111871.0,-34374830.0,2021-12-31,2022-03-17
24805,VIVARA PARTICIPAÇÕES S.A.,376372328.0,-91918649.0,1843735089.0,360854417.0,225156644.0,2932172811.0,160035979.0,63309070.0,2022,91918649.0,65120665.0,2022-12-31,2023-03-16
24805,VIVARA PARTICIPAÇÕES S.A.,450646110.0,-90564367.0,2186974709.0,369244553.0,271463435.0,3241590055.0,221495208.0,201468842.0,2023,90564367.0,49968227.0,2023-12-31,2024-03-20
24805,VIVARA PARTICIPAÇÕES S.A.,683585305.0,-114282149.0,2577113417.0,653393946.0,398560704.0,4273730310.0,278153431.0,150681232.0,2024,114282149.0,120407273.0,2024-12-31,2025-03-18
24805,VIVARA PARTICIPAÇÕES S.A.,726321236.0,-208259900.0,3026581564.0,619502301.0,531275707.0,4722693388.0,365433346.0,468874311.0,2025,208259900.0,165842361.0,2025-12-31,2026-03-18
20702,VIVER INCORPORADORA E CONSTRUTORA S.A.,-135787000.0,-174478000.0,518809000.0,-281397000.0,1015704000.0,1976902000.0,77403000.0,136152000.0,2013,174478000.0,938301000.0,2013-12-31,2014-03-25
20702,VIVER INCORPORADORA E CONSTRUTORA S.A.,-152690000.0,-116516000.0,158324000.0,-233352000.0,961418000.0,1531576000.0,29598000.0,36341000.0,2014,116516000.0,931820000.0,2014-12-31,2015-03-31
20702,VIVER INCORPORADORA E CONSTRUTORA S.A.,-157790000.0,-122624000.0,111989000.0,-261588000.0,1030932000.0,1307012000.0,22738000.0,62717000.0,2015,122624000.0,1008194000.0,2015-12-31,2016-03-30
20702,VIVER INCORPORADORA E CONSTRUTORA S.A.,-246695000.0,-117413000.0,-17954000.0,-348597000.0,1041881000.0,984399000.0,33081000.0,86217000.0,2016,117413000.0,1008800000.0,2016-12-31,2017-03-29
20702,VIVER INCORPORADORA E CONSTRUTORA S.A.,-98521000.0,-104632000.0,5935000.0,-119214000.0,589520000.0,821007000.0,15545000.0,-147603000.0,2017,104632000.0,573975000.0,2017-12-31,2018-03-28
20702,VIVER INCORPORADORA E CONSTRUTORA S.A.,-85630000.0,-121686000.0,85028000.0,-198533000.0,268367000.0,647844000.0,7810000.0,-44367000.0,2018,121686000.0,260557000.0,2018-12-31,2019-03-28
20702,VIVER INCORPORADORA E CONSTRUTORA S.A.,-164621000.0,-58260000.0,-145261000.0,-220334000.0,196163000.0,512942000.0,5461000.0,-14440000.0,2019,58260000.0,190702000.0,2019-12-31,2020-03-30
20702,VIVER INCORPORADORA E CONSTRUTORA S.A.,-146201000.0,-39600000.0,44011000.0,-181244000.0,210331000.0,323481000.0,28993000.0,9099000.0,2020,39600000.0,181338000.0,2020-12-31,2021-03-30
20702,VIVER INCORPORADORA E CONSTRUTORA S.A.,-49962000.0,-13061000.0,67981000.0,-57926000.0,211226000.0,328603000.0,63467000.0,-59790000.0,2021,13061000.0,147759000.0,2021-12-31,2022-03-30
20702,VIVER INCORPORADORA E CONSTRUTORA S.A.,-45584000.0,-2762000.0,121982000.0,-12524000.0,271132000.0,366771000.0,38974000.0,-74732000.0,2022,2762000.0,232158000.0,2022-12-31,2023-03-31
20702,VIVER INCORPORADORA E CONSTRUTORA S.A.,-71827000.0,-3912000.0,69536000.0,-72749000.0,41241000.0,317514000.0,14097000.0,-26670000.0,2023,3912000.0,27144000.0,2023-12-31,2024-03-28
20702,VIVER INCORPORADORA E CONSTRUTORA S.A.,-39242000.0,-2851000.0,112726000.0,-40454000.0,20670000.0,278798000.0,19637000.0,21719000.0,2024,2851000.0,1033000.0,2024-12-31,2025-04-04
20702,VIVER INCORPORADORA E CONSTRUTORA S.A.,-9327000.0,-8879000.0,28779000.0,-17549000.0,22334000.0,210706000.0,7702000.0,-64596000.0,2025,8879000.0,14632000.0,2025-12-31,2026-04-06
21202,VIX LOGÍSTICA S.A.,124659000.0,-65166000.0,1014652000.0,61825000.0,592918000.0,994580000.0,51984000.0,70939000.0,2013,65166000.0,540934000.0,2013-12-31,2014-03-25
21202,VIX LOGÍSTICA S.A.,131755000.0,-89038000.0,1116380000.0,51193000.0,572620000.0,1229341000.0,269902000.0,132283000.0,2014,89038000.0,302718000.0,2014-12-31,2015-03-24
21202,VIX LOGÍSTICA S.A.,135368000.0,-137225000.0,1155485000.0,67423000.0,614412000.0,1311352000.0,300186000.0,113446000.0,2015,137225000.0,314226000.0,2015-12-31,2016-03-04
21202,VIX LOGÍSTICA S.A.,105394000.0,-90652000.0,1026653000.0,47989000.0,477462000.0,1225758000.0,274433000.0,152423000.0,2016,90652000.0,203029000.0,2016-12-31,2017-03-10
21202,VIX LOGÍSTICA S.A.,75635000.0,-51052000.0,995152000.0,39718000.0,375788000.0,1174707000.0,13850000.0,163087000.0,2017,51052000.0,361938000.0,2017-12-31,2018-03-14
21202,VIX LOGÍSTICA S.A.,83312000.0,-85087000.0,1208061000.0,35698000.0,857641000.0,1847488000.0,42852000.0,-355346000.0,2018,85087000.0,814789000.0,2018-12-31,2019-03-28
21202,VIX LOGÍSTICA S.A.,150427000.0,-202038000.0,1689590000.0,44560000.0,1594516000.0,2578383000.0,39000000.0,-570722000.0,2019,202038000.0,1555516000.0,2019-12-31,2020-03-31
21202,VIX LOGÍSTICA S.A.,192322000.0,-305705000.0,1694800000.0,74672000.0,1637782000.0,2657151000.0,133098000.0,220046000.0,2020,305705000.0,1504684000.0,2020-12-31,2021-03-10
21202,VIX LOGÍSTICA S.A.,317771000.0,-592290000.0,2087850000.0,151895000.0,2330060000.0,3483555000.0,183882000.0,-548391000.0,2021,592290000.0,2146178000.0,2021-12-31,2022-03-29
21202,VIX LOGÍSTICA S.A.,363539000.0,-557045000.0,2620081000.0,88453000.0,2547816000.0,3886687000.0,59362000.0,-101189000.0,2022,557045000.0,2488454000.0,2022-12-31,2023-03-30
21202,VIX LOGÍSTICA S.A.,621381000.0,-713161000.0,3456636000.0,124796000.0,3563121000.0,5152642000.0,341245000.0,41114000.0,2023,713161000.0,3221876000.0,2023-12-31,2024-03-26
21202,VIX LOGÍSTICA S.A.,558537000.0,-650606000.0,3874770000.0,119348000.0,3592751000.0,5182731000.0,9306000.0,-185179000.0,2024,650606000.0,3583445000.0,2024-12-31,2025-03-20
21202,VIX LOGÍSTICA S.A.,678620000.0,-719647000.0,4043611000.0,170244000.0,3316944000.0,5191139000.0,27969000.0,412156000.0,2025,719647000.0,3288975000.0,2025-12-31,2026-03-17
28045,VLI MULTIMODAL S.A,2515311000.0,-1410923000.0,9953533000.0,2774028000.0,10111708000.0,22713804000.0,2479565000.0,4640860000.0,2025,1410923000.0,7632143000.0,2025-12-31,2026-03-26
27324,VOKE S.A.,105529000.0,-138435000.0,394785000.0,-14905000.0,737728000.0,1139864000.0,23371000.0,-230440000.0,2022,138435000.0,714357000.0,2022-12-31,2024-03-28
27324,VOKE S.A.,180489000.0,-178652000.0,502236000.0,11387000.0,861972000.0,1280878000.0,108641000.0,5257000.0,2023,178652000.0,753331000.0,2023-12-31,2024-04-04
27324,VOKE S.A.,203122000.0,-195395000.0,506909000.0,22710000.0,1134349000.0,1609386000.0,158041000.0,138716000.0,2024,195395000.0,976308000.0,2024-12-31,2025-03-27
27324,VOKE S.A.,203200000.0,-249711000.0,532959000.0,-32061000.0,1283625000.0,1624805000.0,158368000.0,139908000.0,2025,249711000.0,1125257000.0,2025-12-31,2026-03-30
27189,VOTORANTIM CIMENTOS S.A.,2974861000.0,-2346821000.0,25797366000.0,1145454000.0,11173587000.0,42533209000.0,3943513000.0,4025246000.0,2022,2346821000.0,7230074000.0,2022-12-31,2023-03-06
27189,VOTORANTIM CIMENTOS S.A.,3996288000.0,-2039149000.0,26682125000.0,2617880000.0,12147359000.0,43119487000.0,4856956000.0,3956510000.0,2023,2039149000.0,7290403000.0,2023-12-31,2024-03-21
27189,VOTORANTIM CIMENTOS S.A.,2827087000.0,-2243679000.0,26564574000.0,1073696000.0,14506294000.0,51329750000.0,4070984000.0,3165124000.0,2024,2243679000.0,10435310000.0,2024-12-31,2025-03-19
27189,VOTORANTIM CIMENTOS S.A.,4062000000.0,-2819000000.0,29416000000.0,3178000000.0,15225000000.0,49896000000.0,4613000000.0,3647000000.0,2025,2819000000.0,10612000000.0,2025-12-31,2026-03-18
11762,VULCABRAS S.A.,-8919000.0,-142442000.0,1326837000.0,-126685000.0,820656000.0,1267560000.0,46672000.0,66575000.0,2013,142442000.0,773984000.0,2013-12-31,2014-03-20
11762,VULCABRAS S.A.,37908000.0,-133771000.0,1267127000.0,-72794000.0,719900000.0,1271514000.0,30642000.0,-30751000.0,2014,133771000.0,689258000.0,2014-12-31,2015-03-13
11762,VULCABRAS S.A.,37956000.0,-144547000.0,965875000.0,-49920000.0,675459000.0,1237154000.0,24693000.0,36653000.0,2015,144547000.0,650766000.0,2015-12-31,2017-10-02
11762,VULCABRAS S.A.,118910000.0,-131375000.0,1134220000.0,35695000.0,539268000.0,1078668000.0,17094000.0,134949000.0,2016,131375000.0,522174000.0,2016-12-31,2017-10-02
11762,VULCABRAS S.A.,240693000.0,-97343000.0,1263082000.0,188939000.0,94799000.0,1120485000.0,100502000.0,299636000.0,2017,97343000.0,-5703000.0,2017-12-31,2018-03-08
11762,VULCABRAS S.A.,159780000.0,-27063000.0,1248963000.0,152114000.0,60006000.0,1326773000.0,68626000.0,125545000.0,2018,27063000.0,-8620000.0,2018-12-31,2019-03-11
11762,VULCABRAS S.A.,141764000.0,-28420000.0,1359985000.0,143080000.0,43053000.0,1355158000.0,62164000.0,203811000.0,2019,28420000.0,-19111000.0,2019-12-31,2020-03-02
11762,VULCABRAS S.A.,36296000.0,-46406000.0,1179227000.0,31554000.0,311629000.0,1679254000.0,158552000.0,16464000.0,2020,46406000.0,153077000.0,2020-12-31,2021-03-09
11762,VULCABRAS S.A.,325667000.0,-75565000.0,1867176000.0,313839000.0,361250000.0,1995237000.0,114635000.0,98371000.0,2021,75565000.0,246615000.0,2021-12-31,2022-03-08
11762,VULCABRAS S.A.,443567000.0,-84618000.0,2536936000.0,469930000.0,417048000.0,2520756000.0,197197000.0,300625000.0,2022,84618000.0,219851000.0,2022-12-31,2023-04-18
11762,VULCABRAS S.A.,542520000.0,-90979000.0,2817679000.0,494883000.0,437750000.0,2775153000.0,361020000.0,523252000.0,2023,90979000.0,76730000.0,2023-12-31,2024-03-07
11762,VULCABRAS S.A.,580489000.0,-85345000.0,3048578000.0,569867000.0,336852000.0,2993308000.0,307660000.0,564506000.0,2024,85345000.0,29192000.0,2024-12-31,2025-03-27
11762,VULCABRAS S.A.,753056000.0,-141941000.0,3560287000.0,1165314000.0,976269000.0,3878996000.0,203970000.0,541593000.0,2025,141941000.0,772299000.0,2025-12-31,2026-03-03
25852,W2W E-COMMERCE DE VINHOS S.A.,-2789000.0,3050000.0,252752000.0,7549000.0,41415000.0,206042000.0,6757000.0,4471000.0,2019,3050000.0,34658000.0,2019-12-31,2020-10-08
25852,W2W E-COMMERCE DE VINHOS S.A.,647000.0,-16354000.0,341101000.0,-6611000.0,49517000.0,286286000.0,20972000.0,19064000.0,2020,16354000.0,28545000.0,2020-12-31,2021-03-09
25852,W2W E-COMMERCE DE VINHOS S.A.,26345000.0,-39361000.0,557858000.0,-3506000.0,286491000.0,624121000.0,30045000.0,18565000.0,2021,39361000.0,256446000.0,2021-12-31,2022-04-08
25852,W2W E-COMMERCE DE VINHOS S.A.,42616000.0,-87689000.0,730796000.0,-20331000.0,193038000.0,660214000.0,33401000.0,37030000.0,2022,87689000.0,159637000.0,2022-12-31,2023-03-28
25852,W2W E-COMMERCE DE VINHOS S.A.,35352000.0,-95265000.0,768567000.0,-26530000.0,194619000.0,681638000.0,54928000.0,24410000.0,2023,95265000.0,139691000.0,2023-12-31,2024-03-28
25852,W2W E-COMMERCE DE VINHOS S.A.,41028000.0,-147922000.0,792763000.0,-40780000.0,193750000.0,772159000.0,58702000.0,35149000.0,2024,147922000.0,135048000.0,2024-12-31,2025-04-04
25852,W2W E-COMMERCE DE VINHOS S.A.,67153000.0,-128647000.0,766844000.0,6219000.0,105344000.0,709590000.0,32449000.0,-29097000.0,2025,128647000.0,72895000.0,2025-12-31,2026-03-31
5410,WEG S.A.,1011753000.0,-526848000.0,6828896000.0,845304000.0,3209004000.0,10141293000.0,3373799000.0,1027434000.0,2013,526848000.0,-164795000.0,2013-12-31,2014-02-26
5410,WEG S.A.,1094352000.0,-651926000.0,7840757000.0,962316000.0,4092150000.0,11782630000.0,3328015000.0,1147520000.0,2014,651926000.0,764135000.0,2014-12-31,2015-02-25
5410,WEG S.A.,1158245000.0,-1200150000.0,9760323000.0,1165810000.0,5152968000.0,14261541000.0,3277115000.0,982442000.0,2015,1200150000.0,1875853000.0,2015-12-31,2016-02-24
5410,WEG S.A.,1063674000.0,-600247000.0,9367008000.0,1127832000.0,4400325000.0,13509331000.0,3390662000.0,2130912000.0,2016,600247000.0,1009663000.0,2016-12-31,2017-02-22
5410,WEG S.A.,1182412000.0,-793816000.0,9523830000.0,1140942000.0,4056442000.0,13985987000.0,3162685000.0,1290136000.0,2017,793816000.0,893757000.0,2017-12-31,2018-02-28
5410,WEG S.A.,1507031000.0,-887163000.0,11970090000.0,1344148000.0,3772114000.0,15399850000.0,2205700000.0,1299655000.0,2018,887163000.0,1566414000.0,2018-12-31,2019-04-10
5410,WEG S.A.,1847734000.0,-960665000.0,13347434000.0,1632455000.0,2284969000.0,15687641000.0,1946044000.0,1907853000.0,2019,960665000.0,338925000.0,2019-12-31,2020-02-19
5410,WEG S.A.,2816324000.0,-1090101000.0,17469557000.0,2395957000.0,1686580000.0,19927896000.0,3892140000.0,3930032000.0,2020,1090101000.0,-2205560000.0,2020-12-31,2021-02-24
5410,WEG S.A.,4158343000.0,-821046000.0,23563338000.0,3657480000.0,1789115000.0,23932787000.0,2714427000.0,939385000.0,2021,821046000.0,-925312000.0,2021-12-31,2022-02-16
5410,WEG S.A.,5051587000.0,-1041939000.0,29904722000.0,4272872000.0,3459692000.0,28134660000.0,4451002000.0,2982930000.0,2022,1041939000.0,-991310000.0,2022-12-31,2023-02-15
5410,WEG S.A.,6462125000.0,-1424977000.0,32503601000.0,5867615000.0,2835061000.0,31496270000.0,6488454000.0,7021823000.0,2023,1424977000.0,-3653393000.0,2023-12-31,2024-02-21
5410,WEG S.A.,7690528000.0,-1724138000.0,37986941000.0,6318763000.0,3595237000.0,41489701000.0,7347599000.0,7252269000.0,2024,1724138000.0,-3752362000.0,2024-12-31,2025-02-26
5410,WEG S.A.,7998741000.0,-2173378000.0,40804110000.0,6775958000.0,4590822000.0,42645030000.0,6296498000.0,6451033000.0,2025,2173378000.0,-1705676000.0,2025-12-31,2026-02-25
11800,WEMBLEY SOCIEDADE ANÔNIMA,105050000.0,-139365000.0,2398626000.0,-12950000.0,920932000.0,3262986000.0,156963000.0,-19569000.0,2013,139365000.0,763969000.0,2013-12-31,2014-03-28
11800,WEMBLEY SOCIEDADE ANÔNIMA,15137000.0,-190840000.0,2449583000.0,-129298000.0,1117369000.0,3360092000.0,176973000.0,-121315000.0,2014,190840000.0,940396000.0,2014-12-31,2015-03-31
11800,WEMBLEY SOCIEDADE ANÔNIMA,157000.0,-247973000.0,2577862000.0,-134533000.0,1295117000.0,3444984000.0,195473000.0,-158818000.0,2015,247973000.0,1099644000.0,2015-12-31,2016-03-31
11991,WETZEL S.A.,18218000.0,-11836000.0,228440000.0,4738000.0,76096000.0,212616000.0,3059000.0,13633000.0,2013,11836000.0,73037000.0,2013-12-31,2014-03-27
11991,WETZEL S.A.,-38866000.0,-16860000.0,195651000.0,-41300000.0,75427000.0,226169000.0,3084000.0,14308000.0,2014,16860000.0,72343000.0,2014-12-31,2015-03-26
11991,WETZEL S.A.,-51830000.0,-23320000.0,151711000.0,-70577000.0,78719000.0,185098000.0,2575000.0,17118000.0,2015,23320000.0,76144000.0,2015-12-31,2016-04-15
11991,WETZEL S.A.,1172000.0,-13000000.0,121671000.0,-21138000.0,76342000.0,195649000.0,8179000.0,11005000.0,2016,13000000.0,68163000.0,2016-12-31,2017-03-23
11991,WETZEL S.A.,-15935000.0,-2530000.0,121573000.0,6399000.0,71546000.0,179515000.0,6157000.0,3451000.0,2017,2530000.0,65389000.0,2017-12-31,2018-03-28
11991,WETZEL S.A.,-17095000.0,-15207000.0,162996000.0,-32441000.0,77093000.0,178886000.0,6140000.0,-787000.0,2018,15207000.0,70953000.0,2018-12-31,2019-03-25
11991,WETZEL S.A.,-13571000.0,-25382000.0,179144000.0,-39123000.0,78278000.0,173583000.0,3992000.0,-5117000.0,2019,25382000.0,74286000.0,2019-12-31,2020-03-26
11991,WETZEL S.A.,46651000.0,-13345000.0,146264000.0,24864000.0,46458000.0,183884000.0,1357000.0,-8122000.0,2020,13345000.0,45101000.0,2020-12-31,2021-03-18
11991,WETZEL S.A.,18415000.0,-14586000.0,244173000.0,129833000.0,56198000.0,223858000.0,722000.0,4984000.0,2021,14586000.0,55476000.0,2021-12-31,2022-03-21
11991,WETZEL S.A.,7940000.0,-24036000.0,293024000.0,24042000.0,58668000.0,267741000.0,1251000.0,6028000.0,2022,24036000.0,57417000.0,2022-12-31,2023-03-08
11991,WETZEL S.A.,-12047000.0,-29298000.0,268096000.0,-25338000.0,80159000.0,299742000.0,303000.0,-8499000.0,2023,29298000.0,79856000.0,2023-12-31,2024-03-01
11991,WETZEL S.A.,64988000.0,-31187000.0,279779000.0,32880000.0,84424000.0,352234000.0,526000.0,52585000.0,2024,31187000.0,83898000.0,2024-12-31,2025-03-21
11991,WETZEL S.A.,-4120000.0,-37741000.0,197561000.0,-28578000.0,111826000.0,328620000.0,35000.0,-34560000.0,2025,37741000.0,111791000.0,2025-12-31,2026-03-27
14346,WHIRLPOOL S.A.,1068250000.0,-834889000.0,9334857000.0,820770000.0,138469000.0,6576714000.0,971511000.0,1150580000.0,2013,834889000.0,-833042000.0,2013-12-31,2014-02-19
14346,WHIRLPOOL S.A.,1053199000.0,-848824000.0,9659403000.0,713908000.0,211195000.0,6187370000.0,722866000.0,422342000.0,2014,848824000.0,-511671000.0,2014-12-31,2015-02-27
14346,WHIRLPOOL S.A.,412374000.0,-1190650000.0,9387172000.0,290884000.0,200742000.0,6551278000.0,490114000.0,-419230000.0,2015,1190650000.0,-289372000.0,2015-12-31,2016-02-18
14346,WHIRLPOOL S.A.,304523000.0,-853116000.0,9218765000.0,316740000.0,337359000.0,6569138000.0,756352000.0,1208828000.0,2016,853116000.0,-418993000.0,2016-12-31,2017-02-22
14346,WHIRLPOOL S.A.,387483000.0,-589047000.0,9482873000.0,427646000.0,242712000.0,6852312000.0,1167658000.0,1026664000.0,2017,589047000.0,-924946000.0,2017-12-31,2018-02-28
14346,WHIRLPOOL S.A.,238848000.0,-415449000.0,6193955000.0,174067000.0,452586000.0,7779990000.0,959157000.0,1312281000.0,2018,415449000.0,-506571000.0,2018-12-31,2019-03-26
14346,WHIRLPOOL S.A.,706488000.0,-449641000.0,7742151000.0,1776403000.0,595755000.0,7634362000.0,1633584000.0,660910000.0,2019,449641000.0,-1037829000.0,2019-12-31,2020-03-24
14346,WHIRLPOOL S.A.,978490000.0,-559732000.0,9258703000.0,713737000.0,297175000.0,7100413000.0,1906997000.0,1605997000.0,2020,559732000.0,-1609822000.0,2020-12-31,2021-03-24
14346,WHIRLPOOL S.A.,1096963000.0,-417305000.0,11380278000.0,981810000.0,1183021000.0,9164610000.0,1676929000.0,145049000.0,2021,417305000.0,-493908000.0,2021-12-31,2022-03-25
14346,WHIRLPOOL S.A.,754723000.0,-888362000.0,10798149000.0,418696000.0,1122339000.0,8434866000.0,1518512000.0,614476000.0,2022,888362000.0,-396173000.0,2022-12-31,2023-05-10
14346,WHIRLPOOL S.A.,1076689000.0,-1946065000.0,11487988000.0,254064000.0,1396945000.0,9021134000.0,2126109000.0,1048905000.0,2023,1946065000.0,-729164000.0,2023-12-31,2024-04-03
14346,WHIRLPOOL S.A.,1036375000.0,-1229339000.0,12931658000.0,910783000.0,1091293000.0,10569338000.0,3376540000.0,2379939000.0,2024,1229339000.0,-2285247000.0,2024-12-31,2025-03-25
14346,WHIRLPOOL S.A.,1166136000.0,-1461453000.0,12561821000.0,450784000.0,2201434000.0,10400830000.0,2632627000.0,-394266000.0,2025,1461453000.0,-431193000.0,2025-12-31,2026-03-27
80047,WILSON SONS LTD.,296363000.0,-49448000.0,1546364000.0,103100000.0,887260000.0,2527172000.0,306754000.0,265963000.0,2013,49448000.0,580506000.0,2013-12-31,2014-03-28
80047,WILSON SONS LTD.,267515000.0,-57902000.0,1486109000.0,99564000.0,1062167000.0,2808630000.0,290942000.0,249273000.0,2014,57902000.0,771225000.0,2014-12-31,2015-03-24
80047,WILSON SONS LTD.,400801000.0,-149707000.0,1682064000.0,108853000.0,1431043000.0,3722183000.0,512013000.0,515369000.0,2015,149707000.0,919030000.0,2015-12-31,2016-03-21
80047,WILSON SONS LTD.,378424000.0,-61038000.0,1585363000.0,293282000.0,1231372000.0,3379128000.0,366326000.0,326766000.0,2016,61038000.0,865046000.0,2016-12-31,2017-03-24
80047,WILSON SONS LTD.,377496000.0,-69847000.0,1584142000.0,234097000.0,1177248000.0,3449522000.0,369619000.0,348235000.0,2017,69847000.0,807629000.0,2017-12-31,2018-03-16
80047,WILSON SONS LTD.,365872000.0,-120485000.0,1677470000.0,164540000.0,1191156000.0,3682087000.0,267493000.0,436073000.0,2018,120485000.0,923663000.0,2018-12-31,2019-03-14
80047,WILSON SONS LTD.,295356000.0,-116004000.0,1602226000.0,121414000.0,2132748000.0,4639629000.0,313282000.0,437397000.0,2019,116004000.0,1819466000.0,2019-12-31,2020-03-12
80047,WILSON SONS LTD.,396027000.0,-176679000.0,1815562000.0,117831000.0,2601234000.0,5401310000.0,510976000.0,588494000.0,2020,176679000.0,2090258000.0,2020-12-31,2021-03-12
26247,WILSON SONS S.A.,393580000.0,-179275000.0,1815603000.0,121361000.0,2601234000.0,5068504000.0,303123000.0,585430000.0,2020,179275000.0,2298111000.0,2020-12-31,2021-07-01
26247,WILSON SONS S.A.,527523000.0,-183257000.0,2138715000.0,223759000.0,2619718000.0,5724443000.0,373695000.0,603709000.0,2021,183257000.0,2246023000.0,2021-12-31,2022-03-23
26247,WILSON SONS S.A.,606224000.0,-181571000.0,2271892000.0,338908000.0,2703117000.0,5731104000.0,261395000.0,580648000.0,2022,181571000.0,2441722000.0,2022-12-31,2023-03-23
26247,WILSON SONS S.A.,668883000.0,-176898000.0,2427182000.0,404879000.0,2655390000.0,5766860000.0,233350000.0,665772000.0,2023,176898000.0,2422040000.0,2023-12-31,2024-03-21
26247,WILSON SONS S.A.,939912000.0,-206339000.0,2925895000.0,488612000.0,2814088000.0,6705539000.0,492387000.0,1048968000.0,2024,206339000.0,2321701000.0,2024-12-31,2025-03-19
23590,WIZ CO PARTICIPAÇÕES E CORRETAGEM DE SEGUROS S.A.,118305000.0,-2086000.0,274383000.0,85060000.0,375000.0,157177000.0,8720000.0,98095000.0,2014,2086000.0,-8345000.0,2014-12-31,2015-05-13
23590,WIZ CO PARTICIPAÇÕES E CORRETAGEM DE SEGUROS S.A.,153619000.0,-2365000.0,363800000.0,99790000.0,1330000.0,180518000.0,1241000.0,104766000.0,2015,2365000.0,89000.0,2015-12-31,2016-03-02
23590,WIZ CO PARTICIPAÇÕES E CORRETAGEM DE SEGUROS S.A.,205023000.0,-2078000.0,403747000.0,148207000.0,557000.0,199013000.0,16642000.0,173558000.0,2016,2078000.0,-16085000.0,2016-12-31,2017-03-16
23590,WIZ CO PARTICIPAÇÕES E CORRETAGEM DE SEGUROS S.A.,246879000.0,-7274000.0,529726000.0,163361000.0,0.0,612190000.0,6380000.0,196206000.0,2017,7274000.0,-6380000.0,2017-12-31,2018-02-28
23590,WIZ CO PARTICIPAÇÕES E CORRETAGEM DE SEGUROS S.A.,300586000.0,-26584000.0,585005000.0,184395000.0,0.0,482034000.0,29347000.0,197826000.0,2018,26584000.0,-29347000.0,2018-12-31,2019-02-26
23590,WIZ CO PARTICIPAÇÕES E CORRETAGEM DE SEGUROS S.A.,369872000.0,-14271000.0,681935000.0,223667000.0,165000.0,586297000.0,44102000.0,283897000.0,2019,14271000.0,-43937000.0,2019-12-31,2020-02-20
23590,WIZ CO PARTICIPAÇÕES E CORRETAGEM DE SEGUROS S.A.,324898000.0,-19480000.0,803026000.0,199555000.0,52000.0,957545000.0,29121000.0,537492000.0,2020,19480000.0,-29069000.0,2020-12-31,2021-03-04
23590,WIZ CO PARTICIPAÇÕES E CORRETAGEM DE SEGUROS S.A.,348790000.0,-46031000.0,816759000.0,205783000.0,228643000.0,2173169000.0,25510000.0,226013000.0,2021,46031000.0,203133000.0,2021-12-31,2022-03-09
23590,WIZ CO PARTICIPAÇÕES E CORRETAGEM DE SEGUROS S.A.,357226000.0,-102496000.0,948884000.0,213100000.0,376135000.0,2302777000.0,35650000.0,554115000.0,2022,102496000.0,340485000.0,2022-12-31,2023-03-16
23590,WIZ CO PARTICIPAÇÕES E CORRETAGEM DE SEGUROS S.A.,442268000.0,-147736000.0,1121480000.0,235903000.0,356115000.0,2543864000.0,35566000.0,375865000.0,2023,147736000.0,320549000.0,2023-12-31,2024-04-17
23590,WIZ CO PARTICIPAÇÕES E CORRETAGEM DE SEGUROS S.A.,552205000.0,-135357000.0,1257265000.0,296766000.0,346206000.0,2445312000.0,19161000.0,512456000.0,2024,135357000.0,327045000.0,2024-12-31,2025-03-27
23590,WIZ CO PARTICIPAÇÕES E CORRETAGEM DE SEGUROS S.A.,620244000.0,-120711000.0,1382973000.0,367710000.0,388587000.0,2434061000.0,19174000.0,518243000.0,2025,120711000.0,369413000.0,2025-12-31,2026-03-19
11070,WLM PART. E COMÉRCIO DE MÁQUINAS E VEÍCULOS S.A.,35785000.0,-10165000.0,1134715000.0,19362000.0,0.0,689017000.0,94989000.0,30320000.0,2013,10165000.0,-94989000.0,2013-12-31,2014-03-28
11070,WLM PART. E COMÉRCIO DE MÁQUINAS E VEÍCULOS S.A.,13518000.0,-8577000.0,864876000.0,12207000.0,0.0,579580000.0,85597000.0,9789000.0,2014,8577000.0,-85597000.0,2014-12-31,2015-03-27
11070,WLM PART. E COMÉRCIO DE MÁQUINAS E VEÍCULOS S.A.,-4895000.0,-2601000.0,496844000.0,3943000.0,0.0,518925000.0,20723000.0,-7752000.0,2015,2601000.0,-20723000.0,2015-12-31,2016-03-29
11070,WLM PART. E COMÉRCIO DE MÁQUINAS E VEÍCULOS S.A.,-26262000.0,-2181000.0,421470000.0,-19012000.0,0.0,518539000.0,31019000.0,-14635000.0,2016,2181000.0,-31019000.0,2016-12-31,2017-03-27
11070,WLM PART. E COMÉRCIO DE MÁQUINAS E VEÍCULOS S.A.,-8132000.0,-3030000.0,489743000.0,-6702000.0,1809000.0,473834000.0,9388000.0,-639000.0,2017,3030000.0,-7579000.0,2017-12-31,2018-04-07
11070,WLM PART. E COMÉRCIO DE MÁQUINAS E VEÍCULOS S.A.,18666000.0,-2182000.0,752296000.0,16062000.0,8468000.0,506836000.0,19102000.0,-198000.0,2018,2182000.0,-10634000.0,2018-12-31,2019-03-28
11070,WLM PART. E COMÉRCIO DE MÁQUINAS E VEÍCULOS S.A.,56027000.0,-3095000.0,1083618000.0,49777000.0,10861000.0,515472000.0,12901000.0,21325000.0,2019,3095000.0,-2040000.0,2019-12-31,2020-03-27
11070,WLM PART. E COMÉRCIO DE MÁQUINAS E VEÍCULOS S.A.,77588000.0,-2630000.0,991223000.0,54427000.0,9111000.0,569367000.0,45565000.0,116465000.0,2020,2630000.0,-36454000.0,2020-12-31,2021-03-25
11070,WLM PART. E COMÉRCIO DE MÁQUINAS E VEÍCULOS S.A.,136133000.0,-1361000.0,1858776000.0,105725000.0,6082000.0,668104000.0,55905000.0,55443000.0,2021,1361000.0,-49823000.0,2021-12-31,2022-03-22
11070,WLM PART. E COMÉRCIO DE MÁQUINAS E VEÍCULOS S.A.,152986000.0,-3784000.0,1974513000.0,117274000.0,56265000.0,811565000.0,22775000.0,-144307000.0,2022,3784000.0,33490000.0,2022-12-31,2023-03-21
11070,WLM PART. E COMÉRCIO DE MÁQUINAS E VEÍCULOS S.A.,159932000.0,-21685000.0,2379737000.0,114587000.0,140481000.0,1008709000.0,42069000.0,24461000.0,2023,21685000.0,98412000.0,2023-12-31,2024-03-21
11070,WLM PART. E COMÉRCIO DE MÁQUINAS E VEÍCULOS S.A.,211114000.0,-54585000.0,3123742000.0,129380000.0,371311000.0,1311805000.0,38618000.0,21168000.0,2024,54585000.0,332693000.0,2024-12-31,2025-03-21
11070,WLM PART. E COMÉRCIO DE MÁQUINAS E VEÍCULOS S.A.,171891000.0,-71022000.0,3011892000.0,86892000.0,450531000.0,1583215000.0,122259000.0,280163000.0,2025,71022000.0,328272000.0,2025-12-31,2026-03-27
16705,YBYRÁ CAPITAL S.A.,-522360.0,-2440.0,0.0,-524800.0,0.0,6002.0,2829.0,-520002.0,2022,2440.0,-2829.0,2022-12-31,2023-03-31
16705,YBYRÁ CAPITAL S.A.,20310513.0,-19888.0,25604343.0,18249114.0,0.0,4738841410.0,942375.0,-1389954.0,2023,19888.0,-942375.0,2023-12-31,2024-07-09
16705,YBYRÁ CAPITAL S.A.,-49973.0,0.0,0.0,-49973.0,276181.0,4663342715.0,137178.0,136291.0,2024,0.0,139003.0,2024-12-31,2025-04-01
16705,YBYRÁ CAPITAL S.A.,-289485.0,1.0,0.0,-289467.0,0.0,200675.0,675.0,-289469.0,2025,1.0,-675.0,2025-12-31,2026-04-16
21016,YDUQS PARTICIPACOES S.A.,248545000.0,-53579000.0,1731010000.0,244707000.0,274906000.0,2138651000.0,7132000.0,138139000.0,2013,53579000.0,267774000.0,2013-12-31,2014-03-25
21016,YDUQS PARTICIPACOES S.A.,424643000.0,-100965000.0,2404464000.0,425645000.0,589173000.0,3514186000.0,48011000.0,487683000.0,2014,100965000.0,541162000.0,2014-12-31,2015-03-19
21016,YDUQS PARTICIPACOES S.A.,515895000.0,-247787000.0,2939422000.0,484674000.0,1049648000.0,4360083000.0,48410000.0,78267000.0,2015,247787000.0,1001238000.0,2015-12-31,2016-03-10
21016,YDUQS PARTICIPACOES S.A.,459091000.0,-261436000.0,3184505000.0,368102000.0,1022533000.0,4141152000.0,58340000.0,836741000.0,2016,261436000.0,964193000.0,2016-12-31,2017-03-16
21016,YDUQS PARTICIPACOES S.A.,543511000.0,-229312000.0,3378979000.0,424590000.0,567321000.0,4021095000.0,13996000.0,699990000.0,2017,229312000.0,553325000.0,2017-12-31,2018-03-15
21016,YDUQS PARTICIPACOES S.A.,772007000.0,-211156000.0,3619377000.0,644873000.0,817215000.0,4102463000.0,13686000.0,1056685000.0,2018,211156000.0,803529000.0,2018-12-31,2019-03-14
21016,YDUQS PARTICIPACOES S.A.,900018000.0,-341231000.0,3565036000.0,646140000.0,1651652000.0,5512492000.0,12251000.0,812668000.0,2019,341231000.0,1639401000.0,2019-12-31,2020-03-23
21016,YDUQS PARTICIPACOES S.A.,356379000.0,-597403000.0,3853737000.0,98181000.0,4855074000.0,9265266000.0,28407000.0,1137210000.0,2020,597403000.0,4826667000.0,2020-12-31,2021-03-17
21016,YDUQS PARTICIPACOES S.A.,546592000.0,-683216000.0,4391378000.0,158171000.0,5507075000.0,9897795000.0,905461000.0,707469000.0,2021,683216000.0,4601614000.0,2021-12-31,2022-03-15
21016,YDUQS PARTICIPACOES S.A.,617413000.0,-916130000.0,4564940000.0,-55444000.0,5040497000.0,9049207000.0,401050000.0,716865000.0,2022,916130000.0,4639447000.0,2022-12-31,2023-03-15
21016,YDUQS PARTICIPACOES S.A.,804567000.0,-1002904000.0,5147562000.0,154651000.0,5143079000.0,9287596000.0,501971000.0,910651000.0,2023,1002904000.0,4641108000.0,2023-12-31,2024-03-14
21016,YDUQS PARTICIPACOES S.A.,917500000.0,-914306000.0,5351785000.0,341208000.0,5605972000.0,9938424000.0,677472000.0,1218469000.0,2024,914306000.0,4928500000.0,2024-12-31,2025-04-24
21016,YDUQS PARTICIPACOES S.A.,887347000.0,-1139483000.0,5521740000.0,180177000.0,5726171000.0,9919168000.0,982314000.0,1372642000.0,2025,1139483000.0,4743857000.0,2025-12-31,2026-03-11
23604,YOU INC INCORPORADORA E PARTICIPAÇÃO S.A,69156.0,-24733.0,314870.0,40873.0,117226.0,653886.0,29133.0,-7013.0,2014,24733.0,88093.0,2014-12-31,2015-06-03
23604,YOU INC INCORPORADORA E PARTICIPAÇÃO S.A,72755000.0,-14983000.0,352369000.0,57208000.0,249050000.0,749663000.0,13958000.0,-69678000.0,2015,14983000.0,235092000.0,2015-12-31,2016-03-31
23604,YOU INC INCORPORADORA E PARTICIPAÇÃO S.A,-13946.0,-24639.0,310794.0,-35791.0,229609.0,725894.0,43482.0,18996.0,2016,24639.0,186127.0,2016-12-31,2017-03-31
23604,YOU INC INCORPORADORA E PARTICIPAÇÃO S.A,7226.0,-24188.0,312130.0,-16145.0,235760.0,680112.0,48221.0,43706.0,2017,24188.0,187539.0,2017-12-31,2018-03-29
23604,YOU INC INCORPORADORA E PARTICIPAÇÃO S.A,47780.0,-16040.0,361669.0,30839.0,313175.0,805724.0,62073.0,-4515.0,2018,16040.0,251102.0,2018-12-31,2019-03-29
23604,YOU INC INCORPORADORA E PARTICIPAÇÃO S.A,53245000.0,-19277000.0,552485000.0,30579000.0,272238000.0,880526000.0,156327000.0,168220000.0,2019,19277000.0,115911000.0,2019-12-31,2020-07-13
23604,YOU INC INCORPORADORA E PARTICIPAÇÃO S.A,153700000.0,-17738000.0,635790000.0,137465000.0,304708000.0,1129354000.0,122044000.0,28614000.0,2020,17738000.0,182664000.0,2020-12-31,2021-03-15
23604,YOU INC INCORPORADORA E PARTICIPAÇÃO S.A,128269000.0,-18516000.0,701792000.0,106789000.0,542440000.0,1433837000.0,128310000.0,-73567000.0,2021,18516000.0,414130000.0,2021-12-31,2022-03-16
23604,YOU INC INCORPORADORA E PARTICIPAÇÕES S.A,127025000.0,-33121000.0,880076000.0,94990000.0,808529000.0,1649694000.0,117408000.0,-189399000.0,2022,33121000.0,691121000.0,2022-12-31,2023-03-17
23604,YOU INC INCORPORADORA E PARTICIPAÇÕES S.A,81462000.0,-47487000.0,1023946000.0,31101000.0,995728000.0,1902180000.0,111554000.0,-178749000.0,2023,47487000.0,884174000.0,2023-12-31,2024-03-26
23604,YOU INC INCORPORADORA E PARTICIPAÇÕES S.A,62742000.0,-58493000.0,1139569000.0,-4301000.0,989977000.0,2050612000.0,147426000.0,17291000.0,2024,58493000.0,842551000.0,2024-12-31,2025-04-08
23604,YOU INC INCORPORADORA E PARTICIPAÇÕES S.A,-260013000.0,-68628000.0,629856000.0,-329534000.0,676578000.0,1148510000.0,85180000.0,27791000.0,2025,68628000.0,591398000.0,2025-12-31,2026-03-31
25976,YUNY INCORPORADORA HOLDING S.A.,13229000.0,-6186000.0,99789000.0,7337000.0,131754000.0,459542000.0,28332000.0,-13164000.0,2020,6186000.0,103422000.0,2020-12-31,2021-05-13
25976,YUNY INCORPORADORA HOLDING S.A.,-9162000.0,-9561000.0,106448000.0,-11862000.0,76828000.0,374150000.0,34514000.0,50095000.0,2021,9561000.0,42314000.0,2021-12-31,2022-03-31
25976,YUNY INCORPORADORA HOLDING S.A.,-8005000.0,-20250000.0,128890000.0,-26622000.0,148562000.0,467923000.0,24734000.0,-57582000.0,2022,20250000.0,123828000.0,2022-12-31,2023-03-31
25976,YUNY INCORPORADORA HOLDING S.A.,30112000.0,-24029000.0,189898000.0,5198000.0,154289000.0,504246000.0,12848000.0,-41860000.0,2023,24029000.0,141441000.0,2023-12-31,2024-03-28
25976,YUNY INCORPORADORA HOLDING S.A.,-16471000.0,-17536000.0,247624000.0,-27185000.0,180669000.0,599457000.0,24918000.0,-105550000.0,2024,17536000.0,155751000.0,2024-12-31,2025-04-01
24317,ZAMP SA,14820.0,-142073.0,1393284.0,-93456.0,607973.0,1428462.0,256920.0,28526.0,2016,142073.0,351053.0,2016-12-31,2017-12-18
24317,ZAMP SA,65308000.0,-84689000.0,1783838000.0,3819000.0,485707000.0,2415555000.0,102345000.0,166527000.0,2017,84689000.0,383362000.0,2017-12-31,2018-03-13
24317,ZAMP SA,126820000.0,-44608000.0,2348333000.0,128036000.0,279113000.0,2525632000.0,174963000.0,304671000.0,2018,44608000.0,104150000.0,2018-12-31,2019-03-06
24317,ZAMP SA,124430000.0,-93281000.0,2867990000.0,48543000.0,519870000.0,3528060000.0,325277000.0,370712000.0,2019,93281000.0,194593000.0,2019-12-31,2020-02-19
24317,ZAMP SA,-387165000.0,-114675000.0,2238127000.0,-445607000.0,830776000.0,3932755000.0,219670000.0,-172293000.0,2020,114675000.0,611106000.0,2020-12-31,2021-02-25
24317,ZAMP SA,-172636000.0,-141561000.0,2753287000.0,-273841000.0,790270000.0,3813408000.0,111590000.0,118574000.0,2021,141561000.0,678680000.0,2021-12-31,2022-02-24
24317,ZAMP SA,96744000.0,-209957000.0,3644674000.0,-55786000.0,1013559000.0,4130953000.0,45453000.0,458939000.0,2022,209957000.0,968106000.0,2022-12-31,2023-03-02
24317,ZAMP SA,99257000.0,-234982000.0,3841961000.0,-97826000.0,1116814000.0,4117466000.0,81279000.0,356908000.0,2023,234982000.0,1035535000.0,2023-12-31,2024-03-07
24317,ZAMP SA,-35632000.0,-254518000.0,4556360000.0,-191319000.0,1298677000.0,4677970000.0,48259000.0,312797000.0,2024,254518000.0,1250418000.0,2024-12-31,2025-03-20
24317,ZAMP SA,187462000.0,-365024000.0,5231945000.0,-107137000.0,1257455000.0,4709699000.0,208256000.0,450085000.0,2025,365024000.0,1049199000.0,2025-12-31,2026-03-06
13412,ÉVORA SA,163086000.0,-140467000.0,1627307000.0,95133000.0,1031973000.0,2218987000.0,59087000.0,288496000.0,2013,140467000.0,972886000.0,2013-12-31,2014-02-25
13412,ÉVORA SA,198913000.0,-230651000.0,1906037000.0,19541000.0,1374281000.0,2666496000.0,389588000.0,299118000.0,2014,230651000.0,984693000.0,2014-12-31,2015-02-24
13412,ÉVORA SA,330840000.0,-431082000.0,2441994000.0,10583000.0,2269606000.0,4030772000.0,796200000.0,557173000.0,2015,431082000.0,1473406000.0,2015-12-31,2016-03-16
20168,ÓLEO E GÁS PARTICIPAÇÕES S.A.,-15520666000.0,-2560479000.0,869953000.0,-17430479000.0,9525616000.0,5389639000.0,26366000.0,-495972000.0,2013,2560479000.0,9499250000.0,2013-12-31,2014-04-01
20168,ÓLEO E GÁS PARTICIPAÇÕES S.A.,-5548000.0,-19814000.0,0.0,9868021000.0,0.0,128302000.0,195000.0,-3815679000.0,2014,19814000.0,-195000.0,2014-12-31,2015-03-23
